2020-01-02 00:00:00.000,LÃNEA,MOLINOS 1,JEANS,SKINY,8X29,1
2020-01-02 00:00:00.000,LÃNEA,MOLINOS 1,JEANS,SKINY,8X29,1
2020-01-02 00:00:00.000,LÃNEA,MOLINOS 1,JEANS,SKINY,9X29,1
2020-01-02 00:00:00.000,LÃNEA,MOLINOS 1,JEANS,STRAIGHT,29X29,1
2020-01-02 00:00:00.000,LÃNEA,MOLINOS 1,CAMISETAS,CAMISETA MANGA LARGA,S,1
2020-01-02 00:00:00.000,LÃNEA,MOLINOS 1,CAMISETAS,CAMISETA_MANGA_CORTA,L,1
2020-01-02 00:00:00.000,LÃNEA,MOLINOS 1,CAMISETAS,CAMISETA_MANGA_CORTA,L,1
2020-01-02 00:00:00.000,LÃNEA,MOLINOS 1,CAMISETAS,CAMISETA_MANGA_CORTA,L,1
2020-01-02 00:00:00.000,LÃNEA,MOLINOS 1,CAMISETAS,CAMISETA_MANGA_CORTA,L,2
2020-01-02 00:00:00.000,LÃNEA,MOLINOS 1,CAMISETAS,CAMISETA_MANGA_CORTA,M,1
2020-01-02 00:00:00.000,LÃNEA,MOLINOS 1,CAMISETAS,CAMISETA_MANGA_CORTA,XL,1
2020-01-02 00:00:00.000,LÃNEA,MOLINOS 1,CAMISETAS,CAMISETA_MANGA_CORTA,XL,1
2020-01-02 00:00:00.000,LÃNEA,MOLINOS 1,BLUSAS,BUSO_M,XS,1
2020-01-02 00:00:00.000,LÃNEA,MOLINOS 1,BLUSAS,MANGA_CORTA_M,M,1
2020-01-02 00:00:00.000,LÃNEA,MOLINOS 1,BLUSAS,MANGA_CORTA_M,S,1
2020-01-02 00:00:00.000,LÃNEA,MOLINOS 1,BLUSAS,MANGA_CORTA_M,S,1
2020-01-02 00:00:00.000,LÃNEA,MOLINOS 1,BLUSAS,MANGA_CORTA_M,XL,1
2020-01-02 00:00:00.000,LÃNEA,MOLINOS 1,BLUSAS,MANGA_CORTA_M,XS,1
2020-01-02 00:00:00.000,LÃNEA,MOLINOS 1,BLUSAS,MANGA_LARGA_M,L,1
2020-01-02 00:00:00.000,LÃNEA,MOLINOS 1,BLUSAS,MANGA_LARGA_M,L,2
2020-01-02 00:00:00.000,LÃNEA,MOLINOS 1,BLUSAS,MANGA_LARGA_M,M,1
2020-01-02 00:00:00.000,LÃNEA,MOLINOS 1,BLUSAS,MANGA_LARGA_M,M,1
2020-01-02 00:00:00.000,LÃNEA,MOLINOS 1,BLUSAS,MANGA_LARGA_M,M,2
2020-01-02 00:00:00.000,LÃNEA,MOLINOS 1,BLUSAS,MANGA_LARGA_M,M,2
2020-01-02 00:00:00.000,LÃNEA,MOLINOS 1,BLUSAS,MANGA_LARGA_M,M,2
2020-01-02 00:00:00.000,LÃNEA,MOLINOS 1,BLUSAS,MANGA_LARGA_M,S,1
2020-01-02 00:00:00.000,LÃNEA,MOLINOS 1,BLUSAS,MANGA_LARGA_M,S,1
2020-01-02 00:00:00.000,LÃNEA,MOLINOS 1,BLUSAS,MANGA_LARGA_M,S,1
2020-01-02 00:00:00.000,LÃNEA,MOLINOS 1,BLUSAS,MANGA_LARGA_M,S,3
2020-01-02 00:00:00.000,LÃNEA,MOLINOS 1,BLUSAS,MANGA_LARGA_M,S,1
2020-01-02 00:00:00.000,LÃNEA,MOLINOS 1,BLUSAS,MANGA_LARGA_M,S,1
2020-01-02 00:00:00.000,LÃNEA,MOLINOS 1,BLUSAS,MANGA_LARGA_M,XL,1
2020-01-02 00:00:00.000,LÃNEA,MOLINOS 1,BLUSAS,MANGA_LARGA_M,XL,1
2020-01-02 00:00:00.000,LÃNEA,MOLINOS 1,BLUSAS,MANGA_LARGA_M,XL,1
2020-01-02 00:00:00.000,LÃNEA,MOLINOS 1,BLUSAS,MANGA_LARGA_M,XL,1
2020-01-02 00:00:00.000,LÃNEA,MOLINOS 1,BLUSAS,MANGA_LARGA_M,XS,1
2020-01-02 00:00:00.000,LÃNEA,MOLINOS 1,BLUSAS,MANGA_LARGA_M,XS,1
2020-01-02 00:00:00.000,LÃNEA,MOLINOS 1,BLUSAS,MANGA_LARGA_M,XS,1
2020-01-02 00:00:00.000,LÃNEA,MOLINOS 1,BLUSAS,MANGA_LARGA_M_B,L,1
2020-01-02 00:00:00.000,LÃNEA,MOLINOS 1,BLUSAS,MANGA_SISA,XS,1
2020-01-02 00:00:00.000,LÃNEA,MOLINOS 1,PANTALON COLOR,SKINY COLOR,27X29,1
2020-01-02 00:00:00.000,LÃNEA,MOLINOS 1,PANTALON COLOR,SKINY COLOR,27X29,1
2020-01-02 00:00:00.000,LÃNEA,MOLINOS 1,PANTALON COLOR,SKINY COLOR,29X29,1
2020-01-02 00:00:00.000,LÃNEA,MOLINOS 1,PANTALON COLOR,SKINY COLOR,29X32,1
2020-01-02 00:00:00.000,LÃNEA,MOLINOS 1,PANTALON COLOR,SKINY COLOR,30X29,1
2020-01-02 00:00:00.000,LÃNEA,MOLINOS 1,PANTALON COLOR,SKINY COLOR,30X32,1
2020-01-02 00:00:00.000,LÃNEA,MOLINOS 1,PANTALON COLOR,SKINY COLOR,32X29,1
2020-01-02 00:00:00.000,LÃNEA,MOLINOS 1,PANTALON COLOR,SKINY COLOR,32X29,1
2020-01-02 00:00:00.000,LÃNEA,MOLINOS 1,PANTALON COLOR,SKINY COLOR,32X29,2
2020-01-02 00:00:00.000,LÃNEA,MOLINOS 1,PANTALON COLOR,SKINY COLOR,32X32,1
2020-01-02 00:00:00.000,LÃNEA,MOLINOS 1,PANTALON COLOR,SKINY COLOR,34X29,1
2020-01-02 00:00:00.000,LÃNEA,MOLINOS 1,PANTALON COLOR,SKINY COLOR,34X29,1
2020-01-02 00:00:00.000,LÃNEA,MOLINOS 1,PANTALON COLOR,SKINY COLOR,34X29,1
2020-01-02 00:00:00.000,LÃNEA,MOLINOS 1,PANTALON COLOR,SKINY COLOR,36X32,1
2020-01-02 00:00:00.000,LÃNEA,MOLINOS 1,PANTALON COLOR,SKINY NEGRO ENCERADO,29X29,1
2020-01-02 00:00:00.000,LÃNEA,MOLINOS 1,PANTALON COLOR,SKINY NEGRO ENCERADO,34X29,1
2020-01-02 00:00:00.000,LÃNEA,MOLINOS 1,JEANS,REGULAR,30X32,1
2020-01-02 00:00:00.000,LÃNEA,MOLINOS 1,JEANS,REGULAR,30X32,1
2020-01-02 00:00:00.000,LÃNEA,MOLINOS 1,JEANS,REGULAR,31X32,1
2020-01-02 00:00:00.000,LÃNEA,MOLINOS 1,JEANS,REGULAR,31X32,1
2020-01-02 00:00:00.000,LÃNEA,MOLINOS 1,JEANS,REGULAR,38X32,1
2020-01-02 00:00:00.000,LÃNEA,MOLINOS 1,JEANS,SLIM,31X32,1
2020-01-02 00:00:00.000,LÃNEA,MOLINOS 1,JEANS,SLIM,31X32,2
2020-01-02 00:00:00.000,LÃNEA,MOLINOS 1,JEANS,SLIM,31X32,1
2020-01-02 00:00:00.000,LÃNEA,MOLINOS 1,JEANS,SLIM,32X32,2
2020-01-02 00:00:00.000,LÃNEA,MOLINOS 1,JEANS,SLIM,32X32,2
2020-01-02 00:00:00.000,LÃNEA,MOLINOS 1,JEANS,SLIM,32X32,1
2020-01-02 00:00:00.000,LÃNEA,MOLINOS 1,JEANS,SLIM,32X32,1
2020-01-02 00:00:00.000,LÃNEA,MOLINOS 1,JEANS,SLIM,32X32,1
2020-01-02 00:00:00.000,LÃNEA,MOLINOS 1,JEANS,SLIM,32X32,1
2020-01-02 00:00:00.000,LÃNEA,MOLINOS 1,JEANS,SLIM,32X32,1
2020-01-02 00:00:00.000,LÃNEA,MOLINOS 1,JEANS,SLIM,33X32,1
2020-01-02 00:00:00.000,LÃNEA,MOLINOS 1,JEANS,SLIM,33X32,1
2020-01-02 00:00:00.000,LÃNEA,MOLINOS 1,JEANS,SLIM,33X32,1
2020-01-02 00:00:00.000,LÃNEA,MOLINOS 1,JEANS,SLIM,33X32,1
2020-01-02 00:00:00.000,LÃNEA,MOLINOS 1,JEANS,SLIM,34X32,1
2020-01-02 00:00:00.000,LÃNEA,MOLINOS 1,JEANS,SLIM,34X32,1
2020-01-02 00:00:00.000,LÃNEA,MOLINOS 1,JEANS,SLIM,34X32,1
2020-01-02 00:00:00.000,LÃNEA,MOLINOS 1,JEANS,SLIM,34X32,1
2020-01-02 00:00:00.000,LÃNEA,MOLINOS 1,JEANS,SLIM,34X32,1
2020-01-02 00:00:00.000,LÃNEA,MOLINOS 1,JEANS,SLIM,34X32,1
2020-01-02 00:00:00.000,LÃNEA,MOLINOS 1,JEANS,SLIM,36X32,1
2020-01-02 00:00:00.000,LÃNEA,MOLINOS 1,JEANS,SLIM,36X32,1
2020-01-02 00:00:00.000,LÃNEA,MOLINOS 1,JEANS,SLIM,38X32,1
2020-01-02 00:00:00.000,LÃNEA,MOLINOS 1,JEANS,SLIM,38X32,1
2020-01-02 00:00:00.000,LÃNEA,MOLINOS 1,JEANS,SLIM NEGRO MATE,31X32,1
2020-01-02 00:00:00.000,LÃNEA,MOLINOS 1,JEANS,SLIM NEGRO MATE,32X32,3
2020-01-02 00:00:00.000,LÃNEA,MOLINOS 1,JEANS,SLIM VERDOSO,30X32,1
2020-01-02 00:00:00.000,LÃNEA,MOLINOS 1,JEANS,SLIM VERDOSO,31X32,2
2020-01-02 00:00:00.000,LÃNEA,MOLINOS 1,JEANS,SLIM VERDOSO,32X32,2
2020-01-02 00:00:00.000,LÃNEA,MOLINOS 1,JEANS,SLIM VERDOSO,34X32,1
2020-01-02 00:00:00.000,LÃNEA,MOLINOS 1,CAMISETAS,POLO,XXL,1
2020-01-02 00:00:00.000,LÃNEA,MOLINOS 1,CAMISETAS,T-SHIRT,L,1
2020-01-02 00:00:00.000,LÃNEA,MOLINOS 1,CAMISETAS,T-SHIRT,M,1
2020-01-02 00:00:00.000,LÃNEA,MOLINOS 1,CAMISETAS,T-SHIRT,M,1
2020-01-02 00:00:00.000,LÃNEA,MOLINOS 1,CAMISETAS,T-SHIRT,M,1
2020-01-02 00:00:00.000,LÃNEA,MOLINOS 1,CAMISETAS,T-SHIRT,XL,1
2020-01-02 00:00:00.000,LÃNEA,MOLINOS 1,CAMISETAS,T-SHIRT,XL,1
2020-01-02 00:00:00.000,LÃNEA,MOLINOS 1,CAMISETAS,T-SHIRT,XL,1
2020-01-02 00:00:00.000,LÃNEA,MOLINOS 1,CAMISETAS,T-SHIRT,XL,1
2020-01-02 00:00:00.000,LÃNEA,MOLINOS 1,BUSOS,BUSO_H,M,1
2020-01-02 00:00:00.000,LÃNEA,MOLINOS 1,CAMISAS,MANGA_CORTA_H,L,1
2020-01-02 00:00:00.000,LÃNEA,MOLINOS 1,CAMISAS,MANGA_CORTA_H,L,1
2020-01-02 00:00:00.000,LÃNEA,MOLINOS 1,CAMISAS,MANGA_CORTA_H,L,1
2020-01-02 00:00:00.000,LÃNEA,MOLINOS 1,CAMISAS,MANGA_CORTA_H,M,1
2020-01-02 00:00:00.000,LÃNEA,MOLINOS 1,CAMISAS,MANGA_CORTA_H,M,1
2020-01-02 00:00:00.000,LÃNEA,MOLINOS 1,CAMISAS,MANGA_CORTA_H,XL,2
2020-01-02 00:00:00.000,LÃNEA,MOLINOS 1,CAMISAS,MANGA_CORTA_H_B,L,1
2020-01-02 00:00:00.000,LÃNEA,MOLINOS 1,CAMISAS,MANGA_LARGA_H,L,1
2020-01-02 00:00:00.000,LÃNEA,MOLINOS 1,CAMISAS,MANGA_LARGA_H,L,1
2020-01-02 00:00:00.000,LÃNEA,MOLINOS 1,CAMISAS,MANGA_LARGA_H,M,1
2020-01-02 00:00:00.000,LÃNEA,MOLINOS 1,CAMISAS,MANGA_LARGA_H,M,1
2020-01-02 00:00:00.000,LÃNEA,MOLINOS 1,CAMISAS,MANGA_LARGA_H,M,1
2020-01-02 00:00:00.000,LÃNEA,MOLINOS 1,CAMISAS,MANGA_LARGA_H,M,1
2020-01-02 00:00:00.000,LÃNEA,MOLINOS 1,CAMISAS,MANGA_LARGA_H,M,2
2020-01-02 00:00:00.000,LÃNEA,MOLINOS 1,CAMISAS,MANGA_LARGA_H,XXL,1
2020-01-02 00:00:00.000,LÃNEA,MOLINOS 1,CAMISAS,MANGA_LARGA_H_B,L,1
2020-01-02 00:00:00.000,LÃNEA,MOLINOS 1,CAMISAS,MANGA_LARGA_H_B,L,1
2020-01-02 00:00:00.000,LÃNEA,MOLINOS 1,CAMISAS,MANGA_LARGA_H_B,M,1
2020-01-02 00:00:00.000,LÃNEA,MOLINOS 1,CAMISAS,MANGA_LARGA_H_B,XL,1
2020-01-02 00:00:00.000,LÃNEA,MOLINOS 1,POLOS,POLO,M,3
2020-01-02 00:00:00.000,LÃNEA,MOLINOS 1,POLOS,POLO,XL,1
2020-01-02 00:00:00.000,LÃNEA,MOLINOS 1,POLOS,POLO,XXL,1
2020-01-02 00:00:00.000,LÃNEA,MOLINOS 1,POLOS,POLO_B,M,1
2020-01-02 00:00:00.000,LÃNEA,MOLINOS 1,POLOS,POLO_B,XXL,1
2020-01-02 00:00:00.000,LÃNEA,MOLINOS 1,POLOS,POLO_B,XXL,1
2020-01-02 00:00:00.000,LÃNEA,MOLINOS 1,PANTALON COLOR,SLIM COLOR,31X32,1
2020-01-02 00:00:00.000,LÃNEA,MOLINOS 1,PANTALON COLOR,SLIM COLOR,31X32,2
2020-01-02 00:00:00.000,LÃNEA,MOLINOS 1,PANTALON COLOR,SLIM COLOR,32X32,1
2020-01-02 00:00:00.000,LÃNEA,MOLINOS 1,PANTALON COLOR,SLIM COLOR,32X32,1
2020-01-02 00:00:00.000,LÃNEA,MOLINOS 1,PANTALON COLOR,SLIM COLOR,32X32,1
2020-01-02 00:00:00.000,LÃNEA,MOLINOS 1,PANTALON COLOR,SLIM COLOR,32X32,1
2020-01-02 00:00:00.000,LÃNEA,MOLINOS 1,PANTALON COLOR,SLIM COLOR,32X32,1
2020-01-02 00:00:00.000,LÃNEA,MOLINOS 1,PANTALON COLOR,SLIM COLOR,32X32,1
2020-01-02 00:00:00.000,LÃNEA,MOLINOS 1,PANTALON COLOR,SLIM COLOR,33X32,1
2020-01-02 00:00:00.000,LÃNEA,MOLINOS 1,PANTALON COLOR,SLIM COLOR,33X32,1
2020-01-02 00:00:00.000,LÃNEA,MOLINOS 1,PANTALON COLOR,SLIM COLOR,34X32,1
2020-01-02 00:00:00.000,LÃNEA,MOLINOS 1,PANTALON COLOR,SLIM COLOR,34X32,1
2020-01-02 00:00:00.000,LÃNEA,MOLINOS 1,PANTALON COLOR,SLIM COLOR,34X32,2
2020-01-02 00:00:00.000,LÃNEA,MOLINOS 1,PANTALON COLOR,SLIM COLOR,34X32,1
2020-01-02 00:00:00.000,LÃNEA,MOLINOS 1,PANTALON COLOR,SLIM COLOR,34X32,1
2020-01-02 00:00:00.000,LÃNEA,MOLINOS 1,PANTALON COLOR,SLIM COLOR,34X32,2
2020-01-02 00:00:00.000,LÃNEA,MOLINOS 1,PANTALON COLOR,SLIM COLOR,34X32,2
2020-01-02 00:00:00.000,LÃNEA,MOLINOS 1,PANTALON COLOR,SLIM COLOR,36X32,2
2020-01-02 00:00:00.000,LÃNEA,MOLINOS 1,PANTALON COLOR,SLIM COLOR,36X32,2
2020-01-02 00:00:00.000,LÃNEA,MOLINOS 1,PANTALON COLOR,SLIM COLOR,36X32,2
2020-01-02 00:00:00.000,LÃNEA,MOLINOS 1,PANTALON COLOR,SLIM COLOR,36X32,2
2020-01-02 00:00:00.000,LÃNEA,MOLINOS 1,PANTALON COLOR,SLIM COLOR,36X32,1
2020-01-02 00:00:00.000,LÃNEA,MOLINOS 1,PANTALON COLOR,SLIM COLOR,38X32,1
2020-01-02 00:00:00.000,LÃNEA,PREMIUM PLAZA,JEANS,JEGGIN,10X29,1
2020-01-02 00:00:00.000,LÃNEA,PREMIUM PLAZA,JEANS,JEGGIN,10X29,1
2020-01-02 00:00:00.000,LÃNEA,PREMIUM PLAZA,JEANS,JEGGIN,10X29,1
2020-01-02 00:00:00.000,LÃNEA,PREMIUM PLAZA,JEANS,JEGGIN,10X29,2
2020-01-02 00:00:00.000,LÃNEA,PREMIUM PLAZA,JEANS,JEGGIN,12X29,1
2020-01-02 00:00:00.000,LÃNEA,PREMIUM PLAZA,JEANS,JEGGIN,12X29,1
2020-01-02 00:00:00.000,LÃNEA,PREMIUM PLAZA,JEANS,JEGGIN,12X29,1
2020-01-02 00:00:00.000,LÃNEA,PREMIUM PLAZA,JEANS,JEGGIN,14X29,1
2020-01-02 00:00:00.000,LÃNEA,PREMIUM PLAZA,JEANS,JEGGIN,6X29,1
2020-01-02 00:00:00.000,LÃNEA,PREMIUM PLAZA,JEANS,JEGGIN,7X29,1
2020-01-02 00:00:00.000,LÃNEA,PREMIUM PLAZA,JEANS,JEGGIN,8X29,1
2020-01-02 00:00:00.000,LÃNEA,PREMIUM PLAZA,JEANS,SKINY,10X29,1
2020-01-02 00:00:00.000,LÃNEA,PREMIUM PLAZA,JEANS,SKINY,12X29,1
2020-01-02 00:00:00.000,LÃNEA,PREMIUM PLAZA,JEANS,SKINY,29X29,1
2020-01-02 00:00:00.000,LÃNEA,PREMIUM PLAZA,JEANS,SKINY,29X29,1
2020-01-02 00:00:00.000,LÃNEA,PREMIUM PLAZA,JEANS,SKINY,32X29,1
2020-01-02 00:00:00.000,LÃNEA,PREMIUM PLAZA,JEANS,SKINY,6X29,1
2020-01-02 00:00:00.000,LÃNEA,PREMIUM PLAZA,JEANS,SKINY,8X29,2
2020-01-02 00:00:00.000,LÃNEA,PREMIUM PLAZA,JEANS,SKINY,8X29,1
2020-01-02 00:00:00.000,LÃNEA,PREMIUM PLAZA,CAMISETAS,CAMISETA MANGA LARGA,S,1
2020-01-02 00:00:00.000,LÃNEA,PREMIUM PLAZA,CAMISETAS,CAMISETA MANGA LARGA,XS,1
2020-01-02 00:00:00.000,LÃNEA,PREMIUM PLAZA,CAMISETAS,CAMISETA_MANGA_CORTA,S,1
2020-01-02 00:00:00.000,LÃNEA,PREMIUM PLAZA,CAMISETAS,CAMISETA_MANGA_CORTA,S,1
2020-01-02 00:00:00.000,LÃNEA,PREMIUM PLAZA,CAMISETAS,CAMISETA_MANGA_CORTA,XS,1
2020-01-02 00:00:00.000,LÃNEA,PREMIUM PLAZA,BLUSAS,MANGA_CORTA_M,M,1
2020-01-02 00:00:00.000,LÃNEA,PREMIUM PLAZA,BLUSAS,MANGA_CORTA_M,M,1
2020-01-02 00:00:00.000,LÃNEA,PREMIUM PLAZA,BLUSAS,MANGA_CORTA_M,M,1
2020-01-02 00:00:00.000,LÃNEA,PREMIUM PLAZA,BLUSAS,MANGA_LARGA_M,L,1
2020-01-02 00:00:00.000,LÃNEA,PREMIUM PLAZA,BLUSAS,MANGA_LARGA_M,L,1
2020-01-02 00:00:00.000,LÃNEA,PREMIUM PLAZA,BLUSAS,MANGA_LARGA_M,M,1
2020-01-02 00:00:00.000,LÃNEA,PREMIUM PLAZA,BLUSAS,MANGA_LARGA_M,M,1
2020-01-02 00:00:00.000,LÃNEA,PREMIUM PLAZA,BLUSAS,MANGA_LARGA_M,S,1
2020-01-02 00:00:00.000,LÃNEA,PREMIUM PLAZA,BLUSAS,MANGA_LARGA_M,S,1
2020-01-02 00:00:00.000,LÃNEA,PREMIUM PLAZA,BLUSAS,MANGA_LARGA_M,XS,1
2020-01-02 00:00:00.000,LÃNEA,PREMIUM PLAZA,BLUSAS,MANGA_LARGA_M,XS,1
2020-01-02 00:00:00.000,LÃNEA,PREMIUM PLAZA,BLUSAS,MANGA_LARGA_M_B,L,1
2020-01-02 00:00:00.000,LÃNEA,PREMIUM PLAZA,BLUSAS,MANGA_LARGA_M_B,M,1
2020-01-02 00:00:00.000,LÃNEA,PREMIUM PLAZA,BLUSAS,MANGA_SISA,S,1
2020-01-02 00:00:00.000,LÃNEA,PREMIUM PLAZA,PANTALON COLOR,SKINY COLOR,27X29,1
2020-01-02 00:00:00.000,LÃNEA,PREMIUM PLAZA,PANTALON COLOR,SKINY COLOR,27X29,1
2020-01-02 00:00:00.000,LÃNEA,PREMIUM PLAZA,PANTALON COLOR,SKINY COLOR,29X29,1
2020-01-02 00:00:00.000,LÃNEA,PREMIUM PLAZA,PANTALON COLOR,SKINY COLOR,30X29,1
2020-01-02 00:00:00.000,LÃNEA,PREMIUM PLAZA,PANTALON COLOR,SKINY COLOR,32X29,1
2020-01-02 00:00:00.000,LÃNEA,PREMIUM PLAZA,PANTALON COLOR,SKINY COLOR,32X32,1
2020-01-02 00:00:00.000,LÃNEA,PREMIUM PLAZA,PANTALON COLOR,SKINY NEGRO ENCERADO,27X29,1
2020-01-02 00:00:00.000,LÃNEA,PREMIUM PLAZA,JEANS,SLIM,30X32,1
2020-01-02 00:00:00.000,LÃNEA,PREMIUM PLAZA,JEANS,SLIM,30X32,1
2020-01-02 00:00:00.000,LÃNEA,PREMIUM PLAZA,JEANS,SLIM,30X32,1
2020-01-02 00:00:00.000,LÃNEA,PREMIUM PLAZA,JEANS,SLIM,31X32,1
2020-01-02 00:00:00.000,LÃNEA,PREMIUM PLAZA,JEANS,SLIM,31X32,1
2020-01-02 00:00:00.000,LÃNEA,PREMIUM PLAZA,JEANS,SLIM,31X32,1
2020-01-02 00:00:00.000,LÃNEA,PREMIUM PLAZA,JEANS,SLIM,32X32,1
2020-01-02 00:00:00.000,LÃNEA,PREMIUM PLAZA,JEANS,SLIM,33X32,1
2020-01-02 00:00:00.000,LÃNEA,PREMIUM PLAZA,JEANS,SLIM,33X32,1
2020-01-02 00:00:00.000,LÃNEA,PREMIUM PLAZA,JEANS,SLIM,33X32,1
2020-01-02 00:00:00.000,LÃNEA,PREMIUM PLAZA,JEANS,SLIM,36X32,1
2020-01-02 00:00:00.000,LÃNEA,PREMIUM PLAZA,JEANS,SLIM,36X32,1
2020-01-02 00:00:00.000,LÃNEA,PREMIUM PLAZA,JEANS,SLIM,38X32,1
2020-01-02 00:00:00.000,LÃNEA,PREMIUM PLAZA,JEANS,SLIM NEGRO MATE,30X32,2
2020-01-02 00:00:00.000,LÃNEA,PREMIUM PLAZA,JEANS,SLIM NEGRO MATE,32X32,2
2020-01-02 00:00:00.000,LÃNEA,PREMIUM PLAZA,JEANS,SLIM VERDOSO,32X32,1
2020-01-02 00:00:00.000,LÃNEA,PREMIUM PLAZA,CAMIBUSOS,CAMIBUSO,L,1
2020-01-02 00:00:00.000,LÃNEA,PREMIUM PLAZA,CAMIBUSOS,CAMIBUSO,L,1
2020-01-02 00:00:00.000,LÃNEA,PREMIUM PLAZA,CAMIBUSOS,CAMIBUSO,L,1
2020-01-02 00:00:00.000,LÃNEA,PREMIUM PLAZA,CAMISETAS,T-SHIRT,L,1
2020-01-02 00:00:00.000,LÃNEA,PREMIUM PLAZA,CAMISAS,MANGA_CORTA_H_B,L,1
2020-01-02 00:00:00.000,LÃNEA,PREMIUM PLAZA,CAMISAS,MANGA_CORTA_H_B,XL,1
2020-01-02 00:00:00.000,LÃNEA,PREMIUM PLAZA,CAMISAS,MANGA_CORTA_H_B,XXL,1
2020-01-02 00:00:00.000,LÃNEA,PREMIUM PLAZA,CAMISAS,MANGA_LARGA_H,L,1
2020-01-02 00:00:00.000,LÃNEA,PREMIUM PLAZA,CAMISAS,MANGA_LARGA_H,L,1
2020-01-02 00:00:00.000,LÃNEA,PREMIUM PLAZA,CAMISAS,MANGA_LARGA_H,L,1
2020-01-02 00:00:00.000,LÃNEA,PREMIUM PLAZA,CAMISAS,MANGA_LARGA_H,M,1
2020-01-02 00:00:00.000,LÃNEA,PREMIUM PLAZA,CAMISAS,MANGA_LARGA_H,M,1
2020-01-02 00:00:00.000,LÃNEA,PREMIUM PLAZA,CAMISAS,MANGA_LARGA_H,M,1
2020-01-02 00:00:00.000,LÃNEA,PREMIUM PLAZA,CAMISAS,MANGA_LARGA_H,S,1
2020-01-02 00:00:00.000,LÃNEA,PREMIUM PLAZA,CAMISAS,MANGA_LARGA_H,XL,1
2020-01-02 00:00:00.000,LÃNEA,PREMIUM PLAZA,CAMISAS,MANGA_LARGA_H,XL,1
2020-01-02 00:00:00.000,LÃNEA,PREMIUM PLAZA,CAMISAS,MANGA_LARGA_H,XXL,1
2020-01-02 00:00:00.000,LÃNEA,PREMIUM PLAZA,CAMISAS,MANGA_LARGA_H,XXL,1
2020-01-02 00:00:00.000,LÃNEA,PREMIUM PLAZA,CAMISAS,MANGA_LARGA_H,XXL,1
2020-01-02 00:00:00.000,LÃNEA,PREMIUM PLAZA,CAMISAS,MANGA_LARGA_H_B,M,1
2020-01-02 00:00:00.000,LÃNEA,PREMIUM PLAZA,CAMISAS,MANGA_LARGA_H_B,XL,1
2020-01-02 00:00:00.000,LÃNEA,PREMIUM PLAZA,POLOS,POLO,M,1
2020-01-02 00:00:00.000,LÃNEA,PREMIUM PLAZA,POLOS,POLO,M,1
2020-01-02 00:00:00.000,LÃNEA,PREMIUM PLAZA,POLOS,POLO,S,1
2020-01-02 00:00:00.000,LÃNEA,PREMIUM PLAZA,POLOS,POLO_B,M,1
2020-01-02 00:00:00.000,LÃNEA,PREMIUM PLAZA,PANTALON COLOR,SLIM COLOR,30X32,1
2020-01-02 00:00:00.000,LÃNEA,PREMIUM PLAZA,PANTALON COLOR,SLIM COLOR,31X32,1
2020-01-02 00:00:00.000,LÃNEA,PREMIUM PLAZA,PANTALON COLOR,SLIM COLOR,32X32,1
2020-01-02 00:00:00.000,LÃNEA,PREMIUM PLAZA,PANTALON COLOR,SLIM COLOR,32X32,1
2020-01-02 00:00:00.000,LÃNEA,PREMIUM PLAZA,PANTALON COLOR,SLIM COLOR,32X32,1
2020-01-02 00:00:00.000,LÃNEA,PREMIUM PLAZA,PANTALON COLOR,SLIM COLOR,33X32,1
2020-01-02 00:00:00.000,LÃNEA,PREMIUM PLAZA,PANTALON COLOR,SLIM COLOR,33X32,1
2020-01-02 00:00:00.000,LÃNEA,PREMIUM PLAZA,PANTALON COLOR,SLIM COLOR,33X32,1
2020-01-02 00:00:00.000,LÃNEA,PREMIUM PLAZA,PANTALON COLOR,SLIM COLOR,33X32,1
2020-01-02 00:00:00.000,LÃNEA,PREMIUM PLAZA,PANTALON COLOR,SLIM COLOR,36X32,1
2020-01-02 00:00:00.000,LÃNEA,PREMIUM PLAZA,PANTALON COLOR,SLIM COLOR,36X32,1
2020-01-02 00:00:00.000,LÃNEA,PREMIUM PLAZA,PANTALON COLOR,SLIM COLOR,36X32,1
2020-01-02 00:00:00.000,LÃNEA,PREMIUM PLAZA,PANTALON COLOR,SLIM COLOR,38X32,1
2020-01-02 00:00:00.000,LÃNEA,PUERTA DEL NTE,JEANS,JEGGIN,10X29,2
2020-01-02 00:00:00.000,LÃNEA,PUERTA DEL NTE,JEANS,JEGGIN,10X29,1
2020-01-02 00:00:00.000,LÃNEA,PUERTA DEL NTE,JEANS,JEGGIN,10X29,2
2020-01-02 00:00:00.000,LÃNEA,PUERTA DEL NTE,JEANS,JEGGIN,10X29,1
2020-01-02 00:00:00.000,LÃNEA,PUERTA DEL NTE,JEANS,JEGGIN,14X29,1
2020-01-02 00:00:00.000,LÃNEA,PUERTA DEL NTE,JEANS,JEGGIN,36X29,1
2020-01-02 00:00:00.000,LÃNEA,PUERTA DEL NTE,JEANS,JEGGIN,6X29,1
2020-01-02 00:00:00.000,LÃNEA,PUERTA DEL NTE,JEANS,JEGGIN,6X29,1
2020-01-02 00:00:00.000,LÃNEA,PUERTA DEL NTE,JEANS,JEGGIN,6X29,1
2020-01-02 00:00:00.000,LÃNEA,PUERTA DEL NTE,JEANS,JEGGIN,6X29,1
2020-01-02 00:00:00.000,LÃNEA,PUERTA DEL NTE,JEANS,JEGGIN,6X29,1
2020-01-02 00:00:00.000,LÃNEA,PUERTA DEL NTE,JEANS,JEGGIN,8X29,1
2020-01-02 00:00:00.000,LÃNEA,PUERTA DEL NTE,JEANS,JEGGIN,8X29,1
2020-01-02 00:00:00.000,LÃNEA,PUERTA DEL NTE,JEANS,JEGGIN,9X29,1
2020-01-02 00:00:00.000,LÃNEA,PUERTA DEL NTE,JEANS,SKINY,10X29,1
2020-01-02 00:00:00.000,LÃNEA,PUERTA DEL NTE,JEANS,SKINY,10X29,2
2020-01-02 00:00:00.000,LÃNEA,PUERTA DEL NTE,JEANS,SKINY,12X29,1
2020-01-02 00:00:00.000,LÃNEA,PUERTA DEL NTE,JEANS,SKINY,12X29,2
2020-01-02 00:00:00.000,LÃNEA,PUERTA DEL NTE,JEANS,SKINY,12X29,1
2020-01-02 00:00:00.000,LÃNEA,PUERTA DEL NTE,JEANS,SKINY,14X29,1
2020-01-02 00:00:00.000,LÃNEA,PUERTA DEL NTE,JEANS,SKINY,14X29,2
2020-01-02 00:00:00.000,LÃNEA,PUERTA DEL NTE,JEANS,SKINY,16X29,1
2020-01-02 00:00:00.000,LÃNEA,PUERTA DEL NTE,JEANS,SKINY,27X29,1
2020-01-02 00:00:00.000,LÃNEA,PUERTA DEL NTE,JEANS,SKINY,34X29,1
2020-01-02 00:00:00.000,LÃNEA,PUERTA DEL NTE,JEANS,SKINY,34X29,1
2020-01-02 00:00:00.000,LÃNEA,PUERTA DEL NTE,JEANS,SKINY,36X29,1
2020-01-02 00:00:00.000,LÃNEA,PUERTA DEL NTE,JEANS,SKINY,6X29,1
2020-01-02 00:00:00.000,LÃNEA,PUERTA DEL NTE,JEANS,SKINY,6X29,2
2020-01-02 00:00:00.000,LÃNEA,PUERTA DEL NTE,JEANS,SKINY,8X29,1
2020-01-02 00:00:00.000,LÃNEA,PUERTA DEL NTE,JEANS,SKINY,8X29,1
2020-01-02 00:00:00.000,LÃNEA,PUERTA DEL NTE,JEANS,SKINY,8X29,2
2020-01-02 00:00:00.000,LÃNEA,PUERTA DEL NTE,JEANS,SKINY,9X29,1
2020-01-02 00:00:00.000,LÃNEA,PUERTA DEL NTE,JEANS,STRAIGHT,29X32,1
2020-01-02 00:00:00.000,LÃNEA,PUERTA DEL NTE,JEANS,STRAIGHT,34X29,1
2020-01-02 00:00:00.000,LÃNEA,PUERTA DEL NTE,CAMISETAS,CAMISETA_MANGA_CORTA,L,1
2020-01-02 00:00:00.000,LÃNEA,PUERTA DEL NTE,CAMISETAS,CAMISETA_MANGA_CORTA,L,1
2020-01-02 00:00:00.000,LÃNEA,PUERTA DEL NTE,CAMISETAS,CAMISETA_MANGA_CORTA,L,1
2020-01-02 00:00:00.000,LÃNEA,PUERTA DEL NTE,CAMISETAS,CAMISETA_MANGA_CORTA,L,1
2020-01-02 00:00:00.000,LÃNEA,PUERTA DEL NTE,CAMISETAS,CAMISETA_MANGA_CORTA,L,2
2020-01-02 00:00:00.000,LÃNEA,PUERTA DEL NTE,CAMISETAS,CAMISETA_MANGA_CORTA,L,1
2020-01-02 00:00:00.000,LÃNEA,PUERTA DEL NTE,CAMISETAS,CAMISETA_MANGA_CORTA,L,1
2020-01-02 00:00:00.000,LÃNEA,PUERTA DEL NTE,CAMISETAS,CAMISETA_MANGA_CORTA,S,1
2020-01-02 00:00:00.000,LÃNEA,PUERTA DEL NTE,CAMISETAS,CAMISETA_MANGA_CORTA,S,1
2020-01-02 00:00:00.000,LÃNEA,PUERTA DEL NTE,CAMISETAS,CAMISETA_MANGA_CORTA,XS,1
2020-01-02 00:00:00.000,LÃNEA,PUERTA DEL NTE,BLUSAS,MANGA_LARGA_M,L,1
2020-01-02 00:00:00.000,LÃNEA,PUERTA DEL NTE,BLUSAS,MANGA_LARGA_M,L,1
2020-01-02 00:00:00.000,LÃNEA,PUERTA DEL NTE,BLUSAS,MANGA_LARGA_M,L,1
2020-01-02 00:00:00.000,LÃNEA,PUERTA DEL NTE,BLUSAS,MANGA_LARGA_M,M,1
2020-01-02 00:00:00.000,LÃNEA,PUERTA DEL NTE,BLUSAS,MANGA_LARGA_M,M,1
2020-01-02 00:00:00.000,LÃNEA,PUERTA DEL NTE,BLUSAS,MANGA_LARGA_M,S,1
2020-01-02 00:00:00.000,LÃNEA,PUERTA DEL NTE,BLUSAS,MANGA_LARGA_M,XL,1
2020-01-02 00:00:00.000,LÃNEA,PUERTA DEL NTE,BLUSAS,MANGA_LARGA_M,XL,1
2020-01-02 00:00:00.000,LÃNEA,PUERTA DEL NTE,BLUSAS,MANGA_LARGA_M,XL,1
2020-01-02 00:00:00.000,LÃNEA,PUERTA DEL NTE,BLUSAS,MANGA_LARGA_M,XL,1
2020-01-02 00:00:00.000,LÃNEA,PUERTA DEL NTE,BLUSAS,MANGA_LARGA_M,XL,1
2020-01-02 00:00:00.000,LÃNEA,PUERTA DEL NTE,BLUSAS,MANGA_LARGA_M,XL,1
2020-01-02 00:00:00.000,LÃNEA,PUERTA DEL NTE,BLUSAS,MANGA_LARGA_M,XS,1
2020-01-02 00:00:00.000,LÃNEA,PUERTA DEL NTE,BLUSAS,MANGA_LARGA_M_B,M,1
2020-01-02 00:00:00.000,LÃNEA,PUERTA DEL NTE,BUSOS,BUSO_M,L,1
2020-01-02 00:00:00.000,LÃNEA,PUERTA DEL NTE,BUSOS,BUSO_M,M,1
2020-01-02 00:00:00.000,LÃNEA,PUERTA DEL NTE,PANTALON COLOR,SKINY COLOR,26X29,1
2020-01-02 00:00:00.000,LÃNEA,PUERTA DEL NTE,PANTALON COLOR,SKINY COLOR,26X29,1
2020-01-02 00:00:00.000,LÃNEA,PUERTA DEL NTE,PANTALON COLOR,SKINY COLOR,28X32,1
2020-01-02 00:00:00.000,LÃNEA,PUERTA DEL NTE,PANTALON COLOR,SKINY COLOR,30X29,1
2020-01-02 00:00:00.000,LÃNEA,PUERTA DEL NTE,PANTALON COLOR,SKINY COLOR,30X29,2
2020-01-02 00:00:00.000,LÃNEA,PUERTA DEL NTE,PANTALON COLOR,SKINY COLOR,30X29,1
2020-01-02 00:00:00.000,LÃNEA,PUERTA DEL NTE,PANTALON COLOR,SKINY COLOR,30X29,1
2020-01-02 00:00:00.000,LÃNEA,PUERTA DEL NTE,PANTALON COLOR,SKINY COLOR,30X32,1
2020-01-02 00:00:00.000,LÃNEA,PUERTA DEL NTE,PANTALON COLOR,SKINY COLOR,30X32,1
2020-01-02 00:00:00.000,LÃNEA,PUERTA DEL NTE,PANTALON COLOR,SKINY COLOR,32X29,2
2020-01-02 00:00:00.000,LÃNEA,PUERTA DEL NTE,PANTALON COLOR,SKINY COLOR,32X29,3
2020-01-02 00:00:00.000,LÃNEA,PUERTA DEL NTE,PANTALON COLOR,SKINY COLOR,32X29,1
2020-01-02 00:00:00.000,LÃNEA,PUERTA DEL NTE,PANTALON COLOR,SKINY COLOR,34X29,1
2020-01-02 00:00:00.000,LÃNEA,PUERTA DEL NTE,PANTALON COLOR,SKINY COLOR,34X29,1
2020-01-02 00:00:00.000,LÃNEA,PUERTA DEL NTE,PANTALON COLOR,SKINY COLOR,34X29,1
2020-01-02 00:00:00.000,LÃNEA,PUERTA DEL NTE,PANTALON COLOR,SKINY COLOR,34X32,1
2020-01-02 00:00:00.000,LÃNEA,PUERTA DEL NTE,PANTALON COLOR,SKINY COLOR,36X29,1
2020-01-02 00:00:00.000,LÃNEA,PUERTA DEL NTE,PANTALON COLOR,SKINY NEGRO ENCERADO,27X29,2
2020-01-02 00:00:00.000,LÃNEA,PUERTA DEL NTE,PANTALON COLOR,SKINY NEGRO ENCERADO,29X29,1
2020-01-02 00:00:00.000,LÃNEA,PUERTA DEL NTE,JEANS,REGULAR,33X32,1
2020-01-02 00:00:00.000,LÃNEA,PUERTA DEL NTE,JEANS,REGULAR,34X32,1
2020-01-02 00:00:00.000,LÃNEA,PUERTA DEL NTE,JEANS,REGULAR,38X32,1
2020-01-02 00:00:00.000,LÃNEA,PUERTA DEL NTE,JEANS,SLIM,30X32,1
2020-01-02 00:00:00.000,LÃNEA,PUERTA DEL NTE,JEANS,SLIM,30X32,1
2020-01-02 00:00:00.000,LÃNEA,PUERTA DEL NTE,JEANS,SLIM,30X32,1
2020-01-02 00:00:00.000,LÃNEA,PUERTA DEL NTE,JEANS,SLIM,30X32,1
2020-01-02 00:00:00.000,LÃNEA,PUERTA DEL NTE,JEANS,SLIM,30X32,2
2020-01-02 00:00:00.000,LÃNEA,PUERTA DEL NTE,JEANS,SLIM,31X32,1
2020-01-02 00:00:00.000,LÃNEA,PUERTA DEL NTE,JEANS,SLIM,32X32,1
2020-01-02 00:00:00.000,LÃNEA,PUERTA DEL NTE,JEANS,SLIM,33X32,1
2020-01-02 00:00:00.000,LÃNEA,PUERTA DEL NTE,JEANS,SLIM,33X32,1
2020-01-02 00:00:00.000,LÃNEA,PUERTA DEL NTE,JEANS,SLIM,33X32,1
2020-01-02 00:00:00.000,LÃNEA,PUERTA DEL NTE,JEANS,SLIM,34X32,1
2020-01-02 00:00:00.000,LÃNEA,PUERTA DEL NTE,JEANS,SLIM,34X32,1
2020-01-02 00:00:00.000,LÃNEA,PUERTA DEL NTE,JEANS,SLIM NEGRO MATE,30X32,1
2020-01-02 00:00:00.000,LÃNEA,PUERTA DEL NTE,JEANS,SLIM VERDOSO,38X32,1
2020-01-02 00:00:00.000,LÃNEA,PUERTA DEL NTE,CAMIBUSOS,CAMIBUSO,S,1
2020-01-02 00:00:00.000,LÃNEA,PUERTA DEL NTE,CAMIBUSOS,CAMIBUSO,S,1
2020-01-02 00:00:00.000,LÃNEA,PUERTA DEL NTE,CAMIBUSOS,CAMIBUSO,S,1
2020-01-02 00:00:00.000,LÃNEA,PUERTA DEL NTE,CAMISETAS,T-SHIRT,L,1
2020-01-02 00:00:00.000,LÃNEA,PUERTA DEL NTE,CAMISETAS,T-SHIRT,L,1
2020-01-02 00:00:00.000,LÃNEA,PUERTA DEL NTE,CAMISETAS,T-SHIRT,L,1
2020-01-02 00:00:00.000,LÃNEA,PUERTA DEL NTE,CAMISETAS,T-SHIRT,M,2
2020-01-02 00:00:00.000,LÃNEA,PUERTA DEL NTE,CAMISETAS,T-SHIRT,M,1
2020-01-02 00:00:00.000,LÃNEA,PUERTA DEL NTE,CAMISAS,MANGA_CORTA_H,L,1
2020-01-02 00:00:00.000,LÃNEA,PUERTA DEL NTE,CAMISAS,MANGA_CORTA_H,L,1
2020-01-02 00:00:00.000,LÃNEA,PUERTA DEL NTE,CAMISAS,MANGA_CORTA_H,M,1
2020-01-02 00:00:00.000,LÃNEA,PUERTA DEL NTE,CAMISAS,MANGA_CORTA_H,M,1
2020-01-02 00:00:00.000,LÃNEA,PUERTA DEL NTE,CAMISAS,MANGA_CORTA_H,M,1
2020-01-02 00:00:00.000,LÃNEA,PUERTA DEL NTE,CAMISAS,MANGA_CORTA_H,M,1
2020-01-02 00:00:00.000,LÃNEA,PUERTA DEL NTE,CAMISAS,MANGA_CORTA_H,S,1
2020-01-02 00:00:00.000,LÃNEA,PUERTA DEL NTE,CAMISAS,MANGA_CORTA_H_B,L,1
2020-01-02 00:00:00.000,LÃNEA,PUERTA DEL NTE,CAMISAS,MANGA_CORTA_H_B,M,1
2020-01-02 00:00:00.000,LÃNEA,PUERTA DEL NTE,CAMISAS,MANGA_LARGA_H,L,1
2020-01-02 00:00:00.000,LÃNEA,PUERTA DEL NTE,CAMISAS,MANGA_LARGA_H,M,1
2020-01-02 00:00:00.000,LÃNEA,PUERTA DEL NTE,CAMISAS,MANGA_LARGA_H,M,2
2020-01-02 00:00:00.000,LÃNEA,PUERTA DEL NTE,POLOS,POLO,S,1
2020-01-02 00:00:00.000,LÃNEA,PUERTA DEL NTE,POLOS,POLO,S,1
2020-01-02 00:00:00.000,LÃNEA,PUERTA DEL NTE,POLOS,POLO,XL,1
2020-01-02 00:00:00.000,LÃNEA,PUERTA DEL NTE,POLOS,POLO_B,L,1
2020-01-02 00:00:00.000,LÃNEA,PUERTA DEL NTE,PANTALON COLOR,SLIM COLOR,30X32,1
2020-01-02 00:00:00.000,LÃNEA,PUERTA DEL NTE,PANTALON COLOR,SLIM COLOR,30X32,1
2020-01-02 00:00:00.000,LÃNEA,PUERTA DEL NTE,PANTALON COLOR,SLIM COLOR,31X32,1
2020-01-02 00:00:00.000,LÃNEA,PUERTA DEL NTE,PANTALON COLOR,SLIM COLOR,31X32,1
2020-01-02 00:00:00.000,LÃNEA,PUERTA DEL NTE,PANTALON COLOR,SLIM COLOR,33X32,1
2020-01-02 00:00:00.000,LÃNEA,PUERTA DEL NTE,PANTALON COLOR,SLIM COLOR,34X32,1
2020-01-02 00:00:00.000,LÃNEA,PUERTA DEL NTE,PANTALON COLOR,SLIM COLOR,34X32,1
2020-01-02 00:00:00.000,LÃNEA,PUERTA DEL NTE,PANTALON COLOR,SLIM COLOR,36X32,1
2020-01-02 00:00:00.000,LÃNEA,PUERTA DEL NTE,PANTALON COLOR,SLIM COLOR,38X32,1
2020-01-02 00:00:00.000,LÃNEA,RIONEGRO,JEANS,JEGGIN,10X29,1
2020-01-02 00:00:00.000,LÃNEA,RIONEGRO,JEANS,JEGGIN,10X29,1
2020-01-02 00:00:00.000,LÃNEA,RIONEGRO,JEANS,JEGGIN,12X29,1
2020-01-02 00:00:00.000,LÃNEA,RIONEGRO,JEANS,JEGGIN,12X29,1
2020-01-02 00:00:00.000,LÃNEA,RIONEGRO,JEANS,JEGGIN,6X29,1
2020-01-02 00:00:00.000,LÃNEA,RIONEGRO,JEANS,JEGGIN,7X29,1
2020-01-02 00:00:00.000,LÃNEA,RIONEGRO,JEANS,JEGGIN,8X29,1
2020-01-02 00:00:00.000,LÃNEA,RIONEGRO,JEANS,JEGGIN,8X29,1
2020-01-02 00:00:00.000,LÃNEA,RIONEGRO,JEANS,JEGGIN,8X29,1
2020-01-02 00:00:00.000,LÃNEA,RIONEGRO,JEANS,JEGGIN,9X29,1
2020-01-02 00:00:00.000,LÃNEA,RIONEGRO,JEANS,JEGGIN,9X29,1
2020-01-02 00:00:00.000,LÃNEA,RIONEGRO,JEANS,SKINY,10X29,1
2020-01-02 00:00:00.000,LÃNEA,RIONEGRO,JEANS,SKINY,10X29,1
2020-01-02 00:00:00.000,LÃNEA,RIONEGRO,JEANS,SKINY,12X29,1
2020-01-02 00:00:00.000,LÃNEA,RIONEGRO,JEANS,SKINY,14X29,1
2020-01-02 00:00:00.000,LÃNEA,RIONEGRO,JEANS,SKINY,16X29,1
2020-01-02 00:00:00.000,LÃNEA,RIONEGRO,JEANS,SKINY,26X29,1
2020-01-02 00:00:00.000,LÃNEA,RIONEGRO,JEANS,SKINY,26X29,1
2020-01-02 00:00:00.000,LÃNEA,RIONEGRO,JEANS,SKINY,26X29,1
2020-01-02 00:00:00.000,LÃNEA,RIONEGRO,JEANS,SKINY,30X29,1
2020-01-02 00:00:00.000,LÃNEA,RIONEGRO,JEANS,SKINY,32X29,1
2020-01-02 00:00:00.000,LÃNEA,RIONEGRO,JEANS,SKINY,34X29,1
2020-01-02 00:00:00.000,LÃNEA,RIONEGRO,JEANS,SKINY,6X29,1
2020-01-02 00:00:00.000,LÃNEA,RIONEGRO,JEANS,SKINY,8X29,1
2020-01-02 00:00:00.000,LÃNEA,RIONEGRO,JEANS,SKINY,8X29,1
2020-01-02 00:00:00.000,LÃNEA,RIONEGRO,CAMISETAS,CAMISETA_MANGA_CORTA,L,1
2020-01-02 00:00:00.000,LÃNEA,RIONEGRO,CAMISETAS,CAMISETA_MANGA_CORTA,L,1
2020-01-02 00:00:00.000,LÃNEA,RIONEGRO,CAMISETAS,CAMISETA_MANGA_CORTA,XL,1
2020-01-02 00:00:00.000,LÃNEA,RIONEGRO,CAMISETAS,CAMISETA_MANGA_CORTA,XL,1
2020-01-02 00:00:00.000,LÃNEA,RIONEGRO,CAMISETAS,CAMISETA_MANGA_CORTA,XL,1
2020-01-02 00:00:00.000,LÃNEA,RIONEGRO,BLUSAS,MANGA_CORTA_M,L,1
2020-01-02 00:00:00.000,LÃNEA,RIONEGRO,BLUSAS,MANGA_CORTA_M,L,1
2020-01-02 00:00:00.000,LÃNEA,RIONEGRO,BLUSAS,MANGA_CORTA_M,M,1
2020-01-02 00:00:00.000,LÃNEA,RIONEGRO,BLUSAS,MANGA_CORTA_M,S,1
2020-01-02 00:00:00.000,LÃNEA,RIONEGRO,BLUSAS,MANGA_CORTA_M,XL,1
2020-01-02 00:00:00.000,LÃNEA,RIONEGRO,BLUSAS,MANGA_LARGA_M,L,1
2020-01-02 00:00:00.000,LÃNEA,RIONEGRO,BLUSAS,MANGA_LARGA_M,M,1
2020-01-02 00:00:00.000,LÃNEA,RIONEGRO,BLUSAS,MANGA_LARGA_M,M,1
2020-01-02 00:00:00.000,LÃNEA,RIONEGRO,BLUSAS,MANGA_LARGA_M,S,1
2020-01-02 00:00:00.000,LÃNEA,RIONEGRO,BLUSAS,MANGA_LARGA_M,XS,1
2020-01-02 00:00:00.000,LÃNEA,RIONEGRO,BLUSAS,MANGA_LARGA_M_B,L,1
2020-01-02 00:00:00.000,LÃNEA,RIONEGRO,PANTALON COLOR,SKINY COLOR,28X29,1
2020-01-02 00:00:00.000,LÃNEA,RIONEGRO,PANTALON COLOR,SKINY COLOR,28X29,1
2020-01-02 00:00:00.000,LÃNEA,RIONEGRO,PANTALON COLOR,SKINY COLOR,30X29,1
2020-01-02 00:00:00.000,LÃNEA,RIONEGRO,PANTALON COLOR,SKINY COLOR,30X29,1
2020-01-02 00:00:00.000,LÃNEA,RIONEGRO,PANTALON COLOR,SKINY COLOR,30X29,1
2020-01-02 00:00:00.000,LÃNEA,RIONEGRO,PANTALON COLOR,SKINY COLOR,30X32,1
2020-01-02 00:00:00.000,LÃNEA,RIONEGRO,PANTALON COLOR,SKINY COLOR,32X29,1
2020-01-02 00:00:00.000,LÃNEA,RIONEGRO,PANTALON COLOR,SKINY COLOR,32X29,1
2020-01-02 00:00:00.000,LÃNEA,RIONEGRO,JEANS,SLIM,30X32,1
2020-01-02 00:00:00.000,LÃNEA,RIONEGRO,JEANS,SLIM,30X32,1
2020-01-02 00:00:00.000,LÃNEA,RIONEGRO,JEANS,SLIM,30X32,1
2020-01-02 00:00:00.000,LÃNEA,RIONEGRO,JEANS,SLIM,30X32,1
2020-01-02 00:00:00.000,LÃNEA,RIONEGRO,JEANS,SLIM,31X32,1
2020-01-02 00:00:00.000,LÃNEA,RIONEGRO,JEANS,SLIM,31X32,1
2020-01-02 00:00:00.000,LÃNEA,RIONEGRO,JEANS,SLIM,31X32,1
2020-01-02 00:00:00.000,LÃNEA,RIONEGRO,JEANS,SLIM,31X32,1
2020-01-02 00:00:00.000,LÃNEA,RIONEGRO,JEANS,SLIM,31X32,1
2020-01-02 00:00:00.000,LÃNEA,RIONEGRO,JEANS,SLIM,32X32,3
2020-01-02 00:00:00.000,LÃNEA,RIONEGRO,JEANS,SLIM,33X32,1
2020-01-02 00:00:00.000,LÃNEA,RIONEGRO,JEANS,SLIM,33X32,1
2020-01-02 00:00:00.000,LÃNEA,RIONEGRO,JEANS,SLIM,34X32,1
2020-01-02 00:00:00.000,LÃNEA,RIONEGRO,JEANS,SLIM,34X32,1
2020-01-02 00:00:00.000,LÃNEA,RIONEGRO,JEANS,SLIM,34X32,1
2020-01-02 00:00:00.000,LÃNEA,RIONEGRO,JEANS,SLIM,34X32,1
2020-01-02 00:00:00.000,LÃNEA,RIONEGRO,JEANS,SLIM,34X32,2
2020-01-02 00:00:00.000,LÃNEA,RIONEGRO,JEANS,SLIM,34X32,1
2020-01-02 00:00:00.000,LÃNEA,RIONEGRO,JEANS,SLIM,36X32,1
2020-01-02 00:00:00.000,LÃNEA,RIONEGRO,JEANS,SLIM NEGRO MATE,33X32,1
2020-01-02 00:00:00.000,LÃNEA,RIONEGRO,JEANS,SLIM NEGRO MATE,34X32,1
2020-01-02 00:00:00.000,LÃNEA,RIONEGRO,JEANS,SLIM NEGRO MATE,38X32,1
2020-01-02 00:00:00.000,LÃNEA,RIONEGRO,CAMIBUSOS,CAMIBUSO,L,1
2020-01-02 00:00:00.000,LÃNEA,RIONEGRO,CAMIBUSOS,CAMIBUSO,L,1
2020-01-02 00:00:00.000,LÃNEA,RIONEGRO,CAMIBUSOS,CAMIBUSO,S,1
2020-01-02 00:00:00.000,LÃNEA,RIONEGRO,CAMISETAS,T-SHIRT,L,1
2020-01-02 00:00:00.000,LÃNEA,RIONEGRO,CAMISETAS,T-SHIRT,L,1
2020-01-02 00:00:00.000,LÃNEA,RIONEGRO,CAMISETAS,T-SHIRT,L,1
2020-01-02 00:00:00.000,LÃNEA,RIONEGRO,CAMISETAS,T-SHIRT,M,1
2020-01-02 00:00:00.000,LÃNEA,RIONEGRO,CAMISETAS,T-SHIRT,M,1
2020-01-02 00:00:00.000,LÃNEA,RIONEGRO,CAMISETAS,T-SHIRT,S,1
2020-01-02 00:00:00.000,LÃNEA,RIONEGRO,CAMISETAS,T-SHIRT,XL,1
2020-01-02 00:00:00.000,LÃNEA,RIONEGRO,CAMISETAS,T-SHIRT,XL,1
2020-01-02 00:00:00.000,LÃNEA,RIONEGRO,CAMISAS,MANGA_CORTA_H,M,1
2020-01-02 00:00:00.000,LÃNEA,RIONEGRO,CAMISAS,MANGA_CORTA_H,M,1
2020-01-02 00:00:00.000,LÃNEA,RIONEGRO,CAMISAS,MANGA_CORTA_H,M,1
2020-01-02 00:00:00.000,LÃNEA,RIONEGRO,CAMISAS,MANGA_CORTA_H,S,1
2020-01-02 00:00:00.000,LÃNEA,RIONEGRO,CAMISAS,MANGA_CORTA_H,XXL,1
2020-01-02 00:00:00.000,LÃNEA,RIONEGRO,CAMISAS,MANGA_CORTA_H_B,L,1
2020-01-02 00:00:00.000,LÃNEA,RIONEGRO,CAMISAS,MANGA_CORTA_H_B,M,1
2020-01-02 00:00:00.000,LÃNEA,RIONEGRO,CAMISAS,MANGA_CORTA_H_B,XL,1
2020-01-02 00:00:00.000,LÃNEA,RIONEGRO,CAMISAS,MANGA_LARGA_H,L,1
2020-01-02 00:00:00.000,LÃNEA,RIONEGRO,CAMISAS,MANGA_LARGA_H,L,1
2020-01-02 00:00:00.000,LÃNEA,RIONEGRO,CAMISAS,MANGA_LARGA_H,L,1
2020-01-02 00:00:00.000,LÃNEA,RIONEGRO,CAMISAS,MANGA_LARGA_H,M,1
2020-01-02 00:00:00.000,LÃNEA,RIONEGRO,CAMISAS,MANGA_LARGA_H,M,1
2020-01-02 00:00:00.000,LÃNEA,RIONEGRO,CAMISAS,MANGA_LARGA_H,M,1
2020-01-02 00:00:00.000,LÃNEA,RIONEGRO,CAMISAS,MANGA_LARGA_H,M,1
2020-01-02 00:00:00.000,LÃNEA,RIONEGRO,CAMISAS,MANGA_LARGA_H,M,1
2020-01-02 00:00:00.000,LÃNEA,RIONEGRO,CAMISAS,MANGA_LARGA_H,S,1
2020-01-02 00:00:00.000,LÃNEA,RIONEGRO,CAMISAS,MANGA_LARGA_H,XL,1
2020-01-02 00:00:00.000,LÃNEA,RIONEGRO,CAMISAS,MANGA_LARGA_H_B,XXL,1
2020-01-02 00:00:00.000,LÃNEA,RIONEGRO,POLOS,POLO,L,1
2020-01-02 00:00:00.000,LÃNEA,RIONEGRO,POLOS,POLO,L,2
2020-01-02 00:00:00.000,LÃNEA,RIONEGRO,POLOS,POLO,M,1
2020-01-02 00:00:00.000,LÃNEA,RIONEGRO,POLOS,POLO,S,1
2020-01-02 00:00:00.000,LÃNEA,RIONEGRO,POLOS,POLO,XXL,1
2020-01-02 00:00:00.000,LÃNEA,RIONEGRO,POLOS,POLO_B,L,2
2020-01-02 00:00:00.000,LÃNEA,RIONEGRO,POLOS,POLO_B,M,1
2020-01-02 00:00:00.000,LÃNEA,RIONEGRO,PANTALON COLOR,SLIM COLOR,30X32,1
2020-01-02 00:00:00.000,LÃNEA,RIONEGRO,PANTALON COLOR,SLIM COLOR,30X32,1
2020-01-02 00:00:00.000,LÃNEA,RIONEGRO,PANTALON COLOR,SLIM COLOR,30X32,1
2020-01-02 00:00:00.000,LÃNEA,RIONEGRO,PANTALON COLOR,SLIM COLOR,30X32,1
2020-01-02 00:00:00.000,LÃNEA,RIONEGRO,PANTALON COLOR,SLIM COLOR,32X32,1
2020-01-02 00:00:00.000,LÃNEA,RIONEGRO,PANTALON COLOR,SLIM COLOR,32X32,2
2020-01-02 00:00:00.000,LÃNEA,RIONEGRO,PANTALON COLOR,SLIM COLOR,32X32,1
2020-01-02 00:00:00.000,LÃNEA,RIONEGRO,PANTALON COLOR,SLIM COLOR,33X32,1
2020-01-02 00:00:00.000,LÃNEA,RIONEGRO,PANTALON COLOR,SLIM COLOR,34X32,1
2020-01-02 00:00:00.000,LÃNEA,RIONEGRO,PANTALON COLOR,SLIM COLOR,34X32,2
2020-01-02 00:00:00.000,LÃNEA,RIONEGRO,PANTALON COLOR,SLIM COLOR,36X32,1
2020-01-02 00:00:00.000,LÃNEA,VIVA ENVIGADO,JEANS,BOTA CAMPANA,14X29,1
2020-01-02 00:00:00.000,LÃNEA,VIVA ENVIGADO,JEANS,BOTA CAMPANA,14X29,1
2020-01-02 00:00:00.000,LÃNEA,VIVA ENVIGADO,JEANS,BOTA CAMPANA,14X29,1
2020-01-02 00:00:00.000,LÃNEA,VIVA ENVIGADO,JEANS,JEGGIN,10X29,1
2020-01-02 00:00:00.000,LÃNEA,VIVA ENVIGADO,JEANS,JEGGIN,10X29,1
2020-01-02 00:00:00.000,LÃNEA,VIVA ENVIGADO,JEANS,JEGGIN,12X29,1
2020-01-02 00:00:00.000,LÃNEA,VIVA ENVIGADO,JEANS,JEGGIN,14X29,1
2020-01-02 00:00:00.000,LÃNEA,VIVA ENVIGADO,JEANS,JEGGIN,16X29,1
2020-01-02 00:00:00.000,LÃNEA,VIVA ENVIGADO,JEANS,JEGGIN,16X29,1
2020-01-02 00:00:00.000,LÃNEA,VIVA ENVIGADO,JEANS,JEGGIN,27X29,1
2020-01-02 00:00:00.000,LÃNEA,VIVA ENVIGADO,JEANS,JEGGIN,6X29,1
2020-01-02 00:00:00.000,LÃNEA,VIVA ENVIGADO,JEANS,JEGGIN,8X29,1
2020-01-02 00:00:00.000,LÃNEA,VIVA ENVIGADO,JEANS,SKINY,10X29,1
2020-01-02 00:00:00.000,LÃNEA,VIVA ENVIGADO,JEANS,SKINY,10X29,1
2020-01-02 00:00:00.000,LÃNEA,VIVA ENVIGADO,JEANS,SKINY,10X29,2
2020-01-02 00:00:00.000,LÃNEA,VIVA ENVIGADO,JEANS,SKINY,10X29,1
2020-01-02 00:00:00.000,LÃNEA,VIVA ENVIGADO,JEANS,SKINY,12X29,1
2020-01-02 00:00:00.000,LÃNEA,VIVA ENVIGADO,JEANS,SKINY,12X29,1
2020-01-02 00:00:00.000,LÃNEA,VIVA ENVIGADO,JEANS,SKINY,12X29,1
2020-01-02 00:00:00.000,LÃNEA,VIVA ENVIGADO,JEANS,SKINY,14X29,1
2020-01-02 00:00:00.000,LÃNEA,VIVA ENVIGADO,JEANS,SKINY,14X29,1
2020-01-02 00:00:00.000,LÃNEA,VIVA ENVIGADO,JEANS,SKINY,16X29,1
2020-01-02 00:00:00.000,LÃNEA,VIVA ENVIGADO,JEANS,SKINY,26X29,1
2020-01-02 00:00:00.000,LÃNEA,VIVA ENVIGADO,JEANS,SKINY,32X29,1
2020-01-02 00:00:00.000,LÃNEA,VIVA ENVIGADO,JEANS,SKINY,34X29,1
2020-01-02 00:00:00.000,LÃNEA,VIVA ENVIGADO,JEANS,SKINY,6X29,1
2020-01-02 00:00:00.000,LÃNEA,VIVA ENVIGADO,JEANS,SKINY,6X29,1
2020-01-02 00:00:00.000,LÃNEA,VIVA ENVIGADO,JEANS,SKINY,7X29,1
2020-01-02 00:00:00.000,LÃNEA,VIVA ENVIGADO,JEANS,SKINY,7X29,1
2020-01-02 00:00:00.000,LÃNEA,VIVA ENVIGADO,JEANS,SKINY,8X29,1
2020-01-02 00:00:00.000,LÃNEA,VIVA ENVIGADO,JEANS,SKINY,8X29,2
2020-01-02 00:00:00.000,LÃNEA,VIVA ENVIGADO,JEANS,SKINY,8X29,1
2020-01-02 00:00:00.000,LÃNEA,VIVA ENVIGADO,JEANS,SKINY,9X29,1
2020-01-02 00:00:00.000,LÃNEA,VIVA ENVIGADO,CAMISETAS,CAMISETA MANGA LARGA,S,1
2020-01-02 00:00:00.000,LÃNEA,VIVA ENVIGADO,CAMISETAS,CAMISETA_MANGA_CORTA,L,1
2020-01-02 00:00:00.000,LÃNEA,VIVA ENVIGADO,CAMISETAS,CAMISETA_MANGA_CORTA,S,1
2020-01-02 00:00:00.000,LÃNEA,VIVA ENVIGADO,CAMISETAS,CAMISETA_MANGA_CORTA,XL,1
2020-01-02 00:00:00.000,LÃNEA,VIVA ENVIGADO,CAMISETAS,CAMISETA_MANGA_CORTA,XL,1
2020-01-02 00:00:00.000,LÃNEA,VIVA ENVIGADO,CAMISETAS,CAMISETA_MANGA_CORTA,XL,1
2020-01-02 00:00:00.000,LÃNEA,VIVA ENVIGADO,CAMISETAS,CAMISETA_MANGA_CORTA,XL,1
2020-01-02 00:00:00.000,LÃNEA,VIVA ENVIGADO,BLUSAS,MANGA_CORTA_M,L,1
2020-01-02 00:00:00.000,LÃNEA,VIVA ENVIGADO,BLUSAS,MANGA_CORTA_M,S,1
2020-01-02 00:00:00.000,LÃNEA,VIVA ENVIGADO,BLUSAS,MANGA_LARGA_M,L,1
2020-01-02 00:00:00.000,LÃNEA,VIVA ENVIGADO,BLUSAS,MANGA_LARGA_M,L,1
2020-01-02 00:00:00.000,LÃNEA,VIVA ENVIGADO,BLUSAS,MANGA_LARGA_M,M,1
2020-01-02 00:00:00.000,LÃNEA,VIVA ENVIGADO,BLUSAS,MANGA_LARGA_M,S,1
2020-01-02 00:00:00.000,LÃNEA,VIVA ENVIGADO,BLUSAS,MANGA_LARGA_M,XS,1
2020-01-02 00:00:00.000,LÃNEA,VIVA ENVIGADO,BLUSAS,MANGA_LARGA_M,XS,1
2020-01-02 00:00:00.000,LÃNEA,VIVA ENVIGADO,BLUSAS,MANGA_LARGA_M,XS,1
2020-01-02 00:00:00.000,LÃNEA,VIVA ENVIGADO,BLUSAS,MANGA_LARGA_M,XS,1
2020-01-02 00:00:00.000,LÃNEA,VIVA ENVIGADO,BUSOS,BUSO_M,XS,1
2020-01-02 00:00:00.000,LÃNEA,VIVA ENVIGADO,PANTALON COLOR,SKINY COLOR,26X29,1
2020-01-02 00:00:00.000,LÃNEA,VIVA ENVIGADO,PANTALON COLOR,SKINY COLOR,26X29,1
2020-01-02 00:00:00.000,LÃNEA,VIVA ENVIGADO,PANTALON COLOR,SKINY COLOR,27X32,1
2020-01-02 00:00:00.000,LÃNEA,VIVA ENVIGADO,PANTALON COLOR,SKINY COLOR,28X29,1
2020-01-02 00:00:00.000,LÃNEA,VIVA ENVIGADO,PANTALON COLOR,SKINY COLOR,28X29,1
2020-01-02 00:00:00.000,LÃNEA,VIVA ENVIGADO,PANTALON COLOR,SKINY COLOR,28X29,1
2020-01-02 00:00:00.000,LÃNEA,VIVA ENVIGADO,PANTALON COLOR,SKINY COLOR,28X29,1
2020-01-02 00:00:00.000,LÃNEA,VIVA ENVIGADO,PANTALON COLOR,SKINY COLOR,28X32,2
2020-01-02 00:00:00.000,LÃNEA,VIVA ENVIGADO,PANTALON COLOR,SKINY COLOR,29X29,1
2020-01-02 00:00:00.000,LÃNEA,VIVA ENVIGADO,PANTALON COLOR,SKINY COLOR,30X29,1
2020-01-02 00:00:00.000,LÃNEA,VIVA ENVIGADO,PANTALON COLOR,SKINY COLOR,32X32,1
2020-01-02 00:00:00.000,LÃNEA,VIVA ENVIGADO,PANTALON COLOR,SKINY NEGRO ENCERADO,32X29,1
2020-01-02 00:00:00.000,LÃNEA,VIVA ENVIGADO,JEANS,REGULAR,31X32,1
2020-01-02 00:00:00.000,LÃNEA,VIVA ENVIGADO,JEANS,REGULAR,32X32,1
2020-01-02 00:00:00.000,LÃNEA,VIVA ENVIGADO,JEANS,REGULAR,34X32,1
2020-01-02 00:00:00.000,LÃNEA,VIVA ENVIGADO,JEANS,REGULAR,36X32,1
2020-01-02 00:00:00.000,LÃNEA,VIVA ENVIGADO,JEANS,REGULAR,38X32,1
2020-01-02 00:00:00.000,LÃNEA,VIVA ENVIGADO,JEANS,REGULAR,38X32,1
2020-01-02 00:00:00.000,LÃNEA,VIVA ENVIGADO,JEANS,SLIM,30X32,1
2020-01-02 00:00:00.000,LÃNEA,VIVA ENVIGADO,JEANS,SLIM,30X32,2
2020-01-02 00:00:00.000,LÃNEA,VIVA ENVIGADO,JEANS,SLIM,31X32,1
2020-01-02 00:00:00.000,LÃNEA,VIVA ENVIGADO,JEANS,SLIM,31X32,1
2020-01-02 00:00:00.000,LÃNEA,VIVA ENVIGADO,JEANS,SLIM,31X32,1
2020-01-02 00:00:00.000,LÃNEA,VIVA ENVIGADO,JEANS,SLIM,32X32,2
2020-01-02 00:00:00.000,LÃNEA,VIVA ENVIGADO,JEANS,SLIM,32X32,2
2020-01-02 00:00:00.000,LÃNEA,VIVA ENVIGADO,JEANS,SLIM,33X32,1
2020-01-02 00:00:00.000,LÃNEA,VIVA ENVIGADO,JEANS,SLIM,33X32,1
2020-01-02 00:00:00.000,LÃNEA,VIVA ENVIGADO,JEANS,SLIM,33X32,1
2020-01-02 00:00:00.000,LÃNEA,VIVA ENVIGADO,JEANS,SLIM,34X32,1
2020-01-02 00:00:00.000,LÃNEA,VIVA ENVIGADO,JEANS,SLIM,34X32,1
2020-01-02 00:00:00.000,LÃNEA,VIVA ENVIGADO,JEANS,SLIM,34X32,2
2020-01-02 00:00:00.000,LÃNEA,VIVA ENVIGADO,JEANS,SLIM,34X32,1
2020-01-02 00:00:00.000,LÃNEA,VIVA ENVIGADO,JEANS,SLIM,34X32,1
2020-01-02 00:00:00.000,LÃNEA,VIVA ENVIGADO,JEANS,SLIM,34X32,1
2020-01-02 00:00:00.000,LÃNEA,VIVA ENVIGADO,JEANS,SLIM,34X32,1
2020-01-02 00:00:00.000,LÃNEA,VIVA ENVIGADO,JEANS,SLIM,34X32,2
2020-01-02 00:00:00.000,LÃNEA,VIVA ENVIGADO,JEANS,SLIM,36X32,1
2020-01-02 00:00:00.000,LÃNEA,VIVA ENVIGADO,JEANS,SLIM,36X32,1
2020-01-02 00:00:00.000,LÃNEA,VIVA ENVIGADO,JEANS,SLIM,36X32,1
2020-01-02 00:00:00.000,LÃNEA,VIVA ENVIGADO,JEANS,SLIM NEGRO MATE,31X32,2
2020-01-02 00:00:00.000,LÃNEA,VIVA ENVIGADO,JEANS,SLIM NEGRO MATE,32X32,3
2020-01-02 00:00:00.000,LÃNEA,VIVA ENVIGADO,JEANS,SLIM NEGRO MATE,36X32,1
2020-01-02 00:00:00.000,LÃNEA,VIVA ENVIGADO,JEANS,SLIM VERDOSO,32X32,1
2020-01-02 00:00:00.000,LÃNEA,VIVA ENVIGADO,CAMISETAS,T-SHIRT,L,1
2020-01-02 00:00:00.000,LÃNEA,VIVA ENVIGADO,CAMISETAS,T-SHIRT,M,1
2020-01-02 00:00:00.000,LÃNEA,VIVA ENVIGADO,CAMISETAS,T-SHIRT,XL,1
2020-01-02 00:00:00.000,LÃNEA,VIVA ENVIGADO,CAMISETAS,T-SHIRT,XL,1
2020-01-02 00:00:00.000,LÃNEA,VIVA ENVIGADO,CAMISAS,MANGA_CORTA_H,L,1
2020-01-02 00:00:00.000,LÃNEA,VIVA ENVIGADO,CAMISAS,MANGA_CORTA_H,L,1
2020-01-02 00:00:00.000,LÃNEA,VIVA ENVIGADO,CAMISAS,MANGA_CORTA_H,L,1
2020-01-02 00:00:00.000,LÃNEA,VIVA ENVIGADO,CAMISAS,MANGA_CORTA_H,XL,1
2020-01-02 00:00:00.000,LÃNEA,VIVA ENVIGADO,CAMISAS,MANGA_CORTA_H,XXL,1
2020-01-02 00:00:00.000,LÃNEA,VIVA ENVIGADO,CAMISAS,MANGA_CORTA_H_B,L,1
2020-01-02 00:00:00.000,LÃNEA,VIVA ENVIGADO,CAMISAS,MANGA_CORTA_H_B,L,1
2020-01-02 00:00:00.000,LÃNEA,VIVA ENVIGADO,CAMISAS,MANGA_CORTA_H_B,M,1
2020-01-02 00:00:00.000,LÃNEA,VIVA ENVIGADO,CAMISAS,MANGA_CORTA_H_B,XXL,1
2020-01-02 00:00:00.000,LÃNEA,VIVA ENVIGADO,CAMISAS,MANGA_LARGA_H,L,1
2020-01-02 00:00:00.000,LÃNEA,VIVA ENVIGADO,CAMISAS,MANGA_LARGA_H,L,1
2020-01-02 00:00:00.000,LÃNEA,VIVA ENVIGADO,CAMISAS,MANGA_LARGA_H,M,1
2020-01-02 00:00:00.000,LÃNEA,VIVA ENVIGADO,CAMISAS,MANGA_LARGA_H,S,1
2020-01-02 00:00:00.000,LÃNEA,VIVA ENVIGADO,CAMISAS,MANGA_LARGA_H_B,XXL,1
2020-01-02 00:00:00.000,LÃNEA,VIVA ENVIGADO,CAMISAS,MANGA_LARGA_H_B,XXL,1
2020-01-02 00:00:00.000,LÃNEA,VIVA ENVIGADO,POLOS,POLO,M,1
2020-01-02 00:00:00.000,LÃNEA,VIVA ENVIGADO,POLOS,POLO,M,1
2020-01-02 00:00:00.000,LÃNEA,VIVA ENVIGADO,POLOS,POLO,XL,1
2020-01-02 00:00:00.000,LÃNEA,VIVA ENVIGADO,POLOS,POLO,XL,1
2020-01-02 00:00:00.000,LÃNEA,VIVA ENVIGADO,POLOS,POLO,XXL,2
2020-01-02 00:00:00.000,LÃNEA,VIVA ENVIGADO,POLOS,POLO,XXL,1
2020-01-02 00:00:00.000,LÃNEA,VIVA ENVIGADO,POLOS,POLO_B,XXL,1
2020-01-02 00:00:00.000,LÃNEA,VIVA ENVIGADO,PANTALON COLOR,SLIM COLOR,30X32,1
2020-01-02 00:00:00.000,LÃNEA,VIVA ENVIGADO,PANTALON COLOR,SLIM COLOR,30X32,2
2020-01-02 00:00:00.000,LÃNEA,VIVA ENVIGADO,PANTALON COLOR,SLIM COLOR,30X32,1
2020-01-02 00:00:00.000,LÃNEA,VIVA ENVIGADO,PANTALON COLOR,SLIM COLOR,31X32,1
2020-01-02 00:00:00.000,LÃNEA,VIVA ENVIGADO,PANTALON COLOR,SLIM COLOR,31X32,1
2020-01-02 00:00:00.000,LÃNEA,VIVA ENVIGADO,PANTALON COLOR,SLIM COLOR,31X32,1
2020-01-02 00:00:00.000,LÃNEA,VIVA ENVIGADO,PANTALON COLOR,SLIM COLOR,32X32,1
2020-01-02 00:00:00.000,LÃNEA,VIVA ENVIGADO,PANTALON COLOR,SLIM COLOR,32X32,1
2020-01-02 00:00:00.000,LÃNEA,VIVA ENVIGADO,PANTALON COLOR,SLIM COLOR,32X32,1
2020-01-02 00:00:00.000,LÃNEA,VIVA ENVIGADO,PANTALON COLOR,SLIM COLOR,32X32,1
2020-01-02 00:00:00.000,LÃNEA,VIVA ENVIGADO,PANTALON COLOR,SLIM COLOR,34X32,1
2020-01-02 00:00:00.000,LÃNEA,VIVA ENVIGADO,PANTALON COLOR,SLIM COLOR,34X32,2
2020-01-02 00:00:00.000,LÃNEA,VIVA ENVIGADO,PANTALON COLOR,SLIM COLOR,34X32,1
2020-01-02 00:00:00.000,LÃNEA,VIVA ENVIGADO,PANTALON COLOR,SLIM COLOR,34X32,1
2020-01-02 00:00:00.000,LÃNEA,VIVA ENVIGADO,PANTALON COLOR,SLIM COLOR,36X32,1
2020-01-02 00:00:00.000,LÃNEA,VIVA ENVIGADO,PANTALON COLOR,SLIM COLOR,36X32,1
2020-01-02 00:00:00.000,LÃNEA,VIVA ENVIGADO,PANTALON COLOR,SLIM COLOR,36X32,1
2020-01-02 00:00:00.000,LÃNEA,VIVA ENVIGADO,PANTALON COLOR,SLIM COLOR,36X32,1
2020-01-02 00:00:00.000,LÃNEA,VIVA ENVIGADO,PANTALON COLOR,SLIM COLOR,38X32,1
2020-01-02 00:00:00.000,LÃNEA,VIVA ENVIGADO,PANTALON COLOR,SLIM COLOR,38X32,1
2020-01-02 00:00:00.000,OUTLET,GUAYABAL,JEANS,JEGGIN,10X29,1
2020-01-02 00:00:00.000,OUTLET,GUAYABAL,JEANS,JEGGIN,10X29,2
2020-01-02 00:00:00.000,OUTLET,GUAYABAL,JEANS,JEGGIN,12X29,2
2020-01-02 00:00:00.000,OUTLET,GUAYABAL,JEANS,JEGGIN,14X29,1
2020-01-02 00:00:00.000,OUTLET,GUAYABAL,JEANS,JEGGIN,14X29,1
2020-01-02 00:00:00.000,OUTLET,GUAYABAL,JEANS,JEGGIN,16X29,1
2020-01-02 00:00:00.000,OUTLET,GUAYABAL,JEANS,JEGGIN,16X29,1
2020-01-02 00:00:00.000,OUTLET,GUAYABAL,JEANS,JEGGIN,26X29,1
2020-01-02 00:00:00.000,OUTLET,GUAYABAL,JEANS,JEGGIN,7X29,1
2020-01-02 00:00:00.000,OUTLET,GUAYABAL,JEANS,JEGGIN,8X29,1
2020-01-02 00:00:00.000,OUTLET,GUAYABAL,JEANS,JEGGIN,8X29,1
2020-01-02 00:00:00.000,OUTLET,GUAYABAL,JEANS,JEGGIN,8X29,1
2020-01-02 00:00:00.000,OUTLET,GUAYABAL,JEANS,SKINY,10X29,1
2020-01-02 00:00:00.000,OUTLET,GUAYABAL,JEANS,SKINY,12X29,1
2020-01-02 00:00:00.000,OUTLET,GUAYABAL,JEANS,SKINY,12X29,1
2020-01-02 00:00:00.000,OUTLET,GUAYABAL,JEANS,SKINY,14X29,1
2020-01-02 00:00:00.000,OUTLET,GUAYABAL,JEANS,SKINY,6X29,1
2020-01-02 00:00:00.000,OUTLET,GUAYABAL,CAMISETAS,CAMISETA_MANGA_CORTA,M,1
2020-01-02 00:00:00.000,OUTLET,GUAYABAL,CAMISETAS,CAMISETA_MANGA_CORTA,M,1
2020-01-02 00:00:00.000,OUTLET,GUAYABAL,CAMISETAS,CAMISETA_MANGA_CORTA,S,1
2020-01-02 00:00:00.000,OUTLET,GUAYABAL,CAMISETAS,CAMISETA_MANGA_CORTA,XL,1
2020-01-02 00:00:00.000,OUTLET,GUAYABAL,BLUSAS,CHALECO,S,1
2020-01-02 00:00:00.000,OUTLET,GUAYABAL,BLUSAS,MANGA_CORTA_M_B,L,1
2020-01-02 00:00:00.000,OUTLET,GUAYABAL,BLUSAS,MANGA_CORTA_M_B,M,1
2020-01-02 00:00:00.000,OUTLET,GUAYABAL,BLUSAS,MANGA_LARGA_M,L,1
2020-01-02 00:00:00.000,OUTLET,GUAYABAL,BLUSAS,MANGA_LARGA_M,L,1
2020-01-02 00:00:00.000,OUTLET,GUAYABAL,BLUSAS,MANGA_LARGA_M,M,1
2020-01-02 00:00:00.000,OUTLET,GUAYABAL,BLUSAS,MANGA_LARGA_M,M,1
2020-01-02 00:00:00.000,OUTLET,GUAYABAL,BLUSAS,MANGA_LARGA_M,M,2
2020-01-02 00:00:00.000,OUTLET,GUAYABAL,BLUSAS,MANGA_LARGA_M,M,1
2020-01-02 00:00:00.000,OUTLET,GUAYABAL,BLUSAS,MANGA_LARGA_M,XS,1
2020-01-02 00:00:00.000,OUTLET,GUAYABAL,BLUSAS,MANGA_LARGA_M,XS,1
2020-01-02 00:00:00.000,OUTLET,GUAYABAL,BLUSAS,MANGA_LARGA_M_B,L,1
2020-01-02 00:00:00.000,OUTLET,GUAYABAL,BLUSAS,MANGA_LARGA_M_B,S,1
2020-01-02 00:00:00.000,OUTLET,GUAYABAL,BLUSAS,MANGA_LARGA_M_B,XL,1
2020-01-02 00:00:00.000,OUTLET,GUAYABAL,PANTALON COLOR,SEGUNDAS,34X29,1
2020-01-02 00:00:00.000,OUTLET,GUAYABAL,PANTALON COLOR,SKINY COLOR,29X29,1
2020-01-02 00:00:00.000,OUTLET,GUAYABAL,PANTALON COLOR,SKINY COLOR,29X32,1
2020-01-02 00:00:00.000,OUTLET,GUAYABAL,PANTALON COLOR,SKINY COLOR,32X29,1
2020-01-02 00:00:00.000,OUTLET,GUAYABAL,PANTALON COLOR,SKINY COLOR,32X29,1
2020-01-02 00:00:00.000,OUTLET,GUAYABAL,PANTALON COLOR,SKINY COLOR,32X29,1
2020-01-02 00:00:00.000,OUTLET,GUAYABAL,PANTALON COLOR,SKINY COLOR,36X32,1
2020-01-02 00:00:00.000,OUTLET,GUAYABAL,PANTALON COLOR,SKINY NEGRO ENCERADO,26X29,1
2020-01-02 00:00:00.000,OUTLET,GUAYABAL,PANTALON COLOR,SKINY NEGRO ENCERADO,27X29,1
2020-01-02 00:00:00.000,OUTLET,GUAYABAL,PANTALON COLOR,SKINY NEGRO ENCERADO,32X29,1
2020-01-02 00:00:00.000,OUTLET,GUAYABAL,JEANS,REGULAR,31X32,1
2020-01-02 00:00:00.000,OUTLET,GUAYABAL,JEANS,SEGUNDAS,30X32,1
2020-01-02 00:00:00.000,OUTLET,GUAYABAL,JEANS,SLIM,32X32,1
2020-01-02 00:00:00.000,OUTLET,GUAYABAL,JEANS,SLIM,32X32,1
2020-01-02 00:00:00.000,OUTLET,GUAYABAL,JEANS,SLIM,32X32,1
2020-01-02 00:00:00.000,OUTLET,GUAYABAL,JEANS,SLIM,32X32,1
2020-01-02 00:00:00.000,OUTLET,GUAYABAL,JEANS,SLIM,33X32,1
2020-01-02 00:00:00.000,OUTLET,GUAYABAL,JEANS,SLIM,33X32,1
2020-01-02 00:00:00.000,OUTLET,GUAYABAL,JEANS,SLIM,33X32,1
2020-01-02 00:00:00.000,OUTLET,GUAYABAL,JEANS,SLIM,34X32,1
2020-01-02 00:00:00.000,OUTLET,GUAYABAL,JEANS,SLIM,34X32,1
2020-01-02 00:00:00.000,OUTLET,GUAYABAL,JEANS,SLIM,34X32,1
2020-01-02 00:00:00.000,OUTLET,GUAYABAL,JEANS,SLIM,34X32,1
2020-01-02 00:00:00.000,OUTLET,GUAYABAL,JEANS,SLIM,36X32,1
2020-01-02 00:00:00.000,OUTLET,GUAYABAL,JEANS,SLIM,36X32,1
2020-01-02 00:00:00.000,OUTLET,GUAYABAL,JEANS,SLIM VERDOSO,32X32,1
2020-01-02 00:00:00.000,OUTLET,GUAYABAL,JEANS,SLIM VERDOSO,34X32,1
2020-01-02 00:00:00.000,OUTLET,GUAYABAL,JEANS,SLIM VERDOSO,36X32,1
2020-01-02 00:00:00.000,OUTLET,GUAYABAL,JEANS,SLIM VERDOSO,38X32,1
2020-01-02 00:00:00.000,OUTLET,GUAYABAL,CAMISETAS,POLO,M,1
2020-01-02 00:00:00.000,OUTLET,GUAYABAL,CAMISETAS,T-SHIRT,L,1
2020-01-02 00:00:00.000,OUTLET,GUAYABAL,CAMISETAS,T-SHIRT,L,1
2020-01-02 00:00:00.000,OUTLET,GUAYABAL,CAMISETAS,T-SHIRT,S,1
2020-01-02 00:00:00.000,OUTLET,GUAYABAL,CAMISETAS,T-SHIRT,S,1
2020-01-02 00:00:00.000,OUTLET,GUAYABAL,BUSOS,BUSO_H,M,1
2020-01-02 00:00:00.000,OUTLET,GUAYABAL,CAMISAS,MANGA_CORTA_H,L,1
2020-01-02 00:00:00.000,OUTLET,GUAYABAL,CAMISAS,MANGA_CORTA_H,L,1
2020-01-02 00:00:00.000,OUTLET,GUAYABAL,CAMISAS,MANGA_CORTA_H,L,2
2020-01-02 00:00:00.000,OUTLET,GUAYABAL,CAMISAS,MANGA_CORTA_H_B,L,1
2020-01-02 00:00:00.000,OUTLET,GUAYABAL,CAMISAS,MANGA_CORTA_H_B,L,1
2020-01-02 00:00:00.000,OUTLET,GUAYABAL,CAMISAS,MANGA_CORTA_H_B,L,1
2020-01-02 00:00:00.000,OUTLET,GUAYABAL,CAMISAS,MANGA_CORTA_H_B,L,1
2020-01-02 00:00:00.000,OUTLET,GUAYABAL,CAMISAS,MANGA_CORTA_H_B,L,1
2020-01-02 00:00:00.000,OUTLET,GUAYABAL,CAMISAS,MANGA_CORTA_H_B,S,1
2020-01-02 00:00:00.000,OUTLET,GUAYABAL,CAMISAS,MANGA_LARGA_H,L,1
2020-01-02 00:00:00.000,OUTLET,GUAYABAL,CAMISAS,MANGA_LARGA_H,L,1
2020-01-02 00:00:00.000,OUTLET,GUAYABAL,CAMISAS,MANGA_LARGA_H,L,2
2020-01-02 00:00:00.000,OUTLET,GUAYABAL,CAMISAS,MANGA_LARGA_H,L,1
2020-01-02 00:00:00.000,OUTLET,GUAYABAL,CAMISAS,MANGA_LARGA_H,M,1
2020-01-02 00:00:00.000,OUTLET,GUAYABAL,CAMISAS,MANGA_LARGA_H,M,1
2020-01-02 00:00:00.000,OUTLET,GUAYABAL,CAMISAS,MANGA_LARGA_H,S,1
2020-01-02 00:00:00.000,OUTLET,GUAYABAL,CAMISAS,MANGA_LARGA_H,XL,2
2020-01-02 00:00:00.000,OUTLET,GUAYABAL,CAMISAS,MANGA_LARGA_H,XL,1
2020-01-02 00:00:00.000,OUTLET,GUAYABAL,CAMISAS,MANGA_LARGA_H,XL,1
2020-01-02 00:00:00.000,OUTLET,GUAYABAL,CAMISAS,MANGA_LARGA_H_B,L,1
2020-01-02 00:00:00.000,OUTLET,GUAYABAL,CAMISAS,MANGA_LARGA_H_B,M,1
2020-01-02 00:00:00.000,OUTLET,GUAYABAL,CAMISAS,MANGA_LARGA_H_B,M,1
2020-01-02 00:00:00.000,OUTLET,GUAYABAL,POLOS,POLO,L,2
2020-01-02 00:00:00.000,OUTLET,GUAYABAL,POLOS,POLO,M,1
2020-01-02 00:00:00.000,OUTLET,GUAYABAL,POLOS,POLO,M,1
2020-01-02 00:00:00.000,OUTLET,GUAYABAL,POLOS,POLO,M,1
2020-01-02 00:00:00.000,OUTLET,GUAYABAL,POLOS,POLO,M,1
2020-01-02 00:00:00.000,OUTLET,GUAYABAL,POLOS,POLO,XXL,1
2020-01-02 00:00:00.000,OUTLET,GUAYABAL,POLOS,POLO_B,L,1
2020-01-02 00:00:00.000,OUTLET,GUAYABAL,POLOS,POLO_B,M,1
2020-01-02 00:00:00.000,OUTLET,GUAYABAL,PANTALON COLOR,SLIM COLOR,30X32,2
2020-01-02 00:00:00.000,OUTLET,GUAYABAL,PANTALON COLOR,SLIM COLOR,30X32,1
2020-01-02 00:00:00.000,OUTLET,GUAYABAL,PANTALON COLOR,SLIM COLOR,30X32,1
2020-01-02 00:00:00.000,OUTLET,GUAYABAL,PANTALON COLOR,SLIM COLOR,31X32,1
2020-01-02 00:00:00.000,OUTLET,GUAYABAL,PANTALON COLOR,SLIM COLOR,31X32,1
2020-01-02 00:00:00.000,OUTLET,GUAYABAL,PANTALON COLOR,SLIM COLOR,32X32,1
2020-01-02 00:00:00.000,OUTLET,GUAYABAL,PANTALON COLOR,SLIM COLOR,32X32,2
2020-01-02 00:00:00.000,OUTLET,GUAYABAL,PANTALON COLOR,SLIM COLOR,33X32,2
2020-01-02 00:00:00.000,OUTLET,GUAYABAL,PANTALON COLOR,SLIM COLOR,33X32,1
2020-01-02 00:00:00.000,OUTLET,GUAYABAL,PANTALON COLOR,SLIM COLOR,34X32,2
2020-01-02 00:00:00.000,OUTLET,GUAYABAL,PANTALON COLOR,SLIM COLOR,34X32,1
2020-01-02 00:00:00.000,OUTLET,GUAYABAL,PANTALON COLOR,SLIM COLOR,34X32,1
2020-01-02 00:00:00.000,OUTLET,GUAYABAL,PANTALON COLOR,SLIM COLOR,34X32,1
2020-01-02 00:00:00.000,OUTLET,GUAYABAL,PANTALON COLOR,SLIM COLOR,36X32,1
2020-01-02 00:00:00.000,OUTLET,MAYORCA 1,JEANS,JEGGIN,10X29,1
2020-01-02 00:00:00.000,OUTLET,MAYORCA 1,JEANS,JEGGIN,10X29,1
2020-01-02 00:00:00.000,OUTLET,MAYORCA 1,JEANS,JEGGIN,12X29,1
2020-01-02 00:00:00.000,OUTLET,MAYORCA 1,JEANS,JEGGIN,14X29,1
2020-01-02 00:00:00.000,OUTLET,MAYORCA 1,JEANS,JEGGIN,14X29,1
2020-01-02 00:00:00.000,OUTLET,MAYORCA 1,JEANS,JEGGIN,6X29,1
2020-01-02 00:00:00.000,OUTLET,MAYORCA 1,JEANS,JEGGIN,6X29,1
2020-01-02 00:00:00.000,OUTLET,MAYORCA 1,JEANS,JEGGIN,6X29,1
2020-01-02 00:00:00.000,OUTLET,MAYORCA 1,JEANS,JEGGIN,7X29,1
2020-01-02 00:00:00.000,OUTLET,MAYORCA 1,JEANS,JEGGIN,7X29,1
2020-01-02 00:00:00.000,OUTLET,MAYORCA 1,JEANS,JEGGIN,9X29,1
2020-01-02 00:00:00.000,OUTLET,MAYORCA 1,JEANS,SKINY,10X29,1
2020-01-02 00:00:00.000,OUTLET,MAYORCA 1,JEANS,SKINY,10X29,1
2020-01-02 00:00:00.000,OUTLET,MAYORCA 1,JEANS,SKINY,12X29,1
2020-01-02 00:00:00.000,OUTLET,MAYORCA 1,JEANS,SKINY,16X29,1
2020-01-02 00:00:00.000,OUTLET,MAYORCA 1,JEANS,SKINY,16X29,1
2020-01-02 00:00:00.000,OUTLET,MAYORCA 1,JEANS,SKINY,28X29,1
2020-01-02 00:00:00.000,OUTLET,MAYORCA 1,JEANS,SKINY,6X29,1
2020-01-02 00:00:00.000,OUTLET,MAYORCA 1,JEANS,SKINY,6X29,1
2020-01-02 00:00:00.000,OUTLET,MAYORCA 1,JEANS,SKINY,6X29,1
2020-01-02 00:00:00.000,OUTLET,MAYORCA 1,JEANS,SKINY,7X29,1
2020-01-02 00:00:00.000,OUTLET,MAYORCA 1,JEANS,SKINY,8X29,1
2020-01-02 00:00:00.000,OUTLET,MAYORCA 1,JEANS,SKINY,8X29,1
2020-01-02 00:00:00.000,OUTLET,MAYORCA 1,JEANS,SKINY,9X29,1
2020-01-02 00:00:00.000,OUTLET,MAYORCA 1,JEANS,SKINY,9X29,1
2020-01-02 00:00:00.000,OUTLET,MAYORCA 1,JEANS,SKINY,9X29,1
2020-01-02 00:00:00.000,OUTLET,MAYORCA 1,CAMISETAS,CAMISETA MANGA LARGA,XL,1
2020-01-02 00:00:00.000,OUTLET,MAYORCA 1,CAMISETAS,CAMISETA_MANGA_CORTA,L,1
2020-01-02 00:00:00.000,OUTLET,MAYORCA 1,CAMISETAS,CAMISETA_MANGA_CORTA,M,1
2020-01-02 00:00:00.000,OUTLET,MAYORCA 1,CAMISETAS,CAMISETA_MANGA_CORTA,S,1
2020-01-02 00:00:00.000,OUTLET,MAYORCA 1,CAMISETAS,CAMISETA_MANGA_CORTA,XS,1
2020-01-02 00:00:00.000,OUTLET,MAYORCA 1,CAMISETAS,CAMISETA_MANGA_CORTA,XS,2
2020-01-02 00:00:00.000,OUTLET,MAYORCA 1,BLUSAS,MANGA_CORTA_M,L,1
2020-01-02 00:00:00.000,OUTLET,MAYORCA 1,BLUSAS,MANGA_CORTA_M,L,1
2020-01-02 00:00:00.000,OUTLET,MAYORCA 1,BLUSAS,MANGA_CORTA_M,S,1
2020-01-02 00:00:00.000,OUTLET,MAYORCA 1,BLUSAS,MANGA_CORTA_M,S,1
2020-01-02 00:00:00.000,OUTLET,MAYORCA 1,BLUSAS,MANGA_CORTA_M,XL,1
2020-01-02 00:00:00.000,OUTLET,MAYORCA 1,BLUSAS,MANGA_CORTA_M,XS,1
2020-01-02 00:00:00.000,OUTLET,MAYORCA 1,BLUSAS,MANGA_CORTA_M_B,M,1
2020-01-02 00:00:00.000,OUTLET,MAYORCA 1,BLUSAS,MANGA_LARGA_M,L,1
2020-01-02 00:00:00.000,OUTLET,MAYORCA 1,BLUSAS,MANGA_LARGA_M,L,2
2020-01-02 00:00:00.000,OUTLET,MAYORCA 1,BLUSAS,MANGA_LARGA_M,L,1
2020-01-02 00:00:00.000,OUTLET,MAYORCA 1,BLUSAS,MANGA_LARGA_M,L,1
2020-01-02 00:00:00.000,OUTLET,MAYORCA 1,BLUSAS,MANGA_LARGA_M,S,1
2020-01-02 00:00:00.000,OUTLET,MAYORCA 1,BLUSAS,MANGA_LARGA_M,S,1
2020-01-02 00:00:00.000,OUTLET,MAYORCA 1,BLUSAS,MANGA_LARGA_M,S,1
2020-01-02 00:00:00.000,OUTLET,MAYORCA 1,BLUSAS,MANGA_LARGA_M,S,1
2020-01-02 00:00:00.000,OUTLET,MAYORCA 1,BLUSAS,MANGA_LARGA_M,S,1
2020-01-02 00:00:00.000,OUTLET,MAYORCA 1,BLUSAS,MANGA_LARGA_M,S,2
2020-01-02 00:00:00.000,OUTLET,MAYORCA 1,BLUSAS,MANGA_LARGA_M,S,1
2020-01-02 00:00:00.000,OUTLET,MAYORCA 1,BLUSAS,MANGA_LARGA_M,XS,1
2020-01-02 00:00:00.000,OUTLET,MAYORCA 1,BLUSAS,MANGA_LARGA_M,XS,1
2020-01-02 00:00:00.000,OUTLET,MAYORCA 1,BLUSAS,MANGA_LARGA_M,XS,1
2020-01-02 00:00:00.000,OUTLET,MAYORCA 1,BLUSAS,MANGA_LARGA_M,XS,1
2020-01-02 00:00:00.000,OUTLET,MAYORCA 1,BLUSAS,MANGA_SISA,L,1
2020-01-02 00:00:00.000,OUTLET,MAYORCA 1,BLUSAS,MANGA_SISA,XL,1
2020-01-02 00:00:00.000,OUTLET,MAYORCA 1,PANTALON COLOR,SKINY COLOR,26X29,2
2020-01-02 00:00:00.000,OUTLET,MAYORCA 1,PANTALON COLOR,SKINY COLOR,28X29,1
2020-01-02 00:00:00.000,OUTLET,MAYORCA 1,PANTALON COLOR,SKINY COLOR,28X29,1
2020-01-02 00:00:00.000,OUTLET,MAYORCA 1,PANTALON COLOR,SKINY COLOR,28X32,1
2020-01-02 00:00:00.000,OUTLET,MAYORCA 1,PANTALON COLOR,SKINY COLOR,29X29,1
2020-01-02 00:00:00.000,OUTLET,MAYORCA 1,PANTALON COLOR,SKINY COLOR,29X29,2
2020-01-02 00:00:00.000,OUTLET,MAYORCA 1,PANTALON COLOR,SKINY COLOR,30X29,3
2020-01-02 00:00:00.000,OUTLET,MAYORCA 1,PANTALON COLOR,SKINY COLOR,30X29,1
2020-01-02 00:00:00.000,OUTLET,MAYORCA 1,PANTALON COLOR,SKINY COLOR,30X29,1
2020-01-02 00:00:00.000,OUTLET,MAYORCA 1,PANTALON COLOR,SKINY COLOR,30X29,1
2020-01-02 00:00:00.000,OUTLET,MAYORCA 1,PANTALON COLOR,SKINY COLOR,32X29,1
2020-01-02 00:00:00.000,OUTLET,MAYORCA 1,PANTALON COLOR,SKINY COLOR,32X29,1
2020-01-02 00:00:00.000,OUTLET,MAYORCA 1,PANTALON COLOR,SKINY COLOR,32X29,1
2020-01-02 00:00:00.000,OUTLET,MAYORCA 1,PANTALON COLOR,SKINY COLOR,36X29,1
2020-01-02 00:00:00.000,OUTLET,MAYORCA 1,PANTALON COLOR,SKINY COLOR,36X29,1
2020-01-02 00:00:00.000,OUTLET,MAYORCA 1,PANTALON COLOR,SKINY COLOR,36X32,1
2020-01-02 00:00:00.000,OUTLET,MAYORCA 1,PANTALON COLOR,SKINY NEGRO ENCERADO,27X29,1
2020-01-02 00:00:00.000,OUTLET,MAYORCA 1,PANTALON COLOR,SKINY NEGRO ENCERADO,34X29,2
2020-01-02 00:00:00.000,OUTLET,MAYORCA 1,JEANS,REGULAR,36X32,1
2020-01-02 00:00:00.000,OUTLET,MAYORCA 1,JEANS,SLIM,32X32,1
2020-01-02 00:00:00.000,OUTLET,MAYORCA 1,JEANS,SLIM,32X32,1
2020-01-02 00:00:00.000,OUTLET,MAYORCA 1,JEANS,SLIM,32X32,1
2020-01-02 00:00:00.000,OUTLET,MAYORCA 1,JEANS,SLIM,32X32,1
2020-01-02 00:00:00.000,OUTLET,MAYORCA 1,JEANS,SLIM,32X32,1
2020-01-02 00:00:00.000,OUTLET,MAYORCA 1,JEANS,SLIM,32X32,1
2020-01-02 00:00:00.000,OUTLET,MAYORCA 1,JEANS,SLIM,32X32,2
2020-01-02 00:00:00.000,OUTLET,MAYORCA 1,JEANS,SLIM,33X32,1
2020-01-02 00:00:00.000,OUTLET,MAYORCA 1,JEANS,SLIM,34X32,2
2020-01-02 00:00:00.000,OUTLET,MAYORCA 1,JEANS,SLIM,36X32,1
2020-01-02 00:00:00.000,OUTLET,MAYORCA 1,JEANS,SLIM,36X32,1
2020-01-02 00:00:00.000,OUTLET,MAYORCA 1,JEANS,SLIM,36X32,2
2020-01-02 00:00:00.000,OUTLET,MAYORCA 1,JEANS,SLIM NEGRO MATE,32X32,1
2020-01-02 00:00:00.000,OUTLET,MAYORCA 1,JEANS,SLIM VERDOSO,32X32,1
2020-01-02 00:00:00.000,OUTLET,MAYORCA 1,JEANS,SLIM VERDOSO,36X32,1
2020-01-02 00:00:00.000,OUTLET,MAYORCA 1,CAMIBUSOS,CAMIBUSO,XL,1
2020-01-02 00:00:00.000,OUTLET,MAYORCA 1,CAMIBUSOS,CAMIBUSO,XL,1
2020-01-02 00:00:00.000,OUTLET,MAYORCA 1,CAMISAS,MANGA_CORTA_H,XXL,1
2020-01-02 00:00:00.000,OUTLET,MAYORCA 1,CAMISAS,MANGA_CORTA_H_B,XL,1
2020-01-02 00:00:00.000,OUTLET,MAYORCA 1,CAMISAS,MANGA_LARGA_H,L,1
2020-01-02 00:00:00.000,OUTLET,MAYORCA 1,CAMISAS,MANGA_LARGA_H,L,1
2020-01-02 00:00:00.000,OUTLET,MAYORCA 1,CAMISAS,MANGA_LARGA_H,L,1
2020-01-02 00:00:00.000,OUTLET,MAYORCA 1,CAMISAS,MANGA_LARGA_H,M,1
2020-01-02 00:00:00.000,OUTLET,MAYORCA 1,CAMISAS,MANGA_LARGA_H,M,1
2020-01-02 00:00:00.000,OUTLET,MAYORCA 1,CAMISAS,MANGA_LARGA_H,S,1
2020-01-02 00:00:00.000,OUTLET,MAYORCA 1,CAMISAS,MANGA_LARGA_H,S,1
2020-01-02 00:00:00.000,OUTLET,MAYORCA 1,CAMISAS,MANGA_LARGA_H,S,1
2020-01-02 00:00:00.000,OUTLET,MAYORCA 1,CAMISAS,MANGA_LARGA_H,XL,2
2020-01-02 00:00:00.000,OUTLET,MAYORCA 1,CAMISAS,MANGA_LARGA_H,XL,1
2020-01-02 00:00:00.000,OUTLET,MAYORCA 1,CAMISAS,MANGA_LARGA_H,XXL,1
2020-01-02 00:00:00.000,OUTLET,MAYORCA 1,CAMISAS,MANGA_LARGA_H_B,L,1
2020-01-02 00:00:00.000,OUTLET,MAYORCA 1,CAMISAS,MANGA_LARGA_H_B,L,3
2020-01-02 00:00:00.000,OUTLET,MAYORCA 1,CAMISAS,MANGA_LARGA_H_B,M,2
2020-01-02 00:00:00.000,OUTLET,MAYORCA 1,CAMISAS,MANGA_LARGA_H_B,S,1
2020-01-02 00:00:00.000,OUTLET,MAYORCA 1,CAMISAS,MANGA_LARGA_H_B,XL,1
2020-01-02 00:00:00.000,OUTLET,MAYORCA 1,CAMISAS,MANGA_LARGA_H_B,XL,2
2020-01-02 00:00:00.000,OUTLET,MAYORCA 1,POLOS,POLO,M,1
2020-01-02 00:00:00.000,OUTLET,MAYORCA 1,POLOS,POLO,M,1
2020-01-02 00:00:00.000,OUTLET,MAYORCA 1,POLOS,POLO,M,1
2020-01-02 00:00:00.000,OUTLET,MAYORCA 1,POLOS,POLO,XL,1
2020-01-02 00:00:00.000,OUTLET,MAYORCA 1,POLOS,POLO,XL,1
2020-01-02 00:00:00.000,OUTLET,MAYORCA 1,POLOS,POLO_B,L,1
2020-01-02 00:00:00.000,OUTLET,MAYORCA 1,POLOS,POLO_B,M,1
2020-01-02 00:00:00.000,OUTLET,MAYORCA 1,POLOS,POLO_B,XL,1
2020-01-02 00:00:00.000,OUTLET,MAYORCA 1,POLOS,POLO_B,XL,1
2020-01-02 00:00:00.000,OUTLET,MAYORCA 1,POLOS,POLO_B,XL,1
2020-01-02 00:00:00.000,OUTLET,MAYORCA 1,PANTALON COLOR,SLIM COLOR,30X32,1
2020-01-02 00:00:00.000,OUTLET,MAYORCA 1,PANTALON COLOR,SLIM COLOR,30X32,1
2020-01-02 00:00:00.000,OUTLET,MAYORCA 1,PANTALON COLOR,SLIM COLOR,32X32,1
2020-01-02 00:00:00.000,OUTLET,MAYORCA 1,PANTALON COLOR,SLIM COLOR,32X32,2
2020-01-02 00:00:00.000,OUTLET,MAYORCA 1,PANTALON COLOR,SLIM COLOR,33X32,1
2020-01-02 00:00:00.000,OUTLET,MAYORCA 1,PANTALON COLOR,SLIM COLOR,34X32,1
2020-01-02 00:00:00.000,OUTLET,MAYORCA 1,PANTALON COLOR,SLIM COLOR,34X32,1
2020-01-02 00:00:00.000,OUTLET,MAYORCA 1,PANTALON COLOR,SLIM COLOR,36X32,1
2020-01-02 00:00:00.000,OUTLET,MAYORCA 1,PANTALON COLOR,SLIM COLOR,36X32,1
2020-01-02 00:00:00.000,OUTLET,MAYORCA 1,PANTALON COLOR,SLIM COLOR,36X32,1
2020-01-02 00:00:00.000,OUTLET,MAYORCA 1,PANTALON COLOR,SLIM COLOR,36X32,1
2020-01-02 00:00:00.000,OUTLET,TERMINAL DEL NORTE,JEANS,JEGGIN,10X29,1
2020-01-02 00:00:00.000,OUTLET,TERMINAL DEL NORTE,JEANS,JEGGIN,10X29,1
2020-01-02 00:00:00.000,OUTLET,TERMINAL DEL NORTE,JEANS,JEGGIN,12X29,2
2020-01-02 00:00:00.000,OUTLET,TERMINAL DEL NORTE,JEANS,JEGGIN,12X29,1
2020-01-02 00:00:00.000,OUTLET,TERMINAL DEL NORTE,JEANS,JEGGIN,12X29,1
2020-01-02 00:00:00.000,OUTLET,TERMINAL DEL NORTE,JEANS,JEGGIN,30X29,1
2020-01-02 00:00:00.000,OUTLET,TERMINAL DEL NORTE,JEANS,JEGGIN,32X29,1
2020-01-02 00:00:00.000,OUTLET,TERMINAL DEL NORTE,JEANS,JEGGIN,34X29,1
2020-01-02 00:00:00.000,OUTLET,TERMINAL DEL NORTE,JEANS,JEGGIN,8X29,1
2020-01-02 00:00:00.000,OUTLET,TERMINAL DEL NORTE,JEANS,JEGGIN,9X29,1
2020-01-02 00:00:00.000,OUTLET,TERMINAL DEL NORTE,JEANS,JEGGIN,9X29,1
2020-01-02 00:00:00.000,OUTLET,TERMINAL DEL NORTE,JEANS,SKINY,10X29,2
2020-01-02 00:00:00.000,OUTLET,TERMINAL DEL NORTE,JEANS,SKINY,10X29,1
2020-01-02 00:00:00.000,OUTLET,TERMINAL DEL NORTE,JEANS,SKINY,10X29,1
2020-01-02 00:00:00.000,OUTLET,TERMINAL DEL NORTE,JEANS,SKINY,12X29,1
2020-01-02 00:00:00.000,OUTLET,TERMINAL DEL NORTE,JEANS,SKINY,12X29,1
2020-01-02 00:00:00.000,OUTLET,TERMINAL DEL NORTE,JEANS,SKINY,12X29,1
2020-01-02 00:00:00.000,OUTLET,TERMINAL DEL NORTE,JEANS,SKINY,12X29,1
2020-01-02 00:00:00.000,OUTLET,TERMINAL DEL NORTE,JEANS,SKINY,14X29,1
2020-01-02 00:00:00.000,OUTLET,TERMINAL DEL NORTE,JEANS,SKINY,14X29,1
2020-01-02 00:00:00.000,OUTLET,TERMINAL DEL NORTE,JEANS,SKINY,30X29,1
2020-01-02 00:00:00.000,OUTLET,TERMINAL DEL NORTE,JEANS,SKINY,6X29,1
2020-01-02 00:00:00.000,OUTLET,TERMINAL DEL NORTE,JEANS,SKINY,6X29,1
2020-01-02 00:00:00.000,OUTLET,TERMINAL DEL NORTE,CAMISETAS,CAMISETA_MANGA_CORTA,M,1
2020-01-02 00:00:00.000,OUTLET,TERMINAL DEL NORTE,CAMISETAS,CAMISETA_MANGA_CORTA,M,1
2020-01-02 00:00:00.000,OUTLET,TERMINAL DEL NORTE,CAMISETAS,CAMISETA_MANGA_CORTA,S,1
2020-01-02 00:00:00.000,OUTLET,TERMINAL DEL NORTE,CAMISETAS,CAMISETA_MANGA_CORTA,S,1
2020-01-02 00:00:00.000,OUTLET,TERMINAL DEL NORTE,CAMISETAS,CAMISETA_MANGA_CORTA,XS,1
2020-01-02 00:00:00.000,OUTLET,TERMINAL DEL NORTE,BLUSAS,BUSO_M,XL,1
2020-01-02 00:00:00.000,OUTLET,TERMINAL DEL NORTE,BLUSAS,MANGA_CORTA_M,L,1
2020-01-02 00:00:00.000,OUTLET,TERMINAL DEL NORTE,BLUSAS,MANGA_CORTA_M,S,1
2020-01-02 00:00:00.000,OUTLET,TERMINAL DEL NORTE,BLUSAS,MANGA_CORTA_M,XL,1
2020-01-02 00:00:00.000,OUTLET,TERMINAL DEL NORTE,BLUSAS,MANGA_CORTA_M_B,M,1
2020-01-02 00:00:00.000,OUTLET,TERMINAL DEL NORTE,BLUSAS,MANGA_LARGA_M,L,1
2020-01-02 00:00:00.000,OUTLET,TERMINAL DEL NORTE,BLUSAS,MANGA_LARGA_M,L,1
2020-01-02 00:00:00.000,OUTLET,TERMINAL DEL NORTE,BLUSAS,MANGA_LARGA_M,M,1
2020-01-02 00:00:00.000,OUTLET,TERMINAL DEL NORTE,BLUSAS,MANGA_LARGA_M,M,1
2020-01-02 00:00:00.000,OUTLET,TERMINAL DEL NORTE,BLUSAS,MANGA_LARGA_M,M,1
2020-01-02 00:00:00.000,OUTLET,TERMINAL DEL NORTE,BLUSAS,MANGA_LARGA_M,M,2
2020-01-02 00:00:00.000,OUTLET,TERMINAL DEL NORTE,BLUSAS,MANGA_LARGA_M_B,M,1
2020-01-02 00:00:00.000,OUTLET,TERMINAL DEL NORTE,BLUSAS,MANGA_LARGA_M_B,S,2
2020-01-02 00:00:00.000,OUTLET,TERMINAL DEL NORTE,BLUSAS,MANGA_LARGA_M_B,S,1
2020-01-02 00:00:00.000,OUTLET,TERMINAL DEL NORTE,BLUSAS,MANGA_LARGA_M_B,XS,1
2020-01-02 00:00:00.000,OUTLET,TERMINAL DEL NORTE,BLUSAS,MANGA_SISA,M,1
2020-01-02 00:00:00.000,OUTLET,TERMINAL DEL NORTE,BLUSAS,MANGA_SISA,S,1
2020-01-02 00:00:00.000,OUTLET,TERMINAL DEL NORTE,PANTALON COLOR,SKINY COLOR,27X32,1
2020-01-02 00:00:00.000,OUTLET,TERMINAL DEL NORTE,PANTALON COLOR,SKINY COLOR,28X29,1
2020-01-02 00:00:00.000,OUTLET,TERMINAL DEL NORTE,PANTALON COLOR,SKINY COLOR,29X32,1
2020-01-02 00:00:00.000,OUTLET,TERMINAL DEL NORTE,PANTALON COLOR,SKINY COLOR,30X29,2
2020-01-02 00:00:00.000,OUTLET,TERMINAL DEL NORTE,PANTALON COLOR,SKINY COLOR,30X29,1
2020-01-02 00:00:00.000,OUTLET,TERMINAL DEL NORTE,PANTALON COLOR,SKINY COLOR,30X32,1
2020-01-02 00:00:00.000,OUTLET,TERMINAL DEL NORTE,PANTALON COLOR,SKINY COLOR,30X32,1
2020-01-02 00:00:00.000,OUTLET,TERMINAL DEL NORTE,PANTALON COLOR,SKINY COLOR,30X32,1
2020-01-02 00:00:00.000,OUTLET,TERMINAL DEL NORTE,PANTALON COLOR,SKINY COLOR,32X29,1
2020-01-02 00:00:00.000,OUTLET,TERMINAL DEL NORTE,PANTALON COLOR,SKINY COLOR,34X29,1
2020-01-02 00:00:00.000,OUTLET,TERMINAL DEL NORTE,PANTALON COLOR,SKINY COLOR,34X29,1
2020-01-02 00:00:00.000,OUTLET,TERMINAL DEL NORTE,PANTALON COLOR,SKINY NEGRO ENCERADO,28X29,1
2020-01-02 00:00:00.000,OUTLET,TERMINAL DEL NORTE,JEANS,SLIM,31X32,1
2020-01-02 00:00:00.000,OUTLET,TERMINAL DEL NORTE,JEANS,SLIM,32X32,1
2020-01-02 00:00:00.000,OUTLET,TERMINAL DEL NORTE,JEANS,SLIM,32X32,1
2020-01-02 00:00:00.000,OUTLET,TERMINAL DEL NORTE,JEANS,SLIM,32X32,1
2020-01-02 00:00:00.000,OUTLET,TERMINAL DEL NORTE,JEANS,SLIM,32X32,1
2020-01-02 00:00:00.000,OUTLET,TERMINAL DEL NORTE,JEANS,SLIM,32X32,2
2020-01-02 00:00:00.000,OUTLET,TERMINAL DEL NORTE,JEANS,SLIM,33X32,1
2020-01-02 00:00:00.000,OUTLET,TERMINAL DEL NORTE,JEANS,SLIM VERDOSO,34X32,2
2020-01-02 00:00:00.000,OUTLET,TERMINAL DEL NORTE,CAMIBUSOS,CAMIBUSO,XL,1
2020-01-02 00:00:00.000,OUTLET,TERMINAL DEL NORTE,CAMISETAS,T-SHIRT,L,1
2020-01-02 00:00:00.000,OUTLET,TERMINAL DEL NORTE,CAMISETAS,T-SHIRT,M,1
2020-01-02 00:00:00.000,OUTLET,TERMINAL DEL NORTE,CAMISAS,MANGA_CORTA_H,L,1
2020-01-02 00:00:00.000,OUTLET,TERMINAL DEL NORTE,CAMISAS,MANGA_CORTA_H_B,L,1
2020-01-02 00:00:00.000,OUTLET,TERMINAL DEL NORTE,CAMISAS,MANGA_CORTA_H_B,M,1
2020-01-02 00:00:00.000,OUTLET,TERMINAL DEL NORTE,CAMISAS,MANGA_CORTA_H_B,S,1
2020-01-02 00:00:00.000,OUTLET,TERMINAL DEL NORTE,CAMISAS,MANGA_LARGA_H,L,1
2020-01-02 00:00:00.000,OUTLET,TERMINAL DEL NORTE,CAMISAS,MANGA_LARGA_H,L,1
2020-01-02 00:00:00.000,OUTLET,TERMINAL DEL NORTE,CAMISAS,MANGA_LARGA_H,M,1
2020-01-02 00:00:00.000,OUTLET,TERMINAL DEL NORTE,CAMISAS,MANGA_LARGA_H,M,1
2020-01-02 00:00:00.000,OUTLET,TERMINAL DEL NORTE,CAMISAS,MANGA_LARGA_H,S,1
2020-01-02 00:00:00.000,OUTLET,TERMINAL DEL NORTE,CAMISAS,MANGA_LARGA_H,XL,1
2020-01-02 00:00:00.000,OUTLET,TERMINAL DEL NORTE,CAMISAS,MANGA_LARGA_H_B,XL,1
2020-01-02 00:00:00.000,OUTLET,TERMINAL DEL NORTE,POLOS,POLO,L,1
2020-01-02 00:00:00.000,OUTLET,TERMINAL DEL NORTE,POLOS,POLO,L,1
2020-01-02 00:00:00.000,OUTLET,TERMINAL DEL NORTE,POLOS,POLO,L,1
2020-01-02 00:00:00.000,OUTLET,TERMINAL DEL NORTE,POLOS,POLO_B,L,1
2020-01-02 00:00:00.000,OUTLET,TERMINAL DEL NORTE,PANTALON COLOR,SLIM COLOR,30X32,1
2020-01-02 00:00:00.000,OUTLET,TERMINAL DEL NORTE,PANTALON COLOR,SLIM COLOR,32X32,1
2020-01-02 00:00:00.000,OUTLET,TERMINAL DEL NORTE,PANTALON COLOR,SLIM COLOR,34X32,1
2020-01-02 00:00:00.000,OUTLET,TERMINAL DEL NORTE,PANTALON COLOR,SLIM COLOR,34X32,2
2020-01-02 00:00:00.000,OUTLET,TERMINAL DEL NORTE,PANTALON COLOR,SLIM COLOR,36X32,1
2020-01-02 00:00:00.000,PUEBLO,MARINILLA,JEANS,JEGGIN,10X29,1
2020-01-02 00:00:00.000,PUEBLO,MARINILLA,JEANS,JEGGIN,10X29,1
2020-01-02 00:00:00.000,PUEBLO,MARINILLA,JEANS,JEGGIN,8X29,1
2020-01-02 00:00:00.000,PUEBLO,MARINILLA,JEANS,JEGGIN,9X29,1
2020-01-02 00:00:00.000,PUEBLO,MARINILLA,JEANS,SKINY,12X29,1
2020-01-02 00:00:00.000,PUEBLO,MARINILLA,JEANS,SKINY,12X29,1
2020-01-02 00:00:00.000,PUEBLO,MARINILLA,JEANS,SKINY,12X29,1
2020-01-02 00:00:00.000,PUEBLO,MARINILLA,BLUSAS,MANGA_CORTA_M,L,1
2020-01-02 00:00:00.000,PUEBLO,MARINILLA,BLUSAS,MANGA_CORTA_M,XL,1
2020-01-02 00:00:00.000,PUEBLO,MARINILLA,BLUSAS,MANGA_CORTA_M,XS,1
2020-01-02 00:00:00.000,PUEBLO,MARINILLA,BLUSAS,MANGA_LARGA_M,L,1
2020-01-02 00:00:00.000,PUEBLO,MARINILLA,BLUSAS,MANGA_LARGA_M,M,1
2020-01-02 00:00:00.000,PUEBLO,MARINILLA,BLUSAS,MANGA_LARGA_M,M,1
2020-01-02 00:00:00.000,PUEBLO,MARINILLA,BLUSAS,MANGA_LARGA_M,XS,1
2020-01-02 00:00:00.000,PUEBLO,MARINILLA,BLUSAS,MANGA_SISA,XS,1
2020-01-02 00:00:00.000,PUEBLO,MARINILLA,PANTALON COLOR,SKINY COLOR,34X29,1
2020-01-02 00:00:00.000,PUEBLO,MARINILLA,PANTALON COLOR,SKINY NEGRO ENCERADO,26X29,1
2020-01-02 00:00:00.000,PUEBLO,MARINILLA,PANTALON COLOR,SKINY NEGRO ENCERADO,32X29,1
2020-01-02 00:00:00.000,PUEBLO,MARINILLA,PANTALON COLOR,SKINY NEGRO ENCERADO,34X29,1
2020-01-02 00:00:00.000,PUEBLO,MARINILLA,JEANS,SLIM,30X32,1
2020-01-02 00:00:00.000,PUEBLO,MARINILLA,JEANS,SLIM,30X32,1
2020-01-02 00:00:00.000,PUEBLO,MARINILLA,JEANS,SLIM,33X32,1
2020-01-02 00:00:00.000,PUEBLO,MARINILLA,JEANS,SLIM,33X32,1
2020-01-02 00:00:00.000,PUEBLO,MARINILLA,JEANS,SLIM NEGRO MATE,32X32,1
2020-01-02 00:00:00.000,PUEBLO,MARINILLA,JEANS,SLIM VERDOSO,33X32,1
2020-01-02 00:00:00.000,PUEBLO,MARINILLA,CAMIBUSOS,CAMIBUSO,L,1
2020-01-02 00:00:00.000,PUEBLO,MARINILLA,CAMISETAS,T-SHIRT,L,1
2020-01-02 00:00:00.000,PUEBLO,MARINILLA,CAMISETAS,T-SHIRT,M,1
2020-01-02 00:00:00.000,PUEBLO,MARINILLA,CAMISETAS,T-SHIRT,XL,1
2020-01-02 00:00:00.000,PUEBLO,MARINILLA,CAMISETAS,T-SHIRT,XL,1
