1,CAMISETAS,5
1,PANTALON COLOR,10
1,TAPABOCAS,2
1,BUSOS,1
1,JEANS,8
1,CAMISAS,3
1,JEANS,27
1,BLUSAS,2
1,JEANS,14
1,BLUSAS,7
1,CAMISETAS,2
1,PANTALON COLOR,15
1,BLUSAS,2
1,CAMISETAS,4
1,CAMISAS,10
1,PANTALON COLOR,2
2,CAMISAS,12
2,CHAQUETAS,1
2,BLUSAS,1
2,CAMIBUSOS,1
2,CAMISAS,1
2,BLUSAS,3
2,CAMISAS,3
2,JEANS,12
2,BLUSAS,1
2,PANTALON COLOR,1
2,JOGGER,1
2,CAMISETAS,1
2,TAPABOCAS,1
2,CAMISAS,3
2,CHAQUETAS,1
2,POLOS,1
2,JEANS,19
2,POLOS,1
2,PANTALON COLOR,7
2,BUSOS,3
2,PANTALON COLOR,10
2,BLUSAS,1
2,POLOS,1
2,PANTALON COLOR,5
2,TAPABOCAS,1
2,CAMIBUSOS,1
2,JEANS,29
2,CHAQUETAS,1
2,JEANS,4
2,BERMUDA,1
2,BLUSAS,6
2,JEANS,12
2,CAMISETAS,5
2,POLOS,12
2,PANTALON COLOR,5
2,PANTALON COLOR,12
2,JOGGER,8
2,PANTALON COLOR,4
2,CAMISETAS,9
2,JEANS,19
2,CAMIBUSOS,1
2,CAMISETAS,3
2,CAMISAS,7
2,BLUSAS,1
2,CAMISETAS,3
2,JOGGER,5
2,CHAQUETAS,1
2,JEANS,4
2,JEANS,12
2,BLUSAS,1
2,JOGGER,1
2,CAMIBUSOS,2
2,BLUSAS,4
2,PANTALON COLOR,4
2,CAMISETAS,4
2,POLOS,1
2,POLOS,2
2,JOGGER,3
2,PANTALON COLOR,1
2,JOGGER,4
2,BLUSAS,1
2,JEANS,28
2,CAMIBUSOS,1
2,CAMISAS,5
2,CHAQUETAS,3
2,CAMISAS,13
2,JEANS,8
2,CAMISETAS,3
2,CAMISAS,3
2,JEANS,6
2,POLOS,4
2,TAPABOCAS,1
2,CAMISETAS,1
2,JOGGER,13
2,JOGGER,3
2,PANTALON COLOR,9
2,BLUSAS,3
2,TAPABOCAS,2
2,JOGGER,2
2,JEANS,12
2,CAMIBUSOS,1
2,JEANS,3
2,CAMISAS,3
2,JOGGER,1
2,CAMIBUSOS,3
2,PANTALON COLOR,10
2,CAMISETAS,3
2,CAMISETAS,1
2,JEANS,56
2,BUSOS,1
2,POLOS,1
2,POLOS,3
2,PANTALON COLOR,17
2,BLUSAS,3
2,BLUSAS,2
2,JOGGER,1
2,POLOS,1
2,JOGGER,4
2,POLOS,5
2,PANTALON COLOR,7
2,CAMISETAS,3
2,PANTALON COLOR,4
2,CORREAS,1
2,CAMIBUSOS,1
2,POLOS,4
2,BERMUDA,1
2,POLOS,2
2,JEANS,14
2,JOGGER,4
2,CAMISAS,6
2,CAMISETAS,6
2,CHAQUETAS,1
2,TAPABOCAS,2
2,JEANS,44
2,BLUSAS,2
2,JOGGER,2
2,PANTALON COLOR,11
2,POLOS,6
2,CAMISAS,5
2,CAMIBUSOS,3
2,JOGGER,3
2,CAMISETAS,4
2,JEANS,7
2,CAMISAS,11
2,BUSOS,1
2,POLOS,1
2,CAMISAS,9
2,POLOS,2
2,CAMISETAS,3
2,PANTALON COLOR,1
2,BLUSAS,4
2,CAMISETAS,3
2,CAMISAS,12
2,BUSOS,1
2,CAMIBUSOS,1
2,PANTALON COLOR,2
2,JEANS,14
3,BUSOS,1
3,CAMISETAS,1
3,CAMISETAS,4
3,CAMISETAS,6
3,TAPABOCAS,3
3,CAMISAS,6
3,JOGGER,2
3,BLUSAS,2
3,JOGGER,3
3,JEANS,31
3,CAMISAS,3
3,CAMIBUSOS,6
3,BLUSAS,3
3,JEANS,10
3,JEANS,17
3,PANTALON COLOR,5
3,POLOS,3
3,BLUSAS,2
3,BLUSAS,1
3,POLOS,3
3,PANTALON COLOR,6
3,JEANS,14
3,JOGGER,6
3,CAMISAS,3
3,CAMIBUSOS,1
3,JEANS,22
3,CAMISAS,8
3,POLOS,5
3,JEANS,16
3,CAMIBUSOS,5
3,VESTIDOS,1
3,JOGGER,3
3,CAMISAS,9
3,PANTALON COLOR,6
3,PANTALON COLOR,11
3,JOGGER,1
3,CHAQUETAS,1
3,BLUSAS,1
3,BLUSAS,4
3,POLOS,3
3,JEANS,42
3,CAMISETAS,4
3,PANTALON COLOR,8
3,CAMISAS,4
3,POLOS,2
3,PANTALON COLOR,12
3,JEANS,14
3,JOGGER,5
3,PANTALON COLOR,4
3,CAMISAS,6
3,CAMISETAS,2
3,CAMISAS,3
3,CAMISETAS,3
3,BLUSAS,3
3,CAMIBUSOS,2
3,CAMISAS,6
3,CAMISAS,8
3,JEANS,11
3,VESTIDOS,2
3,BLUSAS,4
3,PANTALON COLOR,2
3,BLUSAS,6
3,CAMISETAS,4
3,TAPABOCAS,1
3,PANTALON COLOR,11
3,POLOS,3
3,POLOS,5
3,CAMIBUSOS,2
3,PANTALON COLOR,6
3,CAMIBUSOS,1
3,CAMISAS,3
3,JEANS,19
3,BLUSAS,1
3,PANTALON COLOR,5
3,JEANS,28
3,PANTALON COLOR,5
3,JEANS,39
3,CAMISETAS,2
3,POLOS,4
3,BUSOS,1
3,CAMISAS,5
3,CAMISAS,10
3,JEANS,18
3,CAMIBUSOS,2
3,PANTALON COLOR,7
3,JOGGER,3
3,CAMISETAS,3
3,CAMISETAS,5
3,CAMISETAS,1
3,PANTALON COLOR,6
3,POLOS,2
3,POLOS,5
3,CAMIBUSOS,1
3,JOGGER,3
3,PANTALON COLOR,10
3,CAMISAS,2
3,BUSOS,1
3,CAMISAS,4
3,POLOS,2
3,BERMUDA,1
3,JEANS,2
3,CORREAS,1
3,BLUSAS,1
3,CAMISAS,6
3,CAMISETAS,9
3,JOGGER,4
3,PANTALON COLOR,7
3,JEANS,15
3,CAMISETAS,5
3,JEANS,17
3,BLUSAS,5
3,CAMISAS,7
3,JEANS,17
3,CAMIBUSOS,1
3,POLOS,1
3,BLUSAS,3
3,PANTALON COLOR,15
4,JEANS,15
4,POLOS,2
4,JEANS,25
4,BLUSAS,7
4,CHAQUETAS,1
4,POLOS,1
4,JEANS,7
4,PANTALON COLOR,5
4,BLUSAS,6
4,PANTALON COLOR,7
4,BLUSAS,4
4,CAMISAS,5
4,JOGGER,3
4,PANTALON COLOR,13
4,CAMISETAS,3
4,CAMISAS,6
4,PANTALON COLOR,16
4,CAMISETAS,1
4,CAMISAS,5
4,CAMISETAS,9
4,BLUSAS,3
4,PANTALON COLOR,5
4,CAMISETAS,1
4,PANTALON COLOR,11
4,CAMISAS,4
4,POLOS,3
4,CAMISAS,4
4,CAMISAS,3
4,JEANS,10
4,TAPABOCAS,1
4,CAMISETAS,3
4,PANTALON COLOR,2
4,JOGGER,25
4,CAMISAS,2
4,JEANS,17
4,BUSOS,1
4,JEANS,27
4,BUSOS,1
4,JEANS,6
4,BLUSAS,1
4,BLUSAS,9
4,CAMISETAS,7
4,CAMISAS,5
4,JEANS,8
4,PANTALON COLOR,5
4,JEANS,4
4,BLUSAS,4
4,POLOS,8
4,BLUSAS,1
4,CAMISAS,8
4,POLOS,2
4,JOGGER,1
4,CAMISETAS,4
4,PANTALON COLOR,2
4,JOGGER,7
4,TAPABOCAS,2
4,CAMISETAS,1
4,CAMISAS,9
4,PANTALON COLOR,7
4,PANTALON COLOR,12
4,CAMISAS,1
4,CAMISETAS,6
4,JOGGER,2
4,JEANS,19
4,JEANS,8
4,CAMISETAS,1
4,PANTALON COLOR,6
4,CAMISAS,6
4,POLOS,3
4,POLOS,1
4,BLUSAS,5
4,JEANS,5
4,POLOS,1
4,POLOS,1
4,JEANS,9
4,BUSOS,1
4,JEANS,26
4,POLOS,1
4,BUSOS,1
4,CAMISAS,1
4,POLOS,2
4,TAPABOCAS,1
4,CAMISAS,3
4,BLUSAS,1
4,BLUSAS,2
4,JOGGER,1
4,CAMISETAS,3
4,PANTALON COLOR,3
4,JEANS,7
4,PANTALON COLOR,8
4,CAMISETAS,4
4,POLOS,1
4,TAPABOCAS,2
4,CAMISAS,5
4,CAMIBUSOS,2
4,CAMISAS,7
4,JOGGER,3
4,PANTALON COLOR,4
4,CAMISETAS,1
4,PANTALON COLOR,6
4,JOGGER,2
4,JEANS,21
4,BLUSAS,2
4,JEANS,17
4,PANTALON COLOR,28
4,POLOS,4
4,BLUSAS,13
4,BUSOS,1
4,POLOS,1
4,JEANS,11
4,POLOS,9
4,CAMISETAS,2
4,BLUSAS,4
4,CAMISAS,2
4,CAMISETAS,5
4,JEANS,21
4,POLOS,3
4,CAMISETAS,4
4,BLUSAS,2
4,CAMISAS,3
4,BUSOS,2
4,JEANS,11
4,JOGGER,3
4,PANTALON COLOR,6
4,TAPABOCAS,1
4,PANTALON COLOR,4
4,CAMISETAS,1
4,CAMIBUSOS,1
4,PANTALON COLOR,7
4,CAMISAS,1
5,JOGGER,1
5,JEANS,38
5,CAMISAS,3
5,JOGGER,8
5,POLOS,3
5,BLUSAS,2
5,CAMISETAS,11
5,CAMISAS,3
5,CAMISETAS,4
5,CAMISETAS,2
5,CAMISAS,3
5,VESTIDOS,1
5,JEANS,12
5,BLUSAS,6
5,POLOS,1
5,PANTALON COLOR,5
5,CAMISETAS,5
5,CAMIBUSOS,4
5,CAMISAS,6
5,BLUSAS,2
5,JEANS,11
5,PANTALON COLOR,3
5,POLOS,3
5,BERMUDA,1
5,BLUSAS,8
5,JEANS,2
5,JEANS,3
5,CAMISAS,6
5,PANTALON COLOR,13
5,CAMISETAS,2
5,PANTALON COLOR,4
5,BLUSAS,2
5,CAMISAS,2
5,CAMISETAS,2
5,BLUSAS,1
5,PANTALON COLOR,14
5,POLOS,1
5,JEANS,10
5,JOGGER,3
5,CAMISAS,5
5,CAMISAS,2
5,PANTALON COLOR,1
5,CAMIBUSOS,1
5,CAMISAS,6
5,BLUSAS,3
5,CAMISETAS,7
5,CAMISETAS,5
5,POLOS,7
5,CHAQUETAS,1
5,CAMIBUSOS,1
5,PANTALON COLOR,7
5,JEANS,28
5,JOGGER,4
5,JEANS,13
5,CORREAS,1
5,BLUSAS,1
5,CAMISETAS,4
5,CHAQUETAS,1
5,VESTIDOS,1
5,PANTALON COLOR,7
5,BLUSAS,2
5,CAMIBUSOS,2
5,PANTALON COLOR,25
5,JEANS,12
5,BERMUDA,1
5,POLOS,3
5,CAMISAS,2
5,CAMISAS,3
5,BLUSAS,4
5,JEANS,10
5,JOGGER,2
5,TAPABOCAS,3
5,JEANS,11
5,CAMISETAS,2
5,CAMIBUSOS,2
5,BLUSAS,1
5,POLOS,2
5,POLOS,1
5,CAMISAS,3
5,PANTALON COLOR,9
5,JEANS,5
5,PANTALON COLOR,5
5,JOGGER,6
5,JEANS,25
5,VESTIDOS,1
5,PANTALON COLOR,4
5,POLOS,1
5,JOGGER,1
5,POLOS,1
5,CAMISETAS,7
5,POLOS,3
5,CAMISAS,14
5,CAMISETAS,5
5,PANTALON COLOR,9
5,BERMUDA,1
5,JEANS,11
5,BLUSAS,2
5,CAMISAS,6
5,BLUSAS,1
5,PANTALON COLOR,4
5,JOGGER,5
5,PANTALON COLOR,9
5,JEANS,18
5,CAMIBUSOS,1
5,CAMISAS,5
5,JEANS,34
5,BLUSAS,2
5,CAMIBUSOS,1
5,JOGGER,3
5,CAMISETAS,2
5,CAMISAS,16
5,PANTALON COLOR,2
5,JEANS,9
5,CHAQUETAS,1
5,BLUSAS,1
5,CHAQUETAS,1
5,CAMISAS,13
5,CAMISETAS,1
5,CAMIBUSOS,2
5,JOGGER,1
5,BUSOS,1
5,JEANS,15
5,POLOS,3
5,PANTALON COLOR,11
5,CAMISAS,2
5,JEANS,4
5,BLUSAS,2
5,POLOS,5
5,PANTALON COLOR,21
5,JEANS,15
5,JOGGER,1
5,PANTALON COLOR,13
5,BLUSAS,6
5,POLOS,1
5,PANTALON COLOR,3
5,BERMUDA,1
5,JOGGER,1
5,PANTALON COLOR,4
5,BLUSAS,4
5,JEANS,11
5,CAMISAS,1
6,CAMISETAS,2
6,CHAQUETAS,1
6,PANTALON COLOR,13
6,TAPABOCAS,1
6,CORREAS,1
6,PANTALON COLOR,2
6,CAMISETAS,11
6,CAMISETAS,2
6,BLUSAS,1
6,POLOS,1
6,PANTALON COLOR,1
6,PANTALON COLOR,2
6,BLUSAS,2
6,CAMISAS,5
6,CAMISAS,2
6,JEANS,15
6,POLOS,4
6,CAMISETAS,4
6,CAMISETAS,2
6,POLOS,2
6,CAMISETAS,8
6,POLOS,4
6,CAMISAS,2
6,CAMISAS,3
6,JEANS,7
6,JEANS,30
6,BLUSAS,4
6,CAMISETAS,3
6,JOGGER,1
6,CAMISAS,9
6,BLUSAS,1
6,BUSOS,1
6,BLUSAS,2
6,POLOS,3
6,BLUSAS,1
6,JOGGER,2
6,CORREAS,1
6,PANTALON COLOR,11
6,JOGGER,3
6,PANTALON COLOR,2
6,CAMISETAS,3
6,PANTALON COLOR,2
6,JEANS,17
6,CAMIBUSOS,2
6,JOGGER,8
6,BLUSAS,2
6,PANTALON COLOR,5
6,JOGGER,2
6,BLUSAS,1
6,CAMISETAS,2
6,JEANS,21
6,CAMISAS,1
6,JEANS,10
6,CHAQUETAS,1
6,CAMIBUSOS,1
6,CAMISAS,1
6,BLUSAS,4
6,JEANS,4
6,POLOS,5
6,JOGGER,1
6,VESTIDOS,1
6,POLOS,6
6,CAMISETAS,3
6,CAMISAS,1
6,JEANS,7
6,JEANS,10
6,CAMISAS,3
6,PANTALON COLOR,18
6,BLUSAS,2
6,PANTALON COLOR,5
6,PANTALON COLOR,1
6,POLOS,1
6,CAMISETAS,1
6,CAMISETAS,3
6,POLOS,6
6,BUSOS,1
6,PANTALON COLOR,14
6,BLUSAS,4
6,CORREAS,1
6,JEANS,27
6,CAMIBUSOS,1
6,BLUSAS,1
6,CAMISETAS,3
6,JEANS,9
6,JEANS,7
6,CAMISAS,7
6,CAMIBUSOS,1
6,BLUSAS,4
6,JEANS,3
6,JEANS,32
6,PANTALON COLOR,4
6,JOGGER,1
6,CAMISETAS,6
6,JOGGER,3
6,VESTIDOS,1
6,CAMISAS,3
6,BLUSAS,4
6,POLOS,1
6,PANTALON COLOR,8
6,POLOS,1
6,JOGGER,1
6,CAMISETAS,2
6,CAMISETAS,10
6,PANTALON COLOR,4
6,POLOS,1
6,JOGGER,1
6,BERMUDA,1
6,JEANS,10
6,BLUSAS,4
6,CAMIBUSOS,1
6,PANTALON COLOR,18
6,JEANS,15
6,CAMISAS,2
7,POLOS,2
7,POLOS,11
7,JOGGER,3
7,CAMIBUSOS,1
7,BLUSAS,7
7,POLOS,1
7,CAMISAS,5
7,BLUSAS,13
7,JEANS,27
7,BLUSAS,2
7,PANTALON COLOR,7
7,CAMISETAS,2
7,CAMISAS,4
7,PANTALON COLOR,5
7,PANTALON COLOR,13
7,PANTALON COLOR,4
7,BERMUDA,1
7,JEANS,21
7,CHAQUETAS,1
7,PANTALON COLOR,7
7,JOGGER,2
7,BLUSAS,4
7,CAMISETAS,3
7,CAMIBUSOS,1
7,CAMISAS,10
7,BUSOS,2
7,BLUSAS,2
7,JEANS,19
7,CAMISAS,4
7,POLOS,2
7,POLOS,1
7,JEANS,34
7,BUSOS,1
7,CAMISAS,18
7,CAMIBUSOS,5
7,PANTALON COLOR,7
7,JOGGER,8
7,POLOS,2
7,CAMISETAS,2
7,CAMIBUSOS,7
7,BLUSAS,4
7,CAMISAS,16
7,JEANS,19
7,POLOS,4
7,CAMISAS,10
7,VESTIDOS,1
7,BLUSAS,8
7,CAMISETAS,1
7,PANTALON COLOR,8
7,CAMISAS,9
7,CHAQUETAS,2
7,CAMIBUSOS,2
7,JOGGER,1
7,PANTALON COLOR,3
7,TAPABOCAS,1
7,CAMISETAS,10
7,JEANS,4
7,CAMISAS,5
7,JOGGER,3
7,JOGGER,1
7,POLOS,2
7,PANTALON COLOR,6
7,JEANS,19
7,BUSOS,1
7,BLUSAS,4
7,CAMISETAS,5
7,CAMISAS,15
7,JEANS,20
7,JEANS,22
7,CHAQUETAS,1
7,BLUSAS,7
7,CAMIBUSOS,1
7,BLUSAS,2
7,PANTALON COLOR,3
7,JEANS,4
7,CAMISAS,8
7,CAMISETAS,3
7,BLUSAS,3
7,BUSOS,1
7,POLOS,1
7,JEANS,26
7,CAMIBUSOS,1
7,CHAQUETAS,1
7,BLUSAS,4
7,CAMISAS,12
7,JEANS,21
7,CAMIBUSOS,2
7,BUSOS,1
7,CORREAS,1
7,CAMISETAS,1
7,POLOS,4
7,PANTALON COLOR,22
7,PANTALON COLOR,15
7,CAMISETAS,6
7,CAMISETAS,3
7,CORREAS,1
7,JOGGER,2
7,PANTALON COLOR,12
7,JOGGER,2
7,PANTALON COLOR,7
7,VESTIDOS,1
7,CAMIBUSOS,1
7,JEANS,9
7,JOGGER,4
7,BUSOS,1
7,POLOS,5
7,CAMISETAS,5
7,JEANS,42
7,CAMISAS,8
7,BLUSAS,9
7,CHAQUETAS,1
7,JEANS,9
7,BLUSAS,4
7,CHAQUETAS,2
7,BUSOS,2
7,BLUSAS,3
7,CAMIBUSOS,3
7,CAMIBUSOS,3
7,POLOS,1
7,CHAQUETAS,1
7,JOGGER,4
7,JEANS,6
7,PANTALON COLOR,15
7,JOGGER,11
7,CAMISAS,4
7,CHAQUETAS,2
7,JEANS,37
7,JEANS,18
7,CAMISETAS,6
7,CAMISETAS,4
7,CAMISETAS,2
7,BLUSAS,4
7,CAMISAS,3
7,POLOS,2
7,PANTALON COLOR,6
7,CAMISAS,6
7,CAMISETAS,2
7,JOGGER,3
7,JOGGER,3
7,PANTALON COLOR,4
7,CAMISAS,1
7,POLOS,1
7,PANTALON COLOR,7
7,JOGGER,1
7,BLUSAS,3
7,CAMISETAS,5
8,JEANS,15
8,CAMISETAS,2
8,JOGGER,3
8,PANTALON COLOR,4
8,CAMISETAS,4
8,CHAQUETAS,1
8,BLUSAS,1
8,CAMISAS,11
8,CAMISETAS,1
8,JOGGER,1
8,JOGGER,5
8,CAMISAS,8
8,CAMISETAS,7
8,CAMIBUSOS,1
8,CAMISAS,4
8,POLOS,1
8,BLUSAS,9
8,PANTALON COLOR,7
8,POLOS,6
8,PANTALON COLOR,3
8,POLOS,2
8,BLUSAS,4
8,JEANS,11
8,VESTIDOS,1
8,JEANS,8
8,JOGGER,5
8,BLUSAS,3
8,JEANS,16
8,BLUSAS,4
8,CAMISAS,8
8,PANTALON COLOR,9
8,POLOS,2
8,JOGGER,1
8,JEANS,41
8,BUSOS,3
8,PANTALON COLOR,5
8,PANTALON COLOR,7
8,CAMISAS,4
8,CAMISETAS,6
8,JOGGER,1
8,BUSOS,1
8,CAMISAS,5
8,JEANS,4
8,CAMISETAS,1
8,POLOS,1
8,PANTALON COLOR,17
8,JEANS,24
8,CAMISAS,1
8,VESTIDOS,2
8,CAMISETAS,2
8,BLUSAS,5
8,CAMISETAS,2
8,CAMISAS,2
8,JOGGER,4
8,PANTALON COLOR,4
8,BLUSAS,1
8,JEANS,12
8,CAMISETAS,6
8,CAMIBUSOS,3
8,POLOS,2
8,CAMISETAS,3
8,CHAQUETAS,1
8,JEANS,18
8,JOGGER,4
8,JEANS,6
8,PANTALON COLOR,1
8,VESTIDOS,1
8,JOGGER,3
8,PANTALON COLOR,8
8,BLUSAS,2
8,PANTALON COLOR,4
8,JEANS,8
8,BLUSAS,2
8,POLOS,2
8,CHAQUETAS,1
8,JEANS,5
8,CAMISAS,1
8,BUSOS,1
8,JEANS,7
8,BLUSAS,1
8,CAMISAS,1
8,JEANS,13
8,CAMISETAS,2
8,POLOS,1
8,POLOS,1
8,CAMISETAS,3
8,CAMISAS,7
8,BLUSAS,1
8,JOGGER,4
8,PANTALON COLOR,6
8,JEANS,23
8,PANTALON COLOR,4
8,BLUSAS,1
8,PANTALON COLOR,20
8,CAMISAS,6
8,JOGGER,4
8,CAMIBUSOS,1
8,PANTALON COLOR,6
8,CAMISAS,10
8,CAMISAS,2
8,VESTIDOS,1
8,BLUSAS,1
8,JOGGER,1
8,BLUSAS,3
8,VESTIDOS,3
8,PANTALON COLOR,8
8,POLOS,1
8,BLUSAS,2
8,JEANS,5
8,CAMISETAS,4
8,CAMISETAS,1
8,POLOS,5
8,BLUSAS,2
8,CAMISAS,6
8,POLOS,6
8,JEANS,11
8,POLOS,1
8,BERMUDA,1
8,BLUSAS,1
8,CAMISAS,1
8,CAMIBUSOS,3
8,CAMISETAS,4
8,POLOS,2
8,CAMISETAS,2
8,PANTALON COLOR,4
8,PANTALON COLOR,19
8,CAMISETAS,2
8,CAMISAS,3
8,PANTALON COLOR,5
8,JOGGER,3
8,JEANS,10
8,BLUSAS,3
8,JEANS,18
8,BLUSAS,5
8,PANTALON COLOR,8
8,CAMISETAS,4
8,CAMISETAS,3
8,JOGGER,3
8,CAMISAS,2
8,POLOS,2
8,BLUSAS,4
8,CAMISAS,1
8,PANTALON COLOR,6
8,BLUSAS,1
8,CAMISAS,1
8,JEANS,22
8,JEANS,7
8,CHAQUETAS,1
9,PANTALON COLOR,11
9,CAMISAS,7
9,JOGGER,1
9,CAMISETAS,2
9,POLOS,1
9,CAMISETAS,2
9,CHAQUETAS,1
9,PANTALON COLOR,17
9,JOGGER,1
9,CAMISAS,2
9,JEANS,5
9,JOGGER,3
9,PANTALON COLOR,3
9,BLUSAS,3
9,JEANS,13
9,JEANS,15
9,CAMIBUSOS,1
9,CAMISAS,3
9,BLUSAS,2
9,CAMISAS,12
9,PANTALON COLOR,4
9,CAMISAS,2
9,PANTALON COLOR,9
9,CAMIBUSOS,3
9,JEANS,31
9,BLUSAS,2
9,JEANS,6
9,JEANS,8
9,BLUSAS,2
9,CAMISETAS,3
9,POLOS,3
9,JOGGER,6
9,PANTALON COLOR,1
9,JOGGER,1
9,POLOS,4
9,PANTALON COLOR,12
9,BLUSAS,1
9,CAMISETAS,4
9,CAMISAS,1
9,PANTALON COLOR,6
9,JOGGER,4
9,BUSOS,1
9,JEANS,26
9,CAMISAS,10
9,CAMISETAS,1
9,VESTIDOS,1
9,PANTALON COLOR,5
9,CAMISAS,4
9,JEANS,5
9,POLOS,4
9,BLUSAS,2
9,JEANS,2
9,CAMISETAS,4
9,JEANS,8
9,POLOS,4
9,JEANS,15
9,BLUSAS,2
9,VESTIDOS,3
9,JEANS,9
9,BLUSAS,1
9,BUSOS,1
9,JOGGER,6
9,PANTALON COLOR,3
9,CAMISETAS,3
9,JOGGER,2
9,PANTALON COLOR,2
9,CAMISAS,5
9,CORREAS,1
9,JOGGER,8
9,CAMIBUSOS,2
9,PANTALON COLOR,14
9,POLOS,1
9,BLUSAS,2
9,CAMISAS,3
9,BLUSAS,2
9,JEANS,8
9,TAPABOCAS,1
9,JEANS,12
9,VESTIDOS,1
9,POLOS,4
9,CAMISETAS,3
9,PANTALON COLOR,1
9,JEANS,12
9,CAMISAS,3
9,PANTALON COLOR,10
9,CAMISAS,3
9,JOGGER,1
9,CAMISETAS,4
9,BLUSAS,3
9,PANTALON COLOR,9
9,JEANS,14
9,BUSOS,1
9,CAMIBUSOS,4
9,CAMISAS,6
9,PANTALON COLOR,5
9,CAMISETAS,8
9,JOGGER,3
9,CAMISETAS,5
9,POLOS,2
9,JEANS,9
9,CAMISETAS,2
9,JOGGER,2
9,VESTIDOS,1
9,POLOS,2
9,JEANS,9
9,CAMISAS,7
9,BLUSAS,2
9,JOGGER,1
9,PANTALON COLOR,2
9,CAMISAS,2
9,CAMIBUSOS,1
9,JOGGER,6
9,JEANS,7
9,CAMISETAS,1
9,CAMISAS,2
9,JOGGER,2
9,CAMISETAS,3
9,BLUSAS,2
9,CAMISETAS,4
9,JEANS,20
9,BUSOS,1
9,PANTALON COLOR,5
9,BLUSAS,2
9,PANTALON COLOR,4
9,CAMISETAS,6
9,BLUSAS,4
9,POLOS,1
9,BLUSAS,10
9,JEANS,13
9,PANTALON COLOR,1
9,CAMISAS,3
9,PANTALON COLOR,8
9,CAMISAS,6
9,POLOS,2
9,CAMIBUSOS,1
9,BUSOS,1
9,BLUSAS,1
9,CAMISAS,9
10,JEANS,27
10,BLUSAS,7
10,CAMISETAS,2
10,CAMIBUSOS,1
10,JEANS,12
10,CAMISETAS,3
10,JEANS,28
10,CAMISAS,4
10,TAPABOCAS,1
10,VESTIDOS,1
10,JOGGER,5
10,PANTALON COLOR,4
10,BLUSAS,1
10,PANTALON COLOR,15
10,CAMISAS,4
10,CAMIBUSOS,1
10,BUSOS,1
10,POLOS,1
10,TAPABOCAS,1
10,CAMISAS,3
10,JOGGER,4
10,JEANS,3
10,PANTALON COLOR,3
10,CAMISAS,3
10,CAMIBUSOS,2
10,CAMISETAS,1
10,PANTALON COLOR,12
10,PANTALON COLOR,10
10,JOGGER,4
10,BLUSAS,1
10,POLOS,10
10,CAMISETAS,9
10,JOGGER,4
10,JOGGER,1
10,PANTALON COLOR,13
10,CAMISETAS,1
10,CAMISETAS,6
10,JEANS,9
10,JEANS,16
10,PANTALON COLOR,11
10,BLUSAS,1
10,POLOS,1
10,JEANS,21
10,CAMISAS,2
10,BLUSAS,4
10,JEANS,21
10,CAMISETAS,2
10,VESTIDOS,1
10,CAMIBUSOS,3
10,BLUSAS,5
10,JEANS,35
10,JOGGER,1
10,BLUSAS,6
10,CAMISETAS,2
10,JOGGER,2
10,CAMISETAS,5
10,BUSOS,1
10,JOGGER,1
10,PANTALON COLOR,10
10,CAMISAS,5
10,CHAQUETAS,1
10,PANTALON COLOR,6
10,JEANS,15
10,CAMISETAS,12
10,CAMISAS,3
10,POLOS,5
10,CAMIBUSOS,2
10,PANTALON COLOR,15
10,JOGGER,4
10,CAMISETAS,8
10,PANTALON COLOR,8
10,CAMISETAS,5
10,JEANS,18
10,JEANS,22
10,CAMISAS,8
10,POLOS,2
10,CHAQUETAS,1
10,CAMISAS,5
10,BLUSAS,8
10,CAMISAS,8
10,POLOS,1
10,PANTALON COLOR,6
10,BUSOS,1
10,BLUSAS,3
10,JEANS,36
10,POLOS,2
10,CAMISAS,7
10,POLOS,6
10,BLUSAS,1
10,CAMISAS,1
10,BLUSAS,4
10,JOGGER,4
10,CAMISETAS,2
10,JOGGER,8
10,JEANS,12
10,PANTALON COLOR,7
10,CAMISETAS,1
10,CAMISETAS,1
10,CAMISAS,2
10,CAMIBUSOS,3
10,JEANS,46
10,CAMISAS,4
10,PANTALON COLOR,16
10,PANTALON COLOR,10
10,CHAQUETAS,4
10,CAMISETAS,11
10,CHAQUETAS,1
10,CAMIBUSOS,1
10,PANTALON COLOR,3
10,JEANS,16
10,VESTIDOS,3
10,BLUSAS,4
10,CAMISAS,4
10,POLOS,5
10,BLUSAS,4
10,BUSOS,1
10,POLOS,2
10,JEANS,13
10,JOGGER,1
10,CAMISAS,4
10,CORREAS,1
10,BLUSAS,2
10,BLUSAS,2
10,PANTALON COLOR,1
10,PANTALON COLOR,8
10,BUSOS,1
10,POLOS,1
10,CAMISAS,3
10,CHAQUETAS,1
10,JEANS,3
10,JOGGER,6
10,POLOS,2
10,SHORT,1
10,CAMIBUSOS,2
10,TAPABOCAS,1
10,CORREAS,1
10,BLUSAS,2
10,CAMISETAS,1
10,JEANS,2
10,JOGGER,5
10,PANTALON COLOR,2
11,BLUSAS,2
11,JOGGER,2
11,CAMISAS,5
11,CORREAS,1
11,JEANS,10
11,JOGGER,26
11,CORREAS,2
11,JOGGER,1
11,PANTALON COLOR,2
11,CAMISAS,4
11,CAMISETAS,4
11,CAMIBUSOS,5
11,CAMISETAS,3
11,POLOS,4
11,CAMISETAS,1
11,JEANS,14
11,POLOS,1
11,CHAQUETAS,2
11,CAMISAS,3
11,BUSOS,1
11,CHAQUETAS,1
11,BUSOS,1
11,PANTALON COLOR,4
11,BLUSAS,2
11,JEANS,21
11,BERMUDA,1
11,BLUSAS,1
11,JOGGER,4
11,JEANS,8
11,PANTALON COLOR,1
11,BLUSAS,6
11,CAMISAS,9
11,JEANS,6
11,BERMUDA,2
11,POLOS,4
11,PANTALON COLOR,3
11,JOGGER,2
11,CAMISETAS,1
11,CAMISETAS,6
11,VESTIDOS,1
11,CAMISAS,2
11,CAMIBUSOS,6
11,BUSOS,1
11,JOGGER,2
11,BLUSAS,3
11,BLUSAS,6
11,PANTALON COLOR,5
11,CAMISAS,2
11,JEANS,10
11,BLUSAS,6
11,POLOS,7
11,CAMIBUSOS,2
11,BLUSAS,33
11,CAMISAS,9
11,CAMISETAS,5
11,CAMISETAS,10
11,CHAQUETAS,1
11,CAMISETAS,8
11,JEANS,219
11,POLOS,3
11,CAMISAS,2
11,CAMISETAS,3
11,BLUSAS,2
11,JEANS,31
11,JEANS,7
11,PANTALON COLOR,6
11,POLOS,12
11,BLUSAS,7
11,PANTALON COLOR,22
11,JOGGER,3
11,PANTALON COLOR,2
11,CAMISAS,8
11,POLOS,3
11,JOGGER,2
11,CAMIBUSOS,3
11,BLUSAS,3
11,CAMIBUSOS,1
11,JEANS,31
11,CAMISETAS,6
11,POLOS,5
11,CAMISAS,52
11,BUSOS,1
11,CAMISAS,3
11,CAMISAS,7
11,JEANS,16
11,CAMIBUSOS,1
11,PANTALON COLOR,4
11,PANTALON COLOR,12
11,VESTIDOS,1
11,CAMISETAS,3
11,JEANS,33
11,POLOS,1
11,POLOS,1
11,BUSOS,1
11,JOGGER,2
11,CORREAS,1
11,JOGGER,7
11,POLOS,1
11,CAMISETAS,5
11,BLUSAS,5
11,CAMISETAS,4
11,PANTALON COLOR,6
11,CAMIBUSOS,1
11,BERMUDA,1
11,JOGGER,4
11,PANTALON COLOR,18
11,JOGGER,1
11,JEANS,33
11,JEANS,19
11,CAMISAS,3
11,CAMISETAS,9
11,CAMISAS,3
11,PANTALON COLOR,12
11,JOGGER,8
11,PANTALON COLOR,9
11,CAMISETAS,48
11,JEANS,18
11,CAMISETAS,6
11,CHAQUETAS,2
11,CAMISAS,1
11,JEANS,25
11,BLUSAS,2
11,JOGGER,3
11,CAMIBUSOS,6
11,CAMISAS,2
11,CORREAS,1
11,POLOS,3
11,CAMISETAS,4
11,BLUSAS,1
11,JEANS,16
11,CAMIBUSOS,1
11,CAMISETAS,4
11,JOGGER,4
11,PANTALON COLOR,109
11,PANTALON COLOR,13
11,CAMISAS,4
11,BLUSAS,2
11,BERMUDA,2
11,JOGGER,5
11,CAMIBUSOS,6
11,BUSOS,1
11,BUSOS,5
11,CAMIBUSOS,3
11,JEANS,28
11,PANTALON COLOR,2
11,BUSOS,2
11,JOGGER,8
11,POLOS,5
11,BLUSAS,2
11,POLOS,26
11,POLOS,8
11,VESTIDOS,1
12,CAMISETAS,2
12,CAMISETAS,1
12,JOGGER,5
12,PANTALON COLOR,4
12,JOGGER,5
12,CAMISAS,1
12,POLOS,1
12,CAMISETAS,2
12,JEANS,1
12,VESTIDOS,2
12,PANTALON COLOR,4
12,BLUSAS,3
12,CAMISAS,1
12,CAMIBUSOS,2
12,PANTALON COLOR,3
12,BUSOS,1
12,POLOS,1
12,JEANS,26
12,CAMIBUSOS,1
12,BLUSAS,4
12,CHAQUETAS,1
12,CAMISAS,8
12,CHAQUETAS,1
12,CAMISETAS,2
12,CAMISETAS,2
12,POLOS,1
12,PANTALON COLOR,4
12,BLUSAS,3
12,JOGGER,2
12,CAMIBUSOS,1
12,BLUSAS,2
12,CAMISAS,1
12,JEANS,11
12,CAMISAS,2
12,CAMISAS,3
12,JOGGER,9
12,POLOS,6
12,PANTALON COLOR,1
12,BLUSAS,7
12,JEANS,17
12,POLOS,6
12,JOGGER,2
12,PANTALON COLOR,14
12,CAMISETAS,8
12,POLOS,1
12,JEANS,10
12,PANTALON COLOR,6
12,BLUSAS,5
12,VESTIDOS,3
12,BLUSAS,9
12,JOGGER,1
12,POLOS,1
12,BLUSAS,1
12,PANTALON COLOR,11
12,JOGGER,3
12,JEANS,25
12,CAMIBUSOS,2
12,PANTALON COLOR,3
12,CAMISAS,3
12,CAMISETAS,7
12,CAMISAS,2
12,CAMISETAS,3
12,PANTALON COLOR,17
12,CAMISETAS,1
12,CAMISAS,6
12,BLUSAS,3
12,JEANS,8
12,JEANS,13
12,CAMISETAS,1
12,JEANS,29
12,BUSOS,2
12,JEANS,1
12,JOGGER,1
12,POLOS,5
12,CAMISAS,1
12,CAMISETAS,7
12,JOGGER,4
12,POLOS,5
12,PANTALON COLOR,2
12,BUSOS,1
12,VESTIDOS,1
12,CAMIBUSOS,1
12,POLOS,3
12,POLOS,2
12,BUSOS,1
12,PANTALON COLOR,6
12,BLUSAS,1
12,BLUSAS,6
12,VESTIDOS,1
12,PANTALON COLOR,1
12,CAMISAS,6
12,CAMISETAS,2
12,CORREAS,1
12,CAMISAS,8
12,JEANS,8
12,CAMISETAS,2
12,CAMISAS,2
12,JEANS,11
12,CAMIBUSOS,1
12,JEANS,1
12,PANTALON COLOR,9
12,POLOS,1
12,CAMIBUSOS,3
12,CAMISAS,5
12,BLUSAS,7
12,JEANS,14
12,JEANS,12
12,CAMISAS,2
12,BLUSAS,5
12,PANTALON COLOR,3
12,JEANS,17
12,BLUSAS,4
12,JOGGER,4
12,CAMISAS,4
12,PANTALON COLOR,7
12,BUSOS,1
12,POLOS,2
12,CAMISETAS,4
12,POLOS,1
12,POLOS,2
12,TAPABOCAS,1
12,POLOS,2
12,JOGGER,1
12,CAMISETAS,4
12,BLUSAS,5
12,CAMISETAS,4
12,JOGGER,2
12,PANTALON COLOR,7
12,BUSOS,1
12,JOGGER,5
12,CAMISAS,3
12,BLUSAS,5
12,VESTIDOS,1
12,PANTALON COLOR,1
12,CAMISAS,1
12,JEANS,12
12,POLOS,6
12,JEANS,33
12,PANTALON COLOR,6
13,CAMISAS,5
13,JOGGER,1
13,POLOS,2
13,PANTALON COLOR,2
13,BLUSAS,7
13,BERMUDA,1
13,JOGGER,1
13,CHAQUETAS,1
13,PANTALON COLOR,12
13,JEANS,14
13,BUSOS,2
13,VESTIDOS,2
13,CAMISETAS,2
13,BLUSAS,6
13,PANTALON COLOR,1
13,JOGGER,3
13,CAMIBUSOS,1
13,CAMISETAS,7
13,POLOS,1
13,CAMISAS,8
13,POLOS,3
13,CAMISAS,4
13,JEANS,13
13,CHAQUETAS,1
13,CAMIBUSOS,1
13,CHAQUETAS,1
13,PANTALON COLOR,7
13,CAMISAS,4
13,JEANS,28
13,BLUSAS,3
13,CAMISAS,1
13,BUSOS,1
13,CAMISAS,5
13,BUSOS,1
13,JEANS,7
13,POLOS,2
13,BLUSAS,7
13,PANTALON COLOR,9
13,CAMISETAS,6
13,CHAQUETAS,1
13,JOGGER,1
13,JEANS,24
13,CORREAS,1
13,JEANS,3
13,CORREAS,1
13,CAMISETAS,3
13,CAMISETAS,8
13,PANTALON COLOR,7
13,JOGGER,3
13,CAMISAS,7
13,POLOS,5
13,POLOS,4
13,BLUSAS,5
13,CAMIBUSOS,2
13,JEANS,18
13,CAMISAS,3
13,CAMISETAS,7
13,JEANS,30
13,BLUSAS,4
13,POLOS,1
13,JEANS,10
13,BUSOS,1
13,CORREAS,2
13,PANTALON COLOR,13
13,JOGGER,5
13,POLOS,1
13,CAMISETAS,3
13,JOGGER,1
13,CAMIBUSOS,3
13,PANTALON COLOR,8
13,CAMISAS,6
13,BLUSAS,5
13,PANTALON COLOR,5
13,JOGGER,2
13,PANTALON COLOR,8
13,CAMISETAS,2
13,VESTIDOS,1
13,CAMISETAS,2
13,POLOS,5
13,JEANS,29
13,CORREAS,1
13,JOGGER,4
13,JEANS,10
13,BLUSAS,1
13,JEANS,3
13,JOGGER,3
13,CORREAS,3
13,BLUSAS,2
13,JOGGER,2
13,JEANS,13
13,JEANS,15
13,BUSOS,1
13,BLUSAS,1
13,CAMISAS,14
13,CAMIBUSOS,1
13,BERMUDA,1
13,PANTALON COLOR,4
13,CAMIBUSOS,1
13,PANTALON COLOR,7
13,BLUSAS,6
13,VESTIDOS,2
13,CAMISETAS,2
13,PANTALON COLOR,3
13,CAMISETAS,7
13,VESTIDOS,1
13,CAMISAS,2
13,CAMISETAS,3
13,JOGGER,2
13,PANTALON COLOR,2
14,CAMISAS,13
14,JOGGER,4
14,CAMIBUSOS,1
14,CAMISETAS,3
14,CAMISETAS,5
14,JEANS,9
14,PANTALON COLOR,8
14,JOGGER,2
14,CAMISAS,9
14,BLUSAS,1
14,POLOS,13
14,POLOS,3
14,CORREAS,1
14,BLUSAS,2
14,BLUSAS,8
14,PANTALON COLOR,2
14,BUSOS,1
14,CAMISETAS,5
14,JEANS,5
14,BLUSAS,1
14,POLOS,2
14,JEANS,21
14,PANTALON COLOR,2
14,PANTALON COLOR,11
14,BLUSAS,2
14,CAMISAS,7
14,BLUSAS,2
14,JEANS,12
14,POLOS,1
14,PANTALON COLOR,6
14,JOGGER,5
14,TAPABOCAS,1
14,CAMISAS,1
14,TAPABOCAS,1
14,POLOS,1
14,CAMISETAS,4
14,CAMISAS,7
14,CAMISETAS,7
14,CAMISETAS,3
14,JEANS,19
14,PANTALON COLOR,5
14,BLUSAS,1
14,JOGGER,1
14,JEANS,27
14,VESTIDOS,1
14,CAMIBUSOS,1
14,CAMISAS,6
14,CAMISETAS,4
14,CAMISETAS,2
14,BLUSAS,11
14,CAMISAS,5
14,POLOS,6
14,PANTALON COLOR,7
14,JEANS,15
14,JEANS,9
14,JOGGER,3
14,CAMISAS,4
14,PANTALON COLOR,3
14,POLOS,1
14,CAMISETAS,2
14,JEANS,18
14,BUSOS,1
14,POLOS,2
14,CAMIBUSOS,1
14,CHAQUETAS,1
14,CAMISAS,5
14,CAMIBUSOS,2
14,CAMIBUSOS,1
14,BLUSAS,6
14,PANTALON COLOR,2
14,JOGGER,4
14,BLUSAS,1
14,JOGGER,4
14,PANTALON COLOR,13
14,CAMISAS,5
14,JEANS,11
14,JOGGER,3
14,PANTALON COLOR,4
14,PANTALON COLOR,11
14,BLUSAS,3
14,CAMISETAS,4
14,BLUSAS,3
14,PANTALON COLOR,4
14,JOGGER,1
14,JEANS,12
14,CHAQUETAS,1
14,CAMISAS,6
14,CHAQUETAS,2
14,BLUSAS,5
14,POLOS,7
14,CAMISETAS,4
14,CAMISETAS,3
14,CHAQUETAS,1
14,JEANS,8
14,POLOS,3
14,CAMISETAS,5
14,PANTALON COLOR,5
14,JOGGER,1
14,CAMISETAS,6
14,CAMISAS,4
14,PANTALON COLOR,17
14,CAMISAS,5
14,JEANS,10
14,BLUSAS,3
14,JOGGER,1
14,PANTALON COLOR,4
14,POLOS,1
14,JEANS,13
14,PANTALON COLOR,12
14,JOGGER,2
14,CAMISETAS,3
14,VESTIDOS,1
14,POLOS,1
14,CAMISETAS,5
14,CAMISAS,14
14,JEANS,8
14,BLUSAS,4
14,JEANS,23
14,CAMISAS,2
14,CAMISETAS,4
14,JEANS,44
14,CHAQUETAS,1
15,POLOS,2
15,PANTALON COLOR,7
15,JEANS,6
15,JOGGER,1
15,CAMISETAS,3
15,POLOS,2
15,JOGGER,3
15,PANTALON COLOR,1
15,PANTALON COLOR,10
15,CAMISAS,2
15,JOGGER,4
15,TAPABOCAS,1
15,JOGGER,2
15,JEANS,21
15,BLUSAS,5
15,CAMISAS,3
15,PANTALON COLOR,4
15,CAMISAS,11
15,CAMISETAS,6
15,JEANS,18
15,JEANS,23
15,BLUSAS,6
15,CHAQUETAS,1
15,POLOS,5
15,PANTALON COLOR,6
15,JOGGER,5
15,PANTALON COLOR,2
15,POLOS,4
15,BUSOS,2
15,CAMISAS,4
15,CAMISAS,6
15,JEANS,23
15,BLUSAS,2
15,CAMISETAS,2
15,PANTALON COLOR,10
15,BLUSAS,10
15,VESTIDOS,1
15,CAMISETAS,3
15,BUSOS,1
15,PANTALON COLOR,16
15,POLOS,1
15,BLUSAS,1
15,JEANS,20
15,BUSOS,1
15,JEANS,29
15,CAMISETAS,5
15,CAMISAS,2
15,VESTIDOS,1
15,BLUSAS,6
15,JEANS,19
15,POLOS,5
15,CAMISETAS,9
15,BLUSAS,2
15,CAMIBUSOS,1
15,JEANS,30
15,JEANS,5
15,JOGGER,1
15,PANTALON COLOR,23
15,CAMIBUSOS,1
15,JEANS,44
15,CAMISETAS,3
15,CAMISAS,4
15,TAPABOCAS,2
15,POLOS,1
15,PANTALON COLOR,2
15,JOGGER,4
15,CAMISAS,5
15,CAMISETAS,7
15,BLUSAS,2
15,JOGGER,1
15,JEANS,20
15,PANTALON COLOR,2
15,BLUSAS,2
15,BLUSAS,6
15,JEANS,7
15,JOGGER,17
15,JOGGER,6
15,CAMISAS,8
15,PANTALON COLOR,8
15,BLUSAS,1
15,CORREAS,1
15,JEANS,7
15,VESTIDOS,1
15,CAMISETAS,2
15,POLOS,4
15,CAMISETAS,6
15,CAMISAS,7
15,CAMIBUSOS,6
15,CAMISAS,1
15,PANTALON COLOR,4
15,CAMIBUSOS,2
15,BLUSAS,2
15,JEANS,33
15,JOGGER,2
15,JEANS,12
15,POLOS,2
15,JOGGER,4
15,PANTALON COLOR,5
15,CHAQUETAS,1
15,CAMISETAS,6
15,CAMISETAS,3
15,CHAQUETAS,4
15,CAMISAS,5
15,CAMISETAS,3
15,CAMIBUSOS,1
15,JOGGER,1
15,SHORT,1
15,CAMISETAS,4
15,BERMUDA,1
15,CAMISAS,6
15,JEANS,16
15,POLOS,2
15,CAMISETAS,9
15,PANTALON COLOR,9
15,JEANS,25
15,POLOS,2
15,JOGGER,1
15,PANTALON COLOR,4
15,BLUSAS,7
15,PANTALON COLOR,9
15,JOGGER,3
15,CAMISAS,2
15,PANTALON COLOR,9
15,CAMISETAS,11
15,PANTALON COLOR,2
15,CORREAS,1
15,CAMISETAS,2
15,POLOS,1
15,BLUSAS,1
15,BLUSAS,2
15,POLOS,1
15,CHAQUETAS,1
15,JEANS,8
15,PANTALON COLOR,21
15,CAMIBUSOS,1
15,CAMISAS,1
15,JEANS,16
15,CAMIBUSOS,2
15,CAMISETAS,1
15,CAMISAS,14
15,BLUSAS,2
16,POLOS,1
16,BLUSAS,2
16,TAPABOCAS,1
16,JEANS,37
16,JEANS,17
16,JEANS,14
16,CAMISETAS,4
16,CORREAS,1
16,BLUSAS,2
16,JOGGER,1
16,PANTALON COLOR,7
16,SHORT,1
16,VESTIDOS,1
16,JOGGER,4
16,POLOS,11
16,CAMIBUSOS,1
16,BUSOS,2
16,CAMIBUSOS,2
16,BERMUDA,1
16,CAMIBUSOS,1
16,BUSOS,1
16,POLOS,1
16,JEANS,8
16,CHAQUETAS,1
16,PANTALON COLOR,28
16,PANTALON COLOR,7
16,TAPABOCAS,2
16,PANTALON COLOR,9
16,JOGGER,3
16,CAMIBUSOS,3
16,CAMISETAS,21
16,JOGGER,4
16,JEANS,72
16,JEANS,15
16,POLOS,2
16,CAMISETAS,4
16,CAMISAS,12
16,BLUSAS,5
16,JOGGER,4
16,CAMIBUSOS,1
16,JEANS,28
16,JOGGER,5
16,JOGGER,1
16,CAMISETAS,6
16,PANTALON COLOR,4
16,POLOS,5
16,PANTALON COLOR,23
16,CAMISAS,1
16,JOGGER,1
16,CAMISETAS,7
16,PANTALON COLOR,12
16,CAMISETAS,6
16,POLOS,2
16,BLUSAS,5
16,PANTALON COLOR,6
16,CAMISAS,2
16,BUSOS,2
16,BLUSAS,6
16,CAMISAS,5
16,BLUSAS,9
16,CAMISAS,17
16,CAMISETAS,10
16,JEANS,8
16,TAPABOCAS,3
16,CAMISETAS,6
16,PANTALON COLOR,12
16,CAMIBUSOS,3
16,CAMISAS,4
16,PANTALON COLOR,3
16,CAMISETAS,2
16,CAMISAS,1
16,JEANS,19
16,CAMIBUSOS,2
16,JEANS,6
16,BLUSAS,5
16,CAMISAS,3
16,BLUSAS,6
16,JOGGER,15
16,CAMISAS,5
16,POLOS,1
17,CAMISAS,2
17,PANTALON COLOR,10
17,CAMISAS,2
17,JOGGER,2
17,BLUSAS,2
17,BUSOS,1
17,JEANS,8
17,CAMISETAS,1
17,BLUSAS,7
17,POLOS,1
17,PANTALON COLOR,5
17,CAMIBUSOS,1
17,JEANS,8
17,JOGGER,1
17,CAMISAS,1
17,PANTALON COLOR,5
17,CAMISAS,1
17,BLUSAS,5
17,VESTIDOS,1
17,JEANS,17
17,JEANS,4
17,POLOS,1
17,CAMISETAS,10
17,POLOS,7
17,JEANS,12
17,CAMISAS,6
17,SHORT,1
17,CHAQUETAS,1
17,POLOS,1
17,BUSOS,1
17,CAMISETAS,1
17,BUSOS,1
17,PANTALON COLOR,9
17,JEANS,17
17,JOGGER,1
17,JOGGER,3
17,PANTALON COLOR,3
17,CAMISAS,2
17,CORREAS,1
17,JEANS,7
17,CAMISAS,7
17,CAMISAS,5
17,JEANS,5
17,PANTALON COLOR,10
17,CAMISETAS,1
17,PANTALON COLOR,2
17,CAMISETAS,7
17,CAMISAS,2
17,POLOS,3
17,PANTALON COLOR,5
17,POLOS,2
17,BUSOS,1
17,POLOS,1
17,BLUSAS,1
17,JOGGER,1
17,PANTALON COLOR,5
17,CAMIBUSOS,1
17,JEANS,8
17,JEANS,41
17,JOGGER,1
17,CAMISAS,1
17,CAMIBUSOS,2
17,CAMISETAS,1
17,BLUSAS,2
17,CAMISETAS,3
17,CAMISETAS,2
17,JOGGER,3
17,JEANS,11
17,POLOS,3
17,POLOS,3
17,BUSOS,1
17,PANTALON COLOR,7
17,POLOS,3
17,BLUSAS,3
17,PANTALON COLOR,7
17,CAMISAS,3
17,POLOS,1
18,CAMISETAS,8
18,JOGGER,11
18,CAMISETAS,1
18,POLOS,6
18,JEANS,12
18,JOGGER,4
18,PANTALON COLOR,8
18,POLOS,5
18,CAMISETAS,6
18,CHAQUETAS,1
18,PANTALON COLOR,2
18,JEANS,52
18,JOGGER,3
18,BLUSAS,1
18,PANTALON COLOR,1
18,JEANS,23
18,CAMISAS,3
18,CHAQUETAS,2
18,CAMISAS,7
18,BUSOS,1
18,POLOS,1
18,CAMISETAS,2
18,BLUSAS,2
18,POLOS,6
18,VESTIDOS,1
18,CAMISAS,6
18,JOGGER,2
18,PANTALON COLOR,5
18,CAMISAS,7
18,BUSOS,1
18,CAMISAS,1
18,JEANS,21
18,JEANS,29
18,POLOS,1
18,BLUSAS,5
18,PANTALON COLOR,2
18,JOGGER,1
18,POLOS,8
18,CAMISETAS,6
18,CAMISETAS,2
18,JEANS,18
18,PANTALON COLOR,5
18,JEANS,13
18,CAMISAS,3
18,PANTALON COLOR,19
18,POLOS,3
18,BLUSAS,1
18,PANTALON COLOR,3
18,BLUSAS,4
18,BERMUDA,1
18,BLUSAS,14
18,CAMISAS,3
18,CAMISETAS,1
18,CAMISAS,3
18,JOGGER,2
18,PANTALON COLOR,15
18,BUSOS,1
18,JEANS,25
18,CAMISETAS,1
18,JEANS,9
18,CAMIBUSOS,2
18,JOGGER,5
18,POLOS,7
18,BLUSAS,1
18,BUSOS,1
18,CHAQUETAS,1
18,CAMISAS,2
18,CAMISETAS,8
18,POLOS,1
18,CAMISETAS,2
18,CAMISAS,6
18,PANTALON COLOR,6
18,CAMISAS,5
18,JEANS,29
18,CAMISETAS,5
18,CAMISAS,6
18,JOGGER,2
18,BLUSAS,10
18,JEANS,10
18,POLOS,3
18,BLUSAS,1
18,BLUSAS,1
18,JEANS,17
18,PANTALON COLOR,8
18,PANTALON COLOR,9
18,BUSOS,1
18,JOGGER,1
18,BUSOS,2
18,POLOS,14
18,CAMISAS,2
18,BLUSAS,5
18,POLOS,2
18,JEANS,11
18,POLOS,2
18,BLUSAS,4
18,CAMISETAS,3
18,JOGGER,5
18,JOGGER,2
18,PANTALON COLOR,4
18,CAMIBUSOS,2
18,BERMUDA,2
18,PANTALON COLOR,14
18,JOGGER,3
18,CHAQUETAS,1
18,CAMISETAS,3
18,JEANS,27
18,BLUSAS,5
19,BLUSAS,3
19,BLUSAS,1
19,CAMISAS,4
19,CAMISETAS,1
19,CHAQUETAS,2
19,PANTALON COLOR,4
19,CAMIBUSOS,4
19,JEANS,5
19,PANTALON COLOR,4
19,CAMISAS,4
19,POLOS,7
19,JOGGER,3
19,JEANS,47
19,JOGGER,2
19,CORREAS,1
19,TAPABOCAS,1
19,PANTALON COLOR,7
19,CAMISETAS,12
19,POLOS,3
19,CAMISETAS,5
19,CAMISETAS,7
19,CHAQUETAS,1
19,TAPABOCAS,1
19,JOGGER,4
19,JEANS,22
19,PANTALON COLOR,2
19,CORREAS,1
19,PANTALON COLOR,15
19,BLUSAS,7
19,CAMIBUSOS,4
19,CAMISAS,2
19,CAMISAS,8
19,JEANS,30
19,JOGGER,1
19,JEANS,14
19,CAMISAS,6
19,VESTIDOS,1
19,CAMISAS,9
19,BLUSAS,3
19,JEANS,17
19,TAPABOCAS,1
19,CHAQUETAS,1
19,BUSOS,1
19,CHAQUETAS,1
19,CAMISETAS,1
19,JEANS,26
19,CAMISAS,3
19,CAMISETAS,1
19,CORREAS,1
19,CAMISETAS,3
19,POLOS,1
19,JOGGER,7
19,BLUSAS,1
19,PANTALON COLOR,9
19,JOGGER,2
19,BERMUDA,1
19,TAPABOCAS,2
19,JOGGER,4
19,CAMISAS,7
19,CAMISETAS,12
19,BLUSAS,3
19,CAMISAS,9
19,PANTALON COLOR,1
19,JOGGER,1
19,PANTALON COLOR,10
19,BUSOS,3
19,BLUSAS,1
19,POLOS,1
19,PANTALON COLOR,3
19,CAMIBUSOS,3
19,JOGGER,1
19,POLOS,4
19,JEANS,9
19,JEANS,9
19,CAMIBUSOS,1
19,BLUSAS,9
19,JEANS,22
19,CAMISAS,3
19,PANTALON COLOR,6
19,JOGGER,4
19,BLUSAS,2
19,JEANS,48
19,CAMISAS,5
19,JEANS,11
19,CAMIBUSOS,2
19,CAMISETAS,7
19,VESTIDOS,1
19,POLOS,2
19,PANTALON COLOR,4
19,CORREAS,1
19,BLUSAS,1
19,POLOS,1
19,PANTALON COLOR,1
19,BLUSAS,3
19,POLOS,3
19,CAMISAS,9
19,JOGGER,1
19,CAMISETAS,5
19,BUSOS,1
19,BERMUDA,1
19,PANTALON COLOR,18
19,VESTIDOS,1
19,CHAQUETAS,1
19,JOGGER,5
19,PANTALON COLOR,7
19,CAMISETAS,1
19,POLOS,4
19,CAMISAS,6
19,PANTALON COLOR,11
19,POLOS,1
19,BLUSAS,6
19,JEANS,19
19,BLUSAS,7
19,TAPABOCAS,1
19,CHAQUETAS,1
19,CORREAS,1
19,JEANS,4
19,POLOS,3
19,JOGGER,2
19,JEANS,4
19,CAMISAS,1
19,JEANS,35
19,CAMIBUSOS,1
19,CORREAS,1
19,PANTALON COLOR,5
19,PANTALON COLOR,7
19,CAMISETAS,4
19,JOGGER,2
19,JEANS,3
19,JEANS,10
19,VESTIDOS,1
19,CAMISETAS,6
19,BLUSAS,3
19,POLOS,1
19,CAMISAS,1
19,POLOS,1
19,JOGGER,7
19,POLOS,3
19,CAMISAS,2
19,CAMIBUSOS,2
19,BUSOS,1
19,CAMISAS,16
19,PANTALON COLOR,5
19,CAMISETAS,6
19,BLUSAS,3
19,PANTALON COLOR,4
19,CAMISETAS,4
19,JEANS,17
19,JOGGER,2
20,BUSOS,1
20,PANTALON COLOR,17
20,PANTALON COLOR,32
20,CAMISETAS,7
20,CORREAS,1
20,POLOS,13
20,JOGGER,4
20,PANTALON COLOR,4
20,JEANS,16
20,JOGGER,2
20,CAMISAS,5
20,CAMISETAS,4
20,VESTIDOS,1
20,CAMISAS,90
20,BLUSAS,6
20,JOGGER,3
20,CAMISETAS,17
20,BLUSAS,9
20,POLOS,3
20,BLUSAS,1
20,JEANS,25
20,BUSOS,1
20,CHAQUETAS,2
20,POLOS,1
20,PANTALON COLOR,10
20,CAMISAS,4
20,JEANS,11
20,BUSOS,1
20,POLOS,3
20,CAMISETAS,6
20,CAMISAS,17
20,POLOS,4
20,BLUSAS,7
20,CHAQUETAS,1
20,JOGGER,16
20,BLUSAS,8
20,CAMISAS,1
20,CAMIBUSOS,1
20,JEANS,22
20,BERMUDA,2
20,TAPABOCAS,1
20,CAMISETAS,9
20,PANTALON COLOR,3
20,CAMISETAS,6
20,CAMISAS,19
20,CAMISAS,7
20,CAMISETAS,10
20,VESTIDOS,1
20,JOGGER,4
20,POLOS,5
20,POLOS,3
20,JOGGER,1
20,CAMISETAS,6
20,BUSOS,1
20,PANTALON COLOR,11
20,BLUSAS,5
20,BUSOS,1
20,JEANS,53
20,BLUSAS,3
20,PANTALON COLOR,4
20,JEANS,11
20,JEANS,63
20,JOGGER,2
20,CAMISAS,7
20,BLUSAS,7
20,CHAQUETAS,1
20,BLUSAS,1
20,POLOS,1
20,POLOS,1
20,CAMISAS,8
20,PANTALON COLOR,10
20,CAMIBUSOS,1
20,JEANS,33
20,BLUSAS,4
20,JOGGER,4
20,CAMISETAS,6
20,BERMUDA,1
20,CAMISAS,1
20,CAMIBUSOS,2
20,JOGGER,2
20,JEANS,110
20,PANTALON COLOR,7
20,JEANS,30
20,CAMISAS,1
20,POLOS,7
20,BLUSAS,7
20,POLOS,5
20,BLUSAS,7
20,JEANS,15
20,CHAQUETAS,1
20,CHAQUETAS,2
20,JOGGER,2
20,PANTALON COLOR,9
20,CAMISAS,3
20,CAMISETAS,3
20,CAMIBUSOS,4
20,CAMISETAS,6
20,TAPABOCAS,2
20,JOGGER,1
20,PANTALON COLOR,26
20,BUSOS,3
20,JOGGER,2
20,CAMISETAS,8
20,JOGGER,9
20,CORREAS,1
20,BLUSAS,2
20,JEANS,15
20,PANTALON COLOR,105
20,BLUSAS,10
20,CAMISETAS,16
20,CAMIBUSOS,1
20,CAMISAS,6
20,CAMIBUSOS,4
20,POLOS,7
20,CAMISAS,2
20,PANTALON COLOR,11
20,JEANS,11
20,JOGGER,11
20,JEANS,59
20,BUSOS,1
21,PANTALON COLOR,10
21,CHAQUETAS,2
21,JEANS,49
21,CAMIBUSOS,1
21,BUSOS,3
21,CAMISAS,3
21,CAMISETAS,10
21,POLOS,8
21,JOGGER,2
21,PANTALON COLOR,4
21,CAMIBUSOS,1
21,JOGGER,4
21,BLUSAS,1
21,JEANS,28
21,CAMISAS,2
21,PANTALON COLOR,4
21,BLUSAS,5
21,POLOS,1
21,CAMISAS,2
21,BLUSAS,5
21,VESTIDOS,1
21,POLOS,7
21,PANTALON COLOR,5
21,JEANS,7
21,CAMISETAS,1
21,CAMISAS,4
21,JOGGER,1
21,SHORT,1
21,PANTALON COLOR,2
21,POLOS,5
21,VESTIDOS,2
21,BLUSAS,7
21,POLOS,3
21,JOGGER,1
21,JEANS,18
21,CAMISAS,10
21,JOGGER,1
21,JEANS,29
21,CAMISETAS,2
21,JOGGER,2
21,BLUSAS,8
21,PANTALON COLOR,6
21,POLOS,2
21,JEANS,17
21,JEANS,36
21,CAMISETAS,6
21,CAMISAS,1
21,CAMIBUSOS,1
21,CHAQUETAS,1
21,CAMISETAS,1
21,CAMISAS,5
21,BLUSAS,1
21,CHAQUETAS,1
21,CAMISETAS,5
21,PANTALON COLOR,7
21,POLOS,3
21,BUSOS,1
21,JOGGER,1
21,JEANS,17
21,PANTALON COLOR,5
21,CAMISAS,3
21,BLUSAS,3
21,JEANS,37
21,POLOS,3
21,BUSOS,1
21,JOGGER,3
21,POLOS,9
21,BERMUDA,1
21,CAMISETAS,13
21,CAMISAS,2
21,CORREAS,1
21,BLUSAS,4
21,JEANS,24
21,POLOS,1
21,BLUSAS,10
21,JOGGER,3
21,CAMISAS,11
21,CAMIBUSOS,1
21,BLUSAS,8
21,JEANS,24
21,JOGGER,6
21,PANTALON COLOR,5
21,CAMISAS,2
21,CAMISETAS,4
21,CAMIBUSOS,2
21,CAMISETAS,2
21,CHAQUETAS,1
21,PANTALON COLOR,5
21,CAMISETAS,5
21,CORREAS,1
21,POLOS,5
21,JOGGER,3
21,POLOS,2
21,BUSOS,1
21,PANTALON COLOR,6
21,JEANS,22
21,JOGGER,1
21,PANTALON COLOR,1
21,CAMISETAS,6
21,JEANS,27
21,PANTALON COLOR,4
21,BUSOS,1
21,JOGGER,1
21,POLOS,3
21,CORREAS,1
21,CAMISETAS,5
21,SHORT,2
21,BLUSAS,3
21,CHAQUETAS,1
21,PANTALON COLOR,16
21,CAMISAS,5
21,CAMIBUSOS,1
21,CAMISETAS,9
21,CAMISAS,5
21,JOGGER,1
21,JEANS,17
21,BLUSAS,3
21,CAMISAS,6
22,JOGGER,8
22,JEANS,10
22,BLUSAS,7
22,CAMISAS,7
22,JEANS,34
22,POLOS,2
22,CAMIBUSOS,1
22,JOGGER,1
22,CAMISETAS,2
22,CAMISETAS,8
22,PANTALON COLOR,6
22,JOGGER,4
22,POLOS,4
22,VESTIDOS,1
22,CAMISAS,4
22,JEANS,37
22,POLOS,1
22,BLUSAS,3
22,POLOS,1
22,JEANS,10
22,CAMIBUSOS,5
22,CAMIBUSOS,2
22,PANTALON COLOR,7
22,PANTALON COLOR,6
22,JOGGER,5
22,POLOS,1
22,CAMISAS,3
22,CAMISETAS,5
22,POLOS,2
22,JOGGER,1
22,PANTALON COLOR,2
22,CAMISETAS,1
22,CHAQUETAS,3
22,CORREAS,2
22,PANTALON COLOR,8
22,CAMISAS,5
22,JEANS,19
22,JEANS,12
22,VESTIDOS,1
22,SHORT,1
22,BLUSAS,6
22,JOGGER,2
22,JEANS,25
22,PANTALON COLOR,5
22,PANTALON COLOR,11
22,CAMISETAS,2
22,POLOS,5
22,CAMIBUSOS,1
22,BLUSAS,5
22,CHAQUETAS,1
22,CAMISAS,3
22,CAMISETAS,5
22,PANTALON COLOR,2
22,CAMISAS,2
22,JOGGER,4
22,CAMISETAS,3
22,CAMISETAS,12
22,PANTALON COLOR,7
22,CORREAS,1
22,BLUSAS,1
22,CAMISAS,5
22,BLUSAS,1
22,POLOS,6
22,BUSOS,1
22,JEANS,29
22,CAMISAS,1
22,TAPABOCAS,1
22,BLUSAS,5
22,BLUSAS,1
22,PANTALON COLOR,12
22,CAMISAS,1
22,JEANS,12
22,CAMISETAS,14
22,POLOS,9
22,CAMISAS,6
22,JOGGER,1
22,CAMIBUSOS,1
22,CAMISETAS,4
22,JEANS,7
22,CHAQUETAS,1
22,PANTALON COLOR,6
22,JOGGER,5
22,PANTALON COLOR,8
22,CAMISETAS,5
22,CAMISAS,11
22,BLUSAS,5
22,JEANS,15
22,BLUSAS,1
22,JOGGER,5
22,PANTALON COLOR,3
22,JEANS,45
22,CHAQUETAS,1
22,CAMIBUSOS,1
22,POLOS,3
22,CAMISAS,6
22,CAMISAS,1
22,JEANS,12
22,BLUSAS,2
22,CAMISETAS,2
22,BERMUDA,1
22,CAMISETAS,1
22,PANTALON COLOR,10
22,JOGGER,3
22,CAMISAS,2
22,BLUSAS,8
22,JEANS,26
22,POLOS,4
22,JOGGER,2
22,CAMIBUSOS,1
22,VESTIDOS,1
23,PANTALON COLOR,11
23,CAMIBUSOS,3
23,POLOS,1
23,CAMISETAS,6
23,PANTALON COLOR,7
23,POLOS,3
23,BLUSAS,5
23,JOGGER,3
23,TAPABOCAS,1
23,CORREAS,1
23,JOGGER,2
23,PANTALON COLOR,3
23,JEANS,31
23,CHAQUETAS,1
23,BLUSAS,7
23,CAMISETAS,7
23,JEANS,16
23,BLUSAS,7
23,JEANS,24
23,BLUSAS,1
23,BUSOS,1
23,POLOS,4
23,CAMISAS,4
23,CAMISETAS,7
23,BLUSAS,3
23,JOGGER,2
23,PANTALON COLOR,12
23,JEANS,26
23,JOGGER,2
23,BERMUDA,1
23,PANTALON COLOR,8
23,CAMISAS,3
23,CAMIBUSOS,2
23,CAMISAS,11
23,CAMISETAS,6
23,JOGGER,3
23,BLUSAS,8
23,PANTALON COLOR,2
23,PANTALON COLOR,26
23,JOGGER,3
23,CHAQUETAS,1
23,POLOS,1
23,CAMISETAS,3
23,POLOS,3
23,CAMISAS,11
23,JEANS,30
23,POLOS,1
23,JEANS,23
23,BLUSAS,3
23,POLOS,5
23,PANTALON COLOR,1
23,BUSOS,1
23,CAMIBUSOS,4
23,CAMIBUSOS,1
23,CAMISAS,3
23,JEANS,14
23,JEANS,25
23,CAMISETAS,1
23,PANTALON COLOR,5
23,BLUSAS,4
23,CHAQUETAS,2
23,PANTALON COLOR,3
23,JOGGER,3
23,PANTALON COLOR,22
23,JEANS,22
23,VESTIDOS,1
23,CAMIBUSOS,4
23,CAMISAS,2
23,CAMISAS,2
23,CAMISETAS,8
23,POLOS,1
23,CAMISAS,16
23,JOGGER,5
23,BLUSAS,7
23,CAMISAS,13
23,JEANS,15
23,BUSOS,1
23,PANTALON COLOR,18
23,CAMISETAS,2
23,CAMIBUSOS,1
23,VESTIDOS,1
23,CAMISETAS,12
23,CAMISETAS,1
23,CAMISAS,6
23,BERMUDA,1
23,PANTALON COLOR,11
23,BLUSAS,3
23,CAMISAS,2
23,BUSOS,1
23,POLOS,2
23,JEANS,13
23,JEANS,17
23,CAMISAS,3
23,PANTALON COLOR,10
23,POLOS,1
23,CAMIBUSOS,2
23,POLOS,2
23,CAMISETAS,10
23,JOGGER,5
23,VESTIDOS,1
23,CHAQUETAS,1
23,BLUSAS,5
23,JOGGER,4
23,CAMISETAS,1
23,TAPABOCAS,2
23,CAMISETAS,8
23,JOGGER,2
23,JEANS,11
23,CAMISAS,6
23,JOGGER,2
23,PANTALON COLOR,9
23,CAMISETAS,3
23,POLOS,3
23,PANTALON COLOR,7
23,CAMISAS,4
23,JEANS,4
23,JOGGER,9
23,CAMISAS,3
23,BLUSAS,5
23,JEANS,16
23,VESTIDOS,1
23,CAMISETAS,1
23,CAMISETAS,11
23,CAMISAS,4
23,BLUSAS,6
23,PANTALON COLOR,13
23,JOGGER,1
23,JEANS,35
23,BLUSAS,5
23,BUSOS,1
23,CAMISAS,4
23,CAMISETAS,1
23,JEANS,16
23,CAMIBUSOS,1
23,BLUSAS,2
23,BUSOS,1
23,PANTALON COLOR,9
23,BUSOS,1
23,POLOS,3
23,JEANS,33
23,CAMIBUSOS,1
24,JEANS,21
24,POLOS,8
24,JEANS,8
24,CAMISETAS,7
24,PANTALON COLOR,3
24,JOGGER,5
24,JOGGER,4
24,POLOS,94
24,BLUSAS,2
24,BUSOS,1
24,SHORT,1
24,PANTALON COLOR,6
24,CHAQUETAS,1
24,BLUSAS,2
24,JOGGER,2
24,CAMISETAS,4
24,TAPABOCAS,2
24,JEANS,36
24,CAMISAS,6
24,CAMISAS,5
24,JEANS,7
24,CAMISETAS,3
24,POLOS,2
24,CAMIBUSOS,2
24,CAMISETAS,1
24,POLOS,1
24,CAMISAS,10
24,PANTALON COLOR,14
24,CAMISETAS,24
24,JEANS,14
24,CAMIBUSOS,1
24,CAMIBUSOS,1
24,JOGGER,7
24,VESTIDOS,1
24,CAMISAS,8
24,CAMIBUSOS,2
24,POLOS,2
24,BLUSAS,7
24,PANTALON COLOR,43
24,PANTALON COLOR,16
24,CAMISAS,18
24,JEANS,23
24,JOGGER,3
24,PANTALON COLOR,12
24,POLOS,4
24,PANTALON COLOR,1
24,BERMUDA,1
24,JOGGER,2
24,BLUSAS,4
24,POLOS,1
24,BLUSAS,1
24,CAMISETAS,4
24,POLOS,2
24,BUSOS,4
24,CHAQUETAS,1
24,JEANS,33
24,CHAQUETAS,1
24,JOGGER,4
24,BLUSAS,6
24,JEANS,10
24,PANTALON COLOR,5
24,VESTIDOS,1
24,CAMISAS,62
24,CAMISETAS,10
24,CAMIBUSOS,1
24,POLOS,1
24,CAMISETAS,5
24,CAMISETAS,4
24,BLUSAS,10
24,CAMISAS,3
24,JEANS,10
24,PANTALON COLOR,22
24,BLUSAS,1
24,CAMISAS,15
24,JEANS,19
24,CAMISETAS,6
24,PANTALON COLOR,5
24,PANTALON COLOR,8
24,JOGGER,28
24,BLUSAS,3
24,VESTIDOS,1
24,BLUSAS,5
24,BERMUDA,1
24,POLOS,1
24,CAMISAS,3
24,POLOS,8
24,PANTALON COLOR,7
24,BLUSAS,2
24,CHAQUETAS,2
24,CHAQUETAS,1
24,CAMISAS,6
24,CAMISETAS,11
24,CORREAS,1
24,PANTALON COLOR,13
24,CAMIBUSOS,1
24,BLUSAS,8
24,BERMUDA,1
24,JEANS,101
24,CAMISETAS,4
24,POLOS,1
24,CAMISAS,10
24,CHAQUETAS,2
24,JEANS,70
24,CAMISAS,4
24,CAMISETAS,2
24,JOGGER,6
24,PANTALON COLOR,17
24,JOGGER,7
24,JOGGER,5
24,JEANS,11
24,CAMISAS,2
24,BLUSAS,13
24,JEANS,13
24,POLOS,2
24,JOGGER,6
24,JEANS,24
24,CAMISETAS,2
24,TAPABOCAS,1
24,PANTALON COLOR,24
24,BLUSAS,1
24,CAMISETAS,8
24,VESTIDOS,1
24,CAMIBUSOS,1
24,CAMISAS,3
24,CORREAS,37
24,CAMISAS,2
24,CHAQUETAS,1
24,POLOS,3
24,JEANS,16
24,BLUSAS,1
24,PANTALON COLOR,3
24,BUSOS,2
24,CAMISETAS,6
24,POLOS,1
24,JEANS,20
24,CAMISAS,5
24,BLUSAS,1
24,POLOS,5
24,BLUSAS,2
24,CAMIBUSOS,1
24,POLOS,2
24,BUSOS,1
24,JEANS,41
24,PANTALON COLOR,5
24,CAMIBUSOS,6
24,BUSOS,1
24,CAMISETAS,11
24,JOGGER,14
24,CHAQUETAS,1
24,PANTALON COLOR,20
24,CAMISAS,1
24,CAMISAS,3
24,SHORT,1
24,JEANS,45
24,CHAQUETAS,1
24,JOGGER,1
24,CAMISETAS,8
25,CHAQUETAS,1
25,CAMIBUSOS,2
25,VESTIDOS,1
25,BLUSAS,2
25,JEANS,105
25,CAMIBUSOS,1
25,CAMIBUSOS,3
25,CAMISETAS,1
25,CAMISETAS,5
25,BUSOS,1
25,PANTALON COLOR,3
25,JOGGER,7
25,JEANS,6
25,PANTALON COLOR,8
25,JEANS,5
25,CAMISAS,13
25,CAMISETAS,30
25,JOGGER,5
25,JOGGER,23
25,POLOS,32
25,CAMISAS,1
25,CAMISETAS,22
25,BUSOS,1
25,PANTALON COLOR,24
25,JOGGER,3
25,PANTALON COLOR,3
25,CAMISAS,24
25,CAMIBUSOS,3
25,VESTIDOS,3
25,CAMIBUSOS,1
25,BLUSAS,3
25,PANTALON COLOR,3
25,JOGGER,2
25,JOGGER,1
25,POLOS,2
25,JEANS,37
25,CAMIBUSOS,1
25,JEANS,9
25,BUSOS,12
25,BLUSAS,1
25,CAMISAS,7
25,CAMISAS,6
25,JEANS,35
25,JEANS,111
25,CAMISAS,9
25,JEANS,71
25,PANTALON COLOR,17
25,JEANS,3
25,CAMIBUSOS,1
25,CHAQUETAS,3
25,CAMISAS,8
25,CAMIBUSOS,2
25,TAPABOCAS,1
25,BLUSAS,2
25,SHORT,3
25,BLUSAS,3
25,JOGGER,12
25,CAMISAS,1
25,JOGGER,2
25,JEANS,21
25,POLOS,4
25,CAMISETAS,11
25,TAPABOCAS,1
25,PANTALON COLOR,54
25,POLOS,7
25,CHAQUETAS,1
25,POLOS,3
25,POLOS,1
25,BERMUDA,1
25,CHAQUETAS,3
25,JEANS,11
25,JOGGER,2
25,POLOS,19
25,PANTALON COLOR,9
25,CORREAS,1
25,PANTALON COLOR,15
25,JEANS,20
25,JOGGER,3
25,CAMIBUSOS,5
25,CAMISAS,4
25,CAMISAS,20
25,BLUSAS,6
25,JOGGER,2
25,CAMISETAS,8
25,BLUSAS,1
25,BLUSAS,1
25,BUSOS,1
25,POLOS,2
25,CAMISETAS,14
25,CAMISAS,6
25,JEANS,20
25,CAMISETAS,11
25,JEANS,13
25,CORREAS,1
25,CAMISAS,4
25,CAMISAS,28
25,CAMIBUSOS,2
25,CAMISETAS,6
25,BLUSAS,3
25,CAMISAS,10
25,CAMISETAS,11
25,PANTALON COLOR,15
25,POLOS,4
25,CAMIBUSOS,9
25,PANTALON COLOR,3
25,POLOS,1
25,PANTALON COLOR,2
25,VESTIDOS,2
25,TAPABOCAS,1
25,PANTALON COLOR,3
25,CHAQUETAS,1
25,JOGGER,41
25,BUSOS,2
25,PANTALON COLOR,9
25,JOGGER,2
25,POLOS,4
25,JEANS,16
25,BLUSAS,8
25,POLOS,17
25,CAMISAS,45
25,BERMUDA,1
25,CAMISETAS,4
25,BLUSAS,17
25,JOGGER,3
25,BUSOS,1
25,CAMISAS,1
25,POLOS,5
25,PANTALON COLOR,7
25,CAMISAS,33
25,SHORT,1
25,JEANS,21
25,CAMIBUSOS,3
25,CAMISAS,3
25,CAMISETAS,18
25,PANTALON COLOR,18
25,TAPABOCAS,1
25,CHAQUETAS,5
25,CAMISETAS,7
25,TAPABOCAS,3
25,POLOS,23
25,BUSOS,1
25,CAMISETAS,22
25,JEANS,42
25,SHORT,1
25,JEANS,13
25,CAMISAS,12
25,CAMISETAS,6
25,JOGGER,2
25,POLOS,9
25,BUSOS,2
25,PANTALON COLOR,30
25,BLUSAS,12
25,JOGGER,1
25,JEANS,11
25,POLOS,6
25,CAMISAS,8
25,BUSOS,1
25,POLOS,8
25,CAMISETAS,2
25,PANTALON COLOR,7
25,CAMIBUSOS,1
25,JEANS,22
25,BERMUDA,1
25,PANTALON COLOR,15
25,JOGGER,3
26,CAMISAS,2
26,BLUSAS,7
26,PANTALON COLOR,13
26,CAMISETAS,10
26,POLOS,1
26,CORREAS,1
26,CAMISETAS,4
26,VESTIDOS,1
26,JOGGER,4
26,PANTALON COLOR,4
26,CAMIBUSOS,1
26,PANTALON COLOR,1
26,CAMISAS,2
26,CAMISETAS,3
26,POLOS,3
26,JOGGER,8
26,PANTALON COLOR,11
26,JEANS,14
26,CAMISETAS,3
26,POLOS,2
26,PANTALON COLOR,4
26,JOGGER,11
26,CAMIBUSOS,2
26,CAMISETAS,4
26,JEANS,22
26,CAMISAS,8
26,CAMISAS,14
26,BLUSAS,1
26,JEANS,10
26,BUSOS,2
26,CHAQUETAS,2
26,CAMISAS,4
26,JEANS,35
26,BLUSAS,3
26,JOGGER,3
26,TAPABOCAS,2
26,CAMIBUSOS,1
26,POLOS,5
26,BLUSAS,1
26,JEANS,6
26,CHAQUETAS,1
26,POLOS,23
26,CAMISAS,1
26,PANTALON COLOR,20
26,CAMIBUSOS,1
26,BUSOS,3
26,TAPABOCAS,1
26,CAMISETAS,15
26,JEANS,9
26,POLOS,2
26,CAMIBUSOS,1
26,CAMISAS,25
26,POLOS,1
26,CAMIBUSOS,2
26,JEANS,12
26,BLUSAS,10
26,CAMISETAS,3
26,PANTALON COLOR,5
26,CAMIBUSOS,1
26,JEANS,52
26,BLUSAS,4
26,BUSOS,1
26,PANTALON COLOR,4
26,CAMISAS,2
26,CAMISETAS,4
26,POLOS,2
26,JOGGER,2
26,CORREAS,2
26,CAMISETAS,11
26,VESTIDOS,1
26,CORREAS,1
26,CAMISAS,14
26,PANTALON COLOR,1
26,CAMISETAS,4
26,JOGGER,12
26,CAMISAS,3
26,BLUSAS,1
26,CAMISAS,6
26,POLOS,11
26,JEANS,8
26,BLUSAS,1
26,PANTALON COLOR,8
26,CAMISETAS,1
26,CAMISETAS,7
26,JEANS,18
26,CORREAS,1
26,POLOS,3
26,BLUSAS,9
26,JOGGER,3
26,SHORT,1
26,BUSOS,1
26,JEANS,10
26,JEANS,24
26,JEANS,12
26,CAMISAS,8
26,POLOS,6
26,JOGGER,2
26,CHAQUETAS,1
26,PANTALON COLOR,2
26,POLOS,4
26,CAMISAS,1
26,POLOS,5
26,BLUSAS,1
26,CAMIBUSOS,1
26,BUSOS,6
26,CAMISAS,8
26,CAMISETAS,1
26,PANTALON COLOR,17
26,CAMISETAS,2
26,JOGGER,10
26,TAPABOCAS,3
26,BLUSAS,6
26,CAMIBUSOS,1
26,PANTALON COLOR,10
26,CAMIBUSOS,1
26,VESTIDOS,1
26,CAMISAS,2
26,PANTALON COLOR,8
26,JEANS,40
26,PANTALON COLOR,12
26,TAPABOCAS,1
26,JOGGER,11
26,JEANS,11
26,CAMISAS,10
26,JOGGER,1
26,JEANS,4
26,POLOS,3
26,BLUSAS,2
26,POLOS,8
26,CAMISETAS,1
26,JOGGER,2
26,CAMISETAS,12
26,CAMISETAS,12
26,BLUSAS,6
26,JEANS,23
26,CAMISAS,8
26,POLOS,2
26,CAMIBUSOS,1
26,CAMISETAS,7
26,CAMISAS,2
26,CAMISAS,8
26,PANTALON COLOR,2
26,JOGGER,14
26,POLOS,4
26,BLUSAS,3
26,PANTALON COLOR,32
26,JEANS,29
26,PANTALON COLOR,6
26,JOGGER,7
26,CAMISETAS,15
26,CAMIBUSOS,4
26,PANTALON COLOR,6
26,VESTIDOS,1
26,PANTALON COLOR,7
26,PANTALON COLOR,8
26,POLOS,2
26,CAMIBUSOS,3
26,CAMIBUSOS,3
26,POLOS,4
26,JEANS,8
26,CAMISAS,12
26,CAMISETAS,1
26,POLOS,1
26,CAMIBUSOS,1
26,BLUSAS,2
26,BLUSAS,5
26,JEANS,10
26,JEANS,48
26,JOGGER,12
27,JEANS,17
27,POLOS,1
27,PANTALON COLOR,1
27,POLOS,1
27,PANTALON COLOR,8
27,CAMISETAS,2
27,SHORT,2
27,JEANS,8
27,JOGGER,7
27,BLUSAS,6
27,PANTALON COLOR,6
27,CAMISAS,5
27,PANTALON COLOR,12
27,CAMISAS,1
27,CAMISAS,1
27,CAMISETAS,6
27,CAMIBUSOS,3
27,JOGGER,4
27,JEANS,20
27,CAMISAS,3
27,CAMISETAS,6
27,JOGGER,3
27,CAMISETAS,1
27,BLUSAS,1
27,CAMISETAS,1
27,CAMISAS,10
27,BLUSAS,5
27,CAMISAS,1
27,BLUSAS,1
27,JEANS,5
27,POLOS,5
27,BLUSAS,3
27,PANTALON COLOR,2
27,JEANS,22
27,POLOS,1
27,POLOS,1
27,JEANS,14
27,CAMISETAS,5
27,BLUSAS,3
27,TAPABOCAS,2
27,JEANS,32
27,POLOS,10
27,BLUSAS,2
27,PANTALON COLOR,11
27,BLUSAS,9
27,JOGGER,8
27,CAMISAS,10
27,CAMISETAS,6
27,JEANS,7
27,CAMISAS,2
27,TAPABOCAS,1
27,CAMISETAS,2
27,JOGGER,3
27,JEANS,16
27,POLOS,1
27,CAMISAS,1
27,PANTALON COLOR,4
27,JOGGER,1
27,BLUSAS,6
27,JOGGER,1
27,PANTALON COLOR,6
27,CAMIBUSOS,2
27,CAMIBUSOS,2
27,CAMISAS,2
27,CAMISETAS,2
27,PANTALON COLOR,3
27,CAMISETAS,3
27,CAMISAS,7
27,CHAQUETAS,1
27,BUSOS,1
27,PANTALON COLOR,17
27,POLOS,2
27,BLUSAS,3
27,JEANS,18
27,BLUSAS,1
27,BLUSAS,4
27,POLOS,4
27,BUSOS,3
27,BLUSAS,4
27,TAPABOCAS,1
27,JOGGER,1
27,JEANS,6
27,PANTALON COLOR,16
27,JOGGER,1
27,JEANS,25
27,BLUSAS,3
27,CAMISAS,1
27,JEANS,11
27,POLOS,7
27,CAMISETAS,1
27,CAMISETAS,2
27,BLUSAS,2
27,CAMIBUSOS,1
27,CAMISAS,4
27,CAMISETAS,4
27,POLOS,1
27,PANTALON COLOR,3
27,JEANS,29
27,JOGGER,1
27,CAMIBUSOS,2
27,JEANS,26
27,BLUSAS,1
27,PANTALON COLOR,5
27,CAMISAS,9
27,CAMIBUSOS,2
27,PANTALON COLOR,5
27,CAMISETAS,7
27,CAMISAS,11
27,CAMISETAS,4
27,CHAQUETAS,1
27,VESTIDOS,1
27,SHORT,1
27,JOGGER,1
27,CAMISAS,2
27,POLOS,4
27,CAMISETAS,3
27,JOGGER,1
27,PANTALON COLOR,4
27,JEANS,10
27,POLOS,3
27,BLUSAS,2
27,PANTALON COLOR,17
27,POLOS,1
27,JEANS,15
27,PANTALON COLOR,16
27,CAMISETAS,10
27,CAMISAS,5
27,JEANS,18
27,CORREAS,1
27,JOGGER,1
27,CAMISETAS,3
27,BUSOS,1
27,PANTALON COLOR,5
27,POLOS,1
27,JEANS,29
27,POLOS,2
27,CHAQUETAS,2
27,BLUSAS,1
27,CAMIBUSOS,3
27,PANTALON COLOR,9
27,TAPABOCAS,1
27,CAMISETAS,3
27,CAMISAS,1
27,CAMISETAS,5
27,CAMISAS,9
27,JEANS,13
27,JOGGER,7
28,POLOS,1
28,BLUSAS,17
28,JOGGER,3
28,BUSOS,1
28,CAMISAS,2
28,JEANS,20
28,JOGGER,4
28,CAMIBUSOS,5
28,JEANS,9
28,JEANS,23
28,POLOS,3
28,CAMISAS,5
28,CAMIBUSOS,2
28,CORREAS,1
28,BUSOS,1
28,JOGGER,5
28,CAMISETAS,2
28,CAMISAS,1
28,PANTALON COLOR,13
28,BLUSAS,2
28,CAMISAS,8
28,CAMISETAS,4
28,CAMISETAS,3
28,JOGGER,2
28,CAMISETAS,2
28,SHORT,1
28,BERMUDA,3
28,VESTIDOS,2
28,JEANS,29
28,PANTALON COLOR,5
28,JOGGER,1
28,JOGGER,1
28,JEANS,27
28,POLOS,2
28,BLUSAS,1
28,PANTALON COLOR,2
28,CAMISAS,13
28,JEANS,16
28,POLOS,2
28,CAMISETAS,1
28,POLOS,1
28,JOGGER,4
28,BUSOS,2
28,PANTALON COLOR,14
28,TAPABOCAS,3
28,CAMISAS,7
28,CAMISETAS,1
28,CAMISETAS,1
28,JEANS,13
28,CHAQUETAS,2
28,PANTALON COLOR,27
28,CAMISAS,3
28,TAPABOCAS,1
28,CAMISETAS,1
28,POLOS,4
28,BLUSAS,2
28,JEANS,73
28,CAMISAS,1
28,BLUSAS,3
28,CAMISETAS,16
28,PANTALON COLOR,9
28,JEANS,46
28,JOGGER,1
28,BLUSAS,4
28,CAMIBUSOS,2
28,BLUSAS,2
28,CAMISAS,13
28,POLOS,6
28,PANTALON COLOR,6
28,BUSOS,1
28,CAMISETAS,3
28,PANTALON COLOR,9
28,POLOS,1
28,JOGGER,3
28,PANTALON COLOR,4
28,BLUSAS,4
28,POLOS,4
28,CAMISETAS,2
28,POLOS,4
28,CORREAS,1
28,BLUSAS,17
28,BUSOS,1
28,BLUSAS,1
28,CAMISETAS,2
28,JEANS,30
28,CAMISAS,3
28,CAMISAS,5
28,JEANS,25
28,BLUSAS,2
28,PANTALON COLOR,6
28,TAPABOCAS,1
28,BLUSAS,8
28,CAMIBUSOS,1
28,JEANS,18
28,CAMISAS,6
28,JEANS,9
28,BLUSAS,2
28,CAMIBUSOS,2
28,CAMISAS,4
28,CAMISAS,1
28,VESTIDOS,1
28,PANTALON COLOR,3
28,BUSOS,1
28,JEANS,5
28,POLOS,1
28,CAMISETAS,5
28,CAMISETAS,3
28,POLOS,1
28,JOGGER,7
28,PANTALON COLOR,7
28,CAMISETAS,5
28,CORREAS,1
28,CAMISETAS,2
28,POLOS,1
28,CORREAS,2
28,BERMUDA,1
28,CHAQUETAS,1
28,JEANS,17
28,BLUSAS,3
28,JOGGER,1
28,PANTALON COLOR,4
28,CAMISAS,5
28,JEANS,14
28,PANTALON COLOR,10
28,JEANS,8
28,BLUSAS,2
28,JOGGER,17
28,BLUSAS,3
28,CAMIBUSOS,1
28,CAMISAS,4
28,PANTALON COLOR,8
28,JEANS,22
28,BLUSAS,4
28,CAMISETAS,11
28,POLOS,2
28,CAMISETAS,2
28,JOGGER,1
28,CAMISAS,1
28,JEANS,49
28,VESTIDOS,1
28,PANTALON COLOR,6
28,BLUSAS,5
28,JOGGER,1
28,PANTALON COLOR,13
29,POLOS,9
29,VESTIDOS,1
29,POLOS,3
29,BLUSAS,1
29,CORREAS,1
29,PANTALON COLOR,9
29,JOGGER,1
29,JOGGER,3
29,BERMUDA,2
29,PANTALON COLOR,3
29,JEANS,15
29,JEANS,53
29,CAMISAS,1
29,POLOS,1
29,CAMISETAS,3
29,CAMISETAS,4
29,BLUSAS,4
29,SHORT,1
29,JEANS,15
29,JOGGER,3
29,BLUSAS,2
29,PANTALON COLOR,5
29,PANTALON COLOR,19
29,CAMISAS,2
29,PANTALON COLOR,1
29,CAMISETAS,2
29,CAMISAS,1
29,CAMISETAS,4
29,VESTIDOS,1
29,JOGGER,6
29,POLOS,5
29,JEANS,34
29,JOGGER,1
29,CAMISAS,3
29,JEANS,16
29,POLOS,1
29,JEANS,5
29,CAMIBUSOS,4
29,PANTALON COLOR,2
29,CAMIBUSOS,1
29,POLOS,2
29,JEANS,11
29,CAMISAS,7
29,POLOS,4
29,JEANS,14
29,PANTALON COLOR,1
29,CAMISAS,7
29,CAMISETAS,5
29,TAPABOCAS,1
29,PANTALON COLOR,17
29,CAMISETAS,2
29,PANTALON COLOR,17
29,PANTALON COLOR,1
29,JEANS,14
29,JOGGER,4
29,JOGGER,4
29,BLUSAS,1
29,VESTIDOS,1
29,CAMISAS,12
29,BLUSAS,3
29,CAMISAS,7
29,BLUSAS,9
29,JOGGER,6
29,TAPABOCAS,2
29,BLUSAS,5
29,JEANS,16
29,POLOS,2
29,CAMISAS,4
29,CAMISETAS,3
29,PANTALON COLOR,4
29,PANTALON COLOR,6
29,CAMISETAS,3
29,BERMUDA,1
29,JOGGER,1
29,POLOS,9
29,BLUSAS,2
29,CAMISETAS,4
29,BLUSAS,2
29,VESTIDOS,1
29,BUSOS,1
29,PANTALON COLOR,2
29,CAMISAS,4
29,CAMISETAS,2
29,POLOS,1
29,JEANS,8
29,CAMIBUSOS,1
29,BUSOS,1
29,JOGGER,4
29,PANTALON COLOR,20
29,CAMISAS,6
29,CAMISETAS,3
29,JOGGER,2
29,CAMISAS,15
29,JOGGER,4
29,BLUSAS,6
29,JEANS,2
29,TAPABOCAS,2
29,JEANS,30
29,BLUSAS,3
29,JEANS,13
29,BLUSAS,2
29,JEANS,38
29,CAMISETAS,10
29,CAMISAS,2
30,JOGGER,1
30,POLOS,4
30,POLOS,1
30,JOGGER,6
30,JEANS,16
30,JEANS,13
30,CAMISETAS,1
30,PANTALON COLOR,4
30,BLUSAS,1
30,BERMUDA,1
30,SHORT,2
30,CAMISETAS,2
30,PANTALON COLOR,12
30,JEANS,5
30,PANTALON COLOR,3
30,JEANS,9
30,BLUSAS,1
30,JOGGER,2
30,CAMISAS,1
30,POLOS,2
30,JEANS,6
30,POLOS,7
30,CAMISETAS,1
30,CAMISAS,2
30,JEANS,26
30,CAMISAS,1
30,CAMISETAS,2
30,CAMISAS,1
30,JOGGER,1
30,PANTALON COLOR,4
30,POLOS,2
30,JOGGER,3
30,CAMISAS,1
30,PANTALON COLOR,8
30,JOGGER,4
30,CAMIBUSOS,1
30,JEANS,5
30,BLUSAS,1
30,PANTALON COLOR,5
30,BUSOS,1
30,BLUSAS,1
30,POLOS,1
30,CAMISETAS,2
30,POLOS,1
30,JEANS,15
30,JEANS,8
30,PANTALON COLOR,2
30,CAMISAS,2
30,BLUSAS,2
30,VESTIDOS,1
30,PANTALON COLOR,6
30,BERMUDA,1
30,BLUSAS,2
30,CAMISETAS,2
30,POLOS,1
30,CAMIBUSOS,2
30,CAMISAS,5
30,CAMISETAS,3
30,JOGGER,2
30,CAMISETAS,2
30,PANTALON COLOR,7
30,JOGGER,6
30,CAMIBUSOS,2
30,PANTALON COLOR,8
30,POLOS,6
30,PANTALON COLOR,11
30,BLUSAS,2
30,BLUSAS,1
30,CAMISETAS,6
30,CHAQUETAS,1
30,JEANS,5
30,CAMISETAS,1
30,CHAQUETAS,2
30,JEANS,8
30,CHAQUETAS,1
30,CAMISAS,2
30,CAMISETAS,8
30,POLOS,5
30,CAMIBUSOS,1
30,CAMISAS,7
30,CAMISETAS,2
30,JEANS,7
30,PANTALON COLOR,1
30,BLUSAS,2
30,JOGGER,2
30,JEANS,21
30,BLUSAS,1
30,JOGGER,1
30,BLUSAS,3
30,CAMISETAS,4
30,PANTALON COLOR,6
30,POLOS,1
30,BLUSAS,1
30,JEANS,5
30,CAMIBUSOS,1
30,BUSOS,2
30,POLOS,2
30,JEANS,25
30,PANTALON COLOR,15
30,BLUSAS,3
30,JOGGER,1
30,CAMISETAS,6
30,JEANS,9
30,PANTALON COLOR,5
30,PANTALON COLOR,2
30,CAMISAS,6
30,CAMISETAS,3
30,CAMISAS,6
30,JEANS,14
31,CHAQUETAS,2
31,JEANS,16
31,POLOS,1
31,CAMISETAS,1
31,PANTALON COLOR,5
31,JOGGER,2
31,BLUSAS,1
31,JEANS,6
31,JOGGER,1
31,PANTALON COLOR,7
31,BLUSAS,3
31,CAMISAS,5
31,PANTALON COLOR,2
31,POLOS,1
31,JOGGER,2
31,CHAQUETAS,1
31,CAMISETAS,7
31,POLOS,2
31,JEANS,11
31,BLUSAS,3
31,CAMISETAS,3
31,PANTALON COLOR,3
31,JOGGER,1
31,CAMIBUSOS,2
31,TAPABOCAS,2
31,CAMISAS,1
31,CAMISAS,3
31,TAPABOCAS,1
31,JEANS,30
31,JEANS,10
31,BLUSAS,1
31,PANTALON COLOR,4
31,JEANS,9
31,CAMISAS,3
31,BLUSAS,2
31,JOGGER,3
31,JOGGER,2
31,BLUSAS,3
31,JEANS,4
31,POLOS,1
31,POLOS,1
31,JOGGER,1
31,PANTALON COLOR,5
31,CORREAS,1
31,CAMISAS,9
31,PANTALON COLOR,9
31,POLOS,1
31,JEANS,33
31,BLUSAS,2
31,CAMISAS,3
31,PANTALON COLOR,5
31,PANTALON COLOR,1
31,BLUSAS,1
31,JEANS,4
31,BERMUDA,1
31,CAMISAS,1
31,JEANS,8
31,JOGGER,5
31,CAMIBUSOS,4
31,POLOS,1
31,CAMISETAS,4
31,JEANS,10
31,CAMISETAS,2
31,CAMISETAS,3
31,CAMISAS,1
31,PANTALON COLOR,6
31,CAMISETAS,1
31,SHORT,2
31,CAMISAS,3
31,JOGGER,2
31,BLUSAS,1
31,POLOS,5
31,CAMISETAS,5
31,BUSOS,1
31,BLUSAS,1
31,JEANS,4
31,CAMISAS,9
31,BLUSAS,2
31,TAPABOCAS,1
31,CAMISAS,1
31,PANTALON COLOR,6
31,CAMIBUSOS,3
31,JEANS,8
31,POLOS,4
31,JOGGER,2
31,TAPABOCAS,1
31,BLUSAS,4
31,PANTALON COLOR,2
31,POLOS,2
31,CORREAS,1
31,BLUSAS,2
31,CAMISAS,1
31,JEANS,17
31,PANTALON COLOR,1
31,POLOS,4
31,PANTALON COLOR,9
31,BLUSAS,2
31,CAMISETAS,2
31,CAMIBUSOS,1
31,PANTALON COLOR,3
31,JOGGER,1
31,JOGGER,2
31,BLUSAS,4
31,CAMISAS,9
31,CAMIBUSOS,1
31,JEANS,6
31,CAMISETAS,3
31,CAMISETAS,6
31,PANTALON COLOR,1
31,POLOS,4
31,BUSOS,2
31,JOGGER,4
31,PANTALON COLOR,6
31,JOGGER,1
31,CAMISAS,2
31,PANTALON COLOR,5
31,JEANS,17
31,BLUSAS,2
31,CAMISETAS,7
31,JOGGER,1
31,CAMISETAS,3
31,CAMISAS,3
31,BUSOS,4
31,JEANS,46
31,JEANS,5
31,JEANS,22
31,POLOS,4
31,CAMISETAS,1
32,BUSOS,1
32,PANTALON COLOR,6
32,BLUSAS,3
32,PANTALON COLOR,18
32,POLOS,2
32,CAMISETAS,3
32,PANTALON COLOR,1
32,JOGGER,3
32,JEANS,33
32,CAMISAS,6
32,POLOS,4
32,CAMISETAS,3
32,POLOS,3
32,PANTALON COLOR,2
32,JEANS,19
32,BLUSAS,5
32,CHAQUETAS,1
32,VESTIDOS,1
32,CAMISAS,3
32,CAMIBUSOS,2
32,CAMISAS,1
32,JEANS,20
32,CAMISETAS,3
32,CAMISETAS,5
32,TAPABOCAS,1
32,BUSOS,1
32,JOGGER,6
32,BLUSAS,7
32,BLUSAS,5
32,JEANS,9
32,POLOS,2
32,BLUSAS,1
32,POLOS,4
32,PANTALON COLOR,9
32,CAMIBUSOS,1
32,CAMISETAS,2
32,CAMISAS,1
32,BLUSAS,4
32,CAMISAS,8
32,CAMIBUSOS,1
32,BLUSAS,3
32,CAMISAS,1
32,POLOS,7
32,PANTALON COLOR,1
32,PANTALON COLOR,3
32,BUSOS,2
32,JEANS,21
32,JOGGER,1
32,CAMISETAS,1
32,CAMISAS,2
32,PANTALON COLOR,10
32,JOGGER,1
32,CAMISETAS,10
32,CORREAS,1
32,CAMISETAS,6
32,PANTALON COLOR,9
32,JOGGER,1
32,CAMISETAS,2
32,POLOS,5
32,CAMISAS,1
32,VESTIDOS,1
32,CAMIBUSOS,1
32,JEANS,22
32,POLOS,2
32,CAMISETAS,4
32,BUSOS,1
32,JEANS,13
32,TAPABOCAS,1
32,BLUSAS,9
32,JEANS,11
32,CAMIBUSOS,2
32,BLUSAS,1
32,CAMISAS,2
32,JEANS,4
32,PANTALON COLOR,20
32,CAMISAS,1
32,POLOS,8
32,BLUSAS,1
32,CAMISAS,9
32,CAMIBUSOS,1
32,POLOS,1
32,JOGGER,2
32,TAPABOCAS,1
32,CAMISETAS,1
32,BLUSAS,3
32,JEANS,9
32,PANTALON COLOR,4
32,JOGGER,1
32,PANTALON COLOR,12
32,JEANS,13
32,JEANS,8
32,CAMISAS,1
32,CAMISETAS,9
32,JEANS,14
32,JOGGER,1
32,CAMISAS,6
32,BUSOS,2
32,PANTALON COLOR,4
32,BLUSAS,1
32,CHAQUETAS,2
32,BUSOS,1
32,CAMISAS,8
32,POLOS,1
32,CAMISAS,4
32,JEANS,3
32,CAMISETAS,9
32,BLUSAS,4
32,PANTALON COLOR,5
32,JEANS,17
32,CAMISETAS,2
32,CHAQUETAS,1
32,PANTALON COLOR,5
32,CAMISETAS,6
32,JOGGER,6
32,BUSOS,1
32,PANTALON COLOR,6
32,PANTALON COLOR,2
32,CAMIBUSOS,1
32,CAMISAS,5
32,POLOS,2
32,POLOS,2
32,BLUSAS,4
32,POLOS,1
32,BUSOS,1
32,JOGGER,4
32,JEANS,12
32,BERMUDA,1
32,JEANS,15
33,BLUSAS,5
33,CHAQUETAS,1
33,POLOS,3
33,JEANS,87
33,POLOS,5
33,CAMIBUSOS,1
33,BLUSAS,3
33,PANTALON COLOR,9
33,CHAQUETAS,1
33,CAMISAS,4
33,JEANS,33
33,BUSOS,1
33,CAMISAS,13
33,PANTALON COLOR,3
33,CAMISETAS,14
33,POLOS,5
33,CAMISETAS,2
33,PANTALON COLOR,8
33,CAMISETAS,4
33,CORREAS,1
33,CAMISAS,1
33,CORREAS,1
33,JEANS,21
33,BUSOS,1
33,PANTALON COLOR,34
33,JOGGER,1
33,CAMISAS,4
33,CAMISETAS,9
33,BLUSAS,3
33,CAMISETAS,1
33,CAMISAS,1
33,CAMISAS,3
33,CAMISETAS,4
33,JEANS,10
33,BERMUDA,1
33,JOGGER,3
33,POLOS,6
33,JEANS,7
33,BLUSAS,16
33,POLOS,12
33,BUSOS,3
33,CHAQUETAS,1
33,TAPABOCAS,3
33,BLUSAS,4
33,PANTALON COLOR,5
33,PANTALON COLOR,10
33,JOGGER,14
33,CAMISAS,5
33,CORREAS,1
33,JEANS,9
33,TAPABOCAS,1
33,CAMISETAS,10
33,PANTALON COLOR,3
33,JOGGER,2
33,CAMISETAS,2
33,CORREAS,1
33,JOGGER,1
33,PANTALON COLOR,27
33,BLUSAS,4
33,JOGGER,2
33,PANTALON COLOR,4
33,CAMISAS,7
33,JOGGER,1
33,JEANS,10
33,PANTALON COLOR,3
33,POLOS,1
33,CAMIBUSOS,3
33,CAMISETAS,8
33,BUSOS,3
33,BLUSAS,3
33,CAMISETAS,8
33,POLOS,4
33,CAMISETAS,2
33,BUSOS,2
33,BERMUDA,1
33,JEANS,19
33,BLUSAS,1
33,BERMUDA,1
33,CORREAS,1
33,PANTALON COLOR,16
33,BLUSAS,3
33,JOGGER,3
33,JEANS,17
33,PANTALON COLOR,7
33,CAMISAS,2
33,BERMUDA,1
33,CAMISAS,6
33,CAMIBUSOS,2
33,TAPABOCAS,1
33,PANTALON COLOR,4
33,CHAQUETAS,2
33,JEANS,20
33,BLUSAS,2
33,BLUSAS,2
33,JEANS,13
33,JOGGER,1
33,CAMISETAS,4
33,PANTALON COLOR,4
33,CAMIBUSOS,1
33,CHAQUETAS,2
33,CAMISAS,1
33,POLOS,5
33,JEANS,9
33,CAMIBUSOS,2
33,CAMISAS,1
33,CAMISETAS,2
33,JOGGER,4
33,JOGGER,5
33,CAMISAS,4
33,JEANS,25
33,POLOS,7
33,POLOS,1
33,BLUSAS,2
33,BUSOS,1
33,POLOS,1
33,JEANS,14
33,BLUSAS,5
33,PANTALON COLOR,6
33,BLUSAS,3
33,CAMISETAS,12
33,PANTALON COLOR,3
33,JEANS,90
33,CORREAS,1
33,POLOS,1
33,TAPABOCAS,1
33,JOGGER,5
33,BLUSAS,18
33,CAMISAS,8
33,JEANS,25
33,PANTALON COLOR,11
33,BUSOS,1
33,BLUSAS,3
33,JEANS,35
33,BERMUDA,1
33,CAMISAS,5
33,JOGGER,5
33,BERMUDA,2
33,CAMISETAS,3
33,CAMISETAS,3
33,CHAQUETAS,1
33,CAMISAS,22
34,PANTALON COLOR,5
34,JOGGER,2
34,PANTALON COLOR,5
34,POLOS,1
34,CAMISAS,5
34,SHORT,1
34,CAMIBUSOS,1
34,JEANS,15
34,CAMISAS,5
34,TAPABOCAS,1
34,BLUSAS,1
34,CHAQUETAS,1
34,JEANS,3
34,TAPABOCAS,1
34,BLUSAS,1
34,VESTIDOS,1
34,CAMISETAS,5
34,CAMISAS,4
34,CAMISAS,3
34,CORREAS,1
34,BLUSAS,4
34,CAMISETAS,7
34,CHAQUETAS,1
34,JEANS,17
34,CAMISETAS,2
34,POLOS,1
34,BLUSAS,2
34,POLOS,1
34,PANTALON COLOR,4
34,JOGGER,4
34,JEANS,5
34,JOGGER,3
34,PANTALON COLOR,5
34,BUSOS,1
34,CAMISETAS,4
34,CORREAS,1
34,JOGGER,6
34,PANTALON COLOR,1
34,POLOS,6
34,PANTALON COLOR,7
34,JEANS,28
34,CAMISAS,2
34,CAMISETAS,2
34,CAMISAS,1
34,PANTALON COLOR,2
34,CAMISETAS,3
34,CAMISAS,3
34,CAMISETAS,3
34,JEANS,13
34,POLOS,4
34,PANTALON COLOR,9
34,JEANS,18
34,CAMISETAS,7
34,JOGGER,1
34,BLUSAS,4
34,JEANS,28
34,JOGGER,1
34,CAMISAS,3
34,JOGGER,5
34,JEANS,6
34,POLOS,3
34,BLUSAS,3
34,BUSOS,1
34,PANTALON COLOR,14
34,CAMISETAS,4
34,CAMISAS,1
34,JOGGER,3
34,POLOS,2
34,BLUSAS,2
34,BLUSAS,1
34,PANTALON COLOR,4
34,PANTALON COLOR,2
34,CAMISAS,6
34,BUSOS,1
34,BLUSAS,1
34,BLUSAS,7
34,JOGGER,2
34,JEANS,9
34,CHAQUETAS,3
34,CAMIBUSOS,3
34,CAMISAS,1
34,JEANS,12
34,JOGGER,1
34,BLUSAS,1
34,CAMISAS,2
34,PANTALON COLOR,1
34,JEANS,8
34,JEANS,6
34,CAMIBUSOS,1
34,JOGGER,4
34,POLOS,1
34,CORREAS,1
34,POLOS,1
34,BLUSAS,2
34,PANTALON COLOR,6
34,JEANS,16
34,CAMISETAS,5
34,JOGGER,6
34,PANTALON COLOR,3
34,JOGGER,2
34,CAMISETAS,4
34,JOGGER,3
34,CAMISETAS,1
34,CAMISAS,1
34,PANTALON COLOR,3
34,CAMISAS,1
34,BLUSAS,4
34,JEANS,13
34,PANTALON COLOR,8
34,CHAQUETAS,2
34,CAMISAS,1
34,JEANS,24
34,CAMISAS,8
34,CAMIBUSOS,2
34,PANTALON COLOR,6
34,TAPABOCAS,1
34,JEANS,14
34,CAMISETAS,8
34,CHAQUETAS,1
34,POLOS,6
34,CAMISETAS,2
34,POLOS,3
34,JOGGER,3
34,JEANS,3
34,BUSOS,1
34,JEANS,37
34,JOGGER,4
34,PANTALON COLOR,5
35,POLOS,1
35,CAMISAS,3
35,JEANS,10
35,BLUSAS,1
35,POLOS,1
35,PANTALON COLOR,4
35,PANTALON COLOR,11
35,VESTIDOS,1
35,JOGGER,7
35,PANTALON COLOR,14
35,CAMIBUSOS,1
35,JEANS,17
35,CAMISETAS,4
35,CAMISETAS,1
35,POLOS,1
35,CAMISAS,2
35,POLOS,5
35,BUSOS,1
35,CHAQUETAS,1
35,JEANS,28
35,PANTALON COLOR,3
35,CAMISAS,6
35,JEANS,31
35,CAMIBUSOS,4
35,JOGGER,3
35,JOGGER,4
35,CAMIBUSOS,3
35,POLOS,1
35,BLUSAS,2
35,JEANS,5
35,CAMISETAS,3
35,CAMIBUSOS,2
35,PANTALON COLOR,6
35,JOGGER,8
35,CAMISETAS,6
35,BUSOS,1
35,BLUSAS,1
35,PANTALON COLOR,6
35,CAMISETAS,1
35,CORREAS,1
35,POLOS,1
35,BUSOS,1
35,CAMISETAS,8
35,CAMISETAS,2
35,TAPABOCAS,1
35,JOGGER,3
35,POLOS,1
35,CAMISAS,7
35,BLUSAS,8
35,CHAQUETAS,1
35,JEANS,14
35,JEANS,10
35,PANTALON COLOR,7
35,CAMISAS,1
35,BLUSAS,2
35,BLUSAS,2
35,JOGGER,1
35,PANTALON COLOR,7
35,BLUSAS,1
35,JEANS,12
35,CAMISAS,4
35,JEANS,6
35,POLOS,1
35,PANTALON COLOR,4
35,BLUSAS,3
35,CAMISAS,5
35,CAMISAS,1
35,CAMISETAS,1
35,PANTALON COLOR,15
35,JOGGER,1
35,CAMISAS,5
35,CAMISETAS,2
35,JOGGER,4
35,PANTALON COLOR,1
35,CAMISETAS,3
35,TAPABOCAS,1
35,POLOS,2
35,JOGGER,4
35,POLOS,5
35,CAMISETAS,5
35,PANTALON COLOR,2
35,JEANS,6
35,BLUSAS,5
35,CAMISAS,10
35,JEANS,23
35,BLUSAS,1
35,CAMISAS,5
35,JEANS,4
35,JOGGER,1
35,POLOS,2
35,JEANS,17
35,JEANS,11
35,JEANS,2
35,BLUSAS,2
35,CAMISAS,1
35,POLOS,1
35,BLUSAS,4
35,CHAQUETAS,1
35,PANTALON COLOR,7
35,JOGGER,1
35,CORREAS,1
35,CORREAS,1
35,CAMISETAS,2
35,JOGGER,2
35,PANTALON COLOR,6
35,CAMISETAS,6
35,BLUSAS,8
35,PANTALON COLOR,10
35,CAMISAS,6
35,BLUSAS,1
35,POLOS,2
35,JOGGER,2
35,CAMISETAS,4
35,PANTALON COLOR,3
35,BERMUDA,1
35,JEANS,4
35,POLOS,4
35,CAMIBUSOS,1
35,CAMISAS,4
35,VESTIDOS,1
35,JEANS,20
35,CHAQUETAS,2
35,BLUSAS,2
35,CAMISETAS,3
35,BERMUDA,2
35,JOGGER,1
35,BLUSAS,1
35,PANTALON COLOR,6
35,JOGGER,3
35,PANTALON COLOR,4
35,JOGGER,6
35,JEANS,23
35,CAMISAS,3
35,CAMISAS,1
35,POLOS,10
35,JEANS,9
35,BUSOS,1
35,JEANS,13
35,BLUSAS,2
35,TAPABOCAS,2
35,JEANS,4
35,CAMISAS,9
36,JEANS,3
36,BLUSAS,4
36,CHAQUETAS,1
36,POLOS,2
36,JEANS,11
36,BUSOS,2
36,PANTALON COLOR,5
36,JEANS,20
36,BLUSAS,2
36,PANTALON COLOR,5
36,JOGGER,2
36,CAMISAS,3
36,JEANS,4
36,PANTALON COLOR,5
36,CAMISAS,3
36,POLOS,3
36,CAMISETAS,1
36,BLUSAS,4
36,CAMISAS,5
36,TAPABOCAS,1
36,CAMISETAS,7
36,JEANS,7
36,CAMISETAS,3
36,POLOS,1
36,CAMISAS,3
36,JEANS,6
36,VESTIDOS,1
36,CAMISAS,1
36,VESTIDOS,1
36,PANTALON COLOR,8
36,CAMISETAS,4
36,CAMISAS,3
36,PANTALON COLOR,14
36,JEANS,17
36,BLUSAS,2
36,CORREAS,1
36,BLUSAS,3
36,JEANS,29
36,POLOS,3
36,BUSOS,1
36,CAMISETAS,3
36,POLOS,2
36,POLOS,1
36,CAMISAS,3
36,CAMISAS,3
36,PANTALON COLOR,6
36,POLOS,1
36,CAMISETAS,1
36,CAMISAS,6
36,BLUSAS,4
36,JEANS,15
36,BUSOS,1
36,PANTALON COLOR,10
36,JOGGER,4
36,PANTALON COLOR,1
36,TAPABOCAS,1
36,BLUSAS,2
36,CHAQUETAS,1
36,BLUSAS,7
36,CAMISETAS,1
36,CAMISAS,2
36,CORREAS,1
36,CAMISETAS,3
36,CHAQUETAS,1
36,JEANS,1
36,CAMIBUSOS,3
36,PANTALON COLOR,10
36,CAMISETAS,5
36,POLOS,3
36,JOGGER,6
36,PANTALON COLOR,15
36,JOGGER,1
36,JOGGER,1
36,PANTALON COLOR,9
36,BLUSAS,2
36,CAMISETAS,4
36,PANTALON COLOR,13
36,PANTALON COLOR,5
36,CAMISETAS,3
36,JEANS,26
36,POLOS,2
36,JEANS,24
36,BLUSAS,4
36,BLUSAS,2
36,JEANS,20
36,CAMISAS,2
36,CAMISETAS,3
36,JEANS,18
36,BUSOS,1
36,CAMISAS,6
36,POLOS,8
36,JEANS,15
36,PANTALON COLOR,5
36,BLUSAS,2
36,BUSOS,1
36,JEANS,12
36,CHAQUETAS,1
36,CAMISAS,4
36,BLUSAS,5
36,CAMISETAS,3
36,JOGGER,1
36,POLOS,4
36,CAMISAS,5
36,JEANS,17
36,POLOS,1
36,CAMISETAS,4
36,JOGGER,1
36,CAMISAS,1
36,CAMISETAS,6
37,JEANS,23
37,CAMISETAS,3
37,JEANS,6
37,PANTALON COLOR,25
37,JEANS,13
37,JOGGER,4
37,BLUSAS,4
37,PANTALON COLOR,3
37,BLUSAS,2
37,JEANS,41
37,PANTALON COLOR,11
37,JOGGER,3
37,CAMISETAS,1
37,POLOS,3
37,POLOS,1
37,PANTALON COLOR,5
37,CAMISAS,5
37,BLUSAS,3
37,CAMISETAS,3
37,PANTALON COLOR,5
37,CAMISETAS,3
37,CORREAS,1
37,JOGGER,4
37,PANTALON COLOR,12
37,JEANS,21
37,CAMISETAS,6
37,CAMISAS,2
37,JOGGER,4
37,JEANS,28
37,CAMISETAS,2
37,JEANS,17
37,CAMISAS,6
37,BLUSAS,3
37,CHAQUETAS,2
37,TAPABOCAS,5
37,CAMISAS,3
37,BUSOS,1
37,CAMIBUSOS,1
37,JEANS,19
37,POLOS,1
37,PANTALON COLOR,2
37,JOGGER,1
37,PANTALON COLOR,4
37,BLUSAS,1
37,CHAQUETAS,1
37,CAMISETAS,2
37,POLOS,4
37,BLUSAS,4
37,CAMISAS,1
37,JEANS,12
37,POLOS,1
37,PANTALON COLOR,10
37,CAMIBUSOS,1
37,JOGGER,2
37,JEANS,5
37,CAMISETAS,1
37,BLUSAS,2
37,BLUSAS,7
37,JOGGER,1
37,CAMISETAS,7
37,JOGGER,1
37,BLUSAS,1
37,JOGGER,1
37,POLOS,1
37,PANTALON COLOR,2
37,CAMISAS,6
37,CAMISETAS,12
37,CAMISETAS,8
37,CAMIBUSOS,1
37,CHAQUETAS,2
37,TAPABOCAS,1
37,CAMISAS,6
37,CAMISETAS,3
37,CAMISAS,5
37,CHAQUETAS,1
37,JEANS,11
37,JEANS,22
37,BUSOS,1
37,BLUSAS,6
37,BERMUDA,1
37,PANTALON COLOR,5
37,CAMIBUSOS,1
37,PANTALON COLOR,8
37,CAMISETAS,2
37,CHAQUETAS,3
37,POLOS,3
37,BLUSAS,4
37,POLOS,1
37,BLUSAS,2
37,CAMISAS,2
37,JEANS,6
37,JOGGER,1
37,JEANS,26
37,PANTALON COLOR,11
37,BLUSAS,2
37,CAMISAS,5
37,PANTALON COLOR,2
37,POLOS,4
37,BLUSAS,4
37,JOGGER,1
37,POLOS,1
37,PANTALON COLOR,4
37,CAMISAS,6
37,CAMIBUSOS,1
37,CAMISETAS,3
37,CAMIBUSOS,1
37,CAMISAS,1
37,JOGGER,2
37,CAMISETAS,2
37,CAMISETAS,4
37,POLOS,3
37,CORREAS,1
37,JEANS,20
37,PANTALON COLOR,4
37,BLUSAS,8
37,PANTALON COLOR,11
37,BERMUDA,1
37,JOGGER,4
37,CAMISAS,6
37,POLOS,2
37,PANTALON COLOR,15
37,SHORT,1
37,CAMISAS,3
37,JEANS,24
37,JEANS,17
37,CAMISAS,9
37,CAMISETAS,8
37,JEANS,10
37,BUSOS,2
37,BLUSAS,2
37,POLOS,4
38,PANTALON COLOR,3
38,POLOS,3
38,CAMISAS,7
38,PANTALON COLOR,6
38,JOGGER,3
38,PANTALON COLOR,8
38,CAMISAS,2
38,POLOS,3
38,VESTIDOS,1
38,CAMISETAS,5
38,JEANS,29
38,CAMIBUSOS,5
38,CAMISETAS,5
38,JEANS,22
38,BLUSAS,3
38,BLUSAS,10
38,BUSOS,2
38,JEANS,20
38,POLOS,5
38,PANTALON COLOR,4
38,BLUSAS,3
38,PANTALON COLOR,16
38,CAMISAS,18
38,CAMISETAS,18
38,BLUSAS,7
38,POLOS,5
38,JEANS,11
38,CAMISETAS,8
38,JEANS,27
38,JOGGER,2
38,CAMISETAS,1
38,TAPABOCAS,1
38,BLUSAS,5
38,POLOS,2
38,JEANS,11
38,CAMISAS,4
38,BLUSAS,11
38,JEANS,10
38,JEANS,8
38,BLUSAS,3
38,CAMISAS,1
38,PANTALON COLOR,12
38,BLUSAS,7
38,CAMISAS,16
38,BERMUDA,2
38,CAMISETAS,4
38,POLOS,8
38,PANTALON COLOR,13
38,POLOS,2
38,CHAQUETAS,3
38,JOGGER,1
38,JEANS,43
38,CORREAS,1
38,POLOS,3
38,JOGGER,3
38,CAMISAS,4
38,PANTALON COLOR,12
38,JOGGER,3
38,BERMUDA,1
38,CAMISETAS,16
38,POLOS,1
38,PANTALON COLOR,20
38,CAMISAS,5
38,CORREAS,1
38,POLOS,4
38,CAMISETAS,5
38,JEANS,21
38,CAMIBUSOS,1
38,BLUSAS,1
38,TAPABOCAS,1
38,PANTALON COLOR,5
38,CAMISAS,3
38,JEANS,29
38,CHAQUETAS,2
38,TAPABOCAS,3
38,BUSOS,3
38,CAMIBUSOS,1
38,JOGGER,5
38,CAMISAS,2
38,BLUSAS,2
38,CAMIBUSOS,5
38,BLUSAS,4
38,JOGGER,2
38,POLOS,5
38,PANTALON COLOR,6
38,JOGGER,1
38,CAMISETAS,10
38,PANTALON COLOR,1
38,CAMISAS,3
38,JOGGER,2
38,VESTIDOS,1
38,CAMISAS,8
38,PANTALON COLOR,17
38,CAMISETAS,7
38,JEANS,27
38,BERMUDA,1
38,CAMISETAS,8
38,CORREAS,2
38,CORREAS,1
38,BUSOS,2
38,JOGGER,6
38,CAMISAS,7
38,CAMISETAS,11
38,CHAQUETAS,1
38,CAMISETAS,7
38,JEANS,13
38,CAMISETAS,3
38,CAMIBUSOS,1
38,JEANS,12
38,BLUSAS,4
38,CAMIBUSOS,1
38,CAMISAS,3
38,BUSOS,2
38,PANTALON COLOR,12
38,BLUSAS,1
38,PANTALON COLOR,12
38,BLUSAS,9
38,BLUSAS,2
38,CAMISAS,6
38,VESTIDOS,1
38,CAMIBUSOS,1
38,CAMISETAS,5
38,JOGGER,5
38,VESTIDOS,1
38,JOGGER,5
38,PANTALON COLOR,16
38,CAMISAS,13
38,JEANS,17
38,POLOS,1
38,BUSOS,1
38,TAPABOCAS,2
38,CAMISETAS,1
38,JEANS,16
38,CHAQUETAS,2
38,CAMISETAS,9
38,CHAQUETAS,2
38,POLOS,7
38,CORREAS,2
38,JOGGER,7
38,POLOS,1
38,JEANS,51
38,BLUSAS,4
38,POLOS,1
38,CAMISAS,3
38,JEANS,21
38,JOGGER,1
38,POLOS,4
38,BLUSAS,5
38,CAMISAS,2
38,PANTALON COLOR,15
38,BLUSAS,8
38,JEANS,4
38,CAMISETAS,10
38,PANTALON COLOR,5
38,CHAQUETAS,4
38,CAMISETAS,3
38,CAMISAS,14
39,BLUSAS,4
39,JEANS,20
39,CORREAS,1
39,POLOS,5
39,CAMIBUSOS,4
39,PANTALON COLOR,6
39,BLUSAS,3
39,JEANS,18
39,CAMISAS,11
39,CHAQUETAS,1
39,PANTALON COLOR,6
39,JEANS,32
39,CAMISETAS,12
39,BUSOS,1
39,VESTIDOS,1
39,CAMISAS,1
39,PANTALON COLOR,6
39,PANTALON COLOR,2
39,CAMISETAS,3
39,POLOS,2
39,BLUSAS,4
39,CAMISAS,3
39,CAMISETAS,13
39,JOGGER,3
39,PANTALON COLOR,5
39,JOGGER,2
39,CAMISETAS,2
39,JEANS,14
39,PANTALON COLOR,7
39,CAMISAS,7
39,CAMISAS,3
39,JOGGER,7
39,JOGGER,2
39,CAMISETAS,2
39,POLOS,1
39,CAMISETAS,4
39,CAMIBUSOS,5
39,CAMISAS,5
39,CHAQUETAS,1
39,CORREAS,1
39,JEANS,18
39,POLOS,4
39,JEANS,14
39,TAPABOCAS,1
39,BLUSAS,3
39,JEANS,1
39,BLUSAS,2
39,VESTIDOS,1
39,CHAQUETAS,1
39,BLUSAS,3
39,BUSOS,3
39,POLOS,3
39,CHAQUETAS,1
39,JEANS,14
39,CAMISETAS,3
39,CHAQUETAS,1
39,POLOS,2
39,JOGGER,1
39,PANTALON COLOR,8
39,CAMIBUSOS,3
39,BUSOS,1
39,JOGGER,3
39,PANTALON COLOR,3
39,VESTIDOS,1
39,CAMISETAS,8
39,PANTALON COLOR,10
39,POLOS,4
39,CAMISAS,4
39,JOGGER,2
39,PANTALON COLOR,5
39,PANTALON COLOR,8
39,BLUSAS,2
39,JOGGER,1
39,CORREAS,1
39,CAMISETAS,4
39,CAMISAS,5
39,VESTIDOS,1
39,POLOS,1
39,CAMISAS,2
39,TAPABOCAS,6
39,PANTALON COLOR,10
39,BUSOS,2
39,CAMIBUSOS,2
39,JEANS,15
39,BUSOS,1
39,CAMISETAS,4
39,CAMISAS,6
39,JEANS,9
39,CAMISETAS,15
39,BLUSAS,1
39,BLUSAS,1
39,BLUSAS,2
39,POLOS,6
39,JEANS,24
39,CAMISAS,9
39,JEANS,11
39,JOGGER,2
39,CHAQUETAS,1
39,CAMISAS,5
39,POLOS,2
39,CAMISETAS,2
39,BUSOS,1
39,PANTALON COLOR,8
39,BUSOS,1
39,POLOS,1
39,JOGGER,1
39,PANTALON COLOR,4
39,JOGGER,3
39,JEANS,8
39,TAPABOCAS,2
39,CORREAS,3
39,CAMISETAS,4
39,BLUSAS,11
39,PANTALON COLOR,4
39,JOGGER,3
39,CAMISETAS,3
39,PANTALON COLOR,1
39,TAPABOCAS,2
39,BLUSAS,4
39,PANTALON COLOR,19
39,JOGGER,1
39,CAMISAS,5
39,BERMUDA,1
39,JEANS,31
39,JEANS,14
39,CAMISAS,8
39,BLUSAS,3
39,JOGGER,3
39,JEANS,12
39,PANTALON COLOR,6
39,CHAQUETAS,3
39,POLOS,1
39,CAMIBUSOS,1
39,BLUSAS,2
39,POLOS,1
39,POLOS,3
39,CAMIBUSOS,1
39,CAMISAS,2
39,CHAQUETAS,2
39,CAMISETAS,9
39,BLUSAS,8
39,JEANS,16
39,BLUSAS,4
39,CAMISAS,11
39,PANTALON COLOR,6
39,BLUSAS,1
39,POLOS,1
39,BUSOS,2
39,CAMISAS,4
39,JEANS,30
39,POLOS,1
39,CAMISETAS,5
39,CAMISAS,8
39,JEANS,2
39,JOGGER,4
39,CHAQUETAS,1
39,CAMISAS,3
39,CAMISETAS,1
39,JOGGER,2
39,PANTALON COLOR,3
39,BUSOS,1
39,POLOS,1
39,VESTIDOS,3
39,BUSOS,2
39,CHAQUETAS,1
39,POLOS,5
39,BLUSAS,1
39,CAMISAS,4
39,POLOS,1
39,SHORT,1
39,TAPABOCAS,2
39,BLUSAS,4
39,CAMISETAS,6
39,JOGGER,1
39,CAMISETAS,6
39,JOGGER,2
39,BERMUDA,1
39,CAMISAS,2
39,JEANS,31
39,CAMISETAS,3
39,TAPABOCAS,2
39,CAMISETAS,5
39,PANTALON COLOR,12
39,JEANS,9
40,PANTALON COLOR,5
40,POLOS,4
40,BLUSAS,3
40,JOGGER,4
40,CAMISAS,5
40,CAMIBUSOS,1
40,CAMISAS,10
40,JOGGER,2
40,CHAQUETAS,1
40,POLOS,3
40,PANTALON COLOR,3
40,JOGGER,1
40,PANTALON COLOR,9
40,CAMISAS,5
40,VESTIDOS,2
40,CAMISAS,3
40,JEANS,20
40,PANTALON COLOR,3
40,BUSOS,1
40,JEANS,5
40,CAMISETAS,6
40,BLUSAS,2
40,CAMISAS,4
40,CAMISETAS,4
40,TAPABOCAS,3
40,PANTALON COLOR,7
40,BUSOS,1
40,BLUSAS,3
40,BLUSAS,5
40,JEANS,23
40,JOGGER,2
40,CAMISETAS,1
40,JOGGER,2
40,POLOS,2
40,CHAQUETAS,1
40,CORREAS,2
40,JEANS,35
40,CAMIBUSOS,2
40,POLOS,1
40,CAMISETAS,1
40,JEANS,13
40,BLUSAS,7
40,JEANS,17
40,PANTALON COLOR,18
40,BUSOS,1
40,VESTIDOS,2
40,CAMISAS,1
40,CAMISETAS,1
40,CAMIBUSOS,1
40,CAMISAS,6
40,CAMISETAS,3
40,BLUSAS,4
40,PANTALON COLOR,6
40,JOGGER,3
40,BLUSAS,2
40,CORREAS,2
40,PANTALON COLOR,11
40,JEANS,11
40,POLOS,2
40,CAMISETAS,1
40,PANTALON COLOR,12
40,CAMISAS,5
40,TAPABOCAS,4
40,PANTALON COLOR,8
40,CAMISAS,4
40,CAMISAS,3
40,JOGGER,2
40,JEANS,11
40,BLUSAS,4
40,POLOS,1
40,CHAQUETAS,1
40,JEANS,33
40,JEANS,11
40,BLUSAS,3
40,CAMISETAS,9
40,CHAQUETAS,1
40,BLUSAS,4
40,CAMISETAS,2
40,BLUSAS,2
40,BUSOS,2
40,JOGGER,3
40,CAMISETAS,1
40,JEANS,15
40,BLUSAS,3
40,CAMISAS,2
40,CAMISETAS,1
40,JOGGER,1
40,CAMIBUSOS,2
40,PANTALON COLOR,14
40,BLUSAS,2
40,JEANS,14
40,CAMISETAS,7
40,JOGGER,1
40,JEANS,13
40,CAMISAS,4
40,CAMISAS,2
40,PANTALON COLOR,3
40,CAMISETAS,5
40,JOGGER,1
40,JEANS,9
40,JEANS,11
40,CAMISAS,7
40,PANTALON COLOR,7
40,JOGGER,1
40,PANTALON COLOR,4
40,POLOS,3
40,POLOS,1
40,CAMISAS,5
40,BUSOS,1
40,POLOS,1
40,BLUSAS,2
40,CAMISETAS,1
40,POLOS,4
40,BUSOS,2
40,POLOS,2
40,JEANS,5
40,PANTALON COLOR,4
40,BLUSAS,1
40,JEANS,5
40,POLOS,3
40,CHAQUETAS,1
40,VESTIDOS,1
40,PANTALON COLOR,7
40,CAMISETAS,3
40,JOGGER,3
40,BLUSAS,5
40,CAMISAS,2
40,BERMUDA,1
40,CAMISAS,1
40,CAMISAS,6
40,PANTALON COLOR,4
40,CAMISETAS,8
40,JEANS,20
40,CAMIBUSOS,1
40,BLUSAS,4
40,CAMISETAS,5
40,JEANS,17
40,POLOS,2
40,POLOS,1
40,POLOS,1
40,BUSOS,1
40,PANTALON COLOR,4
40,JEANS,15
40,PANTALON COLOR,18
40,BERMUDA,1
40,CAMISAS,1
41,JEANS,11
41,POLOS,5
41,BLUSAS,1
41,JEANS,13
41,BLUSAS,5
41,PANTALON COLOR,15
41,JOGGER,5
41,BUSOS,1
41,CAMISAS,13
41,CAMISETAS,9
41,POLOS,4
41,PANTALON COLOR,5
41,CAMISAS,6
41,CAMIBUSOS,2
41,BUSOS,2
41,JEANS,14
41,PANTALON COLOR,1
41,CAMISAS,2
41,JOGGER,2
41,SHORT,1
41,JEANS,19
41,PANTALON COLOR,5
41,CAMIBUSOS,1
41,POLOS,4
41,BUSOS,1
41,JOGGER,3
41,JEANS,41
41,JOGGER,3
41,CAMISETAS,10
41,CHAQUETAS,1
41,CAMISETAS,4
41,JOGGER,3
41,CAMISAS,21
41,CAMISETAS,6
41,PANTALON COLOR,8
41,BERMUDA,2
41,CAMISAS,1
41,JOGGER,3
41,CAMISETAS,2
41,CAMISETAS,4
41,BUSOS,2
41,JOGGER,2
41,PANTALON COLOR,29
41,BLUSAS,8
41,PANTALON COLOR,7
41,CAMISAS,4
41,JEANS,18
41,JOGGER,4
41,PANTALON COLOR,4
41,VESTIDOS,2
41,BLUSAS,2
41,CAMIBUSOS,1
41,POLOS,2
41,BUSOS,1
41,BLUSAS,1
41,CAMISAS,3
41,JEANS,11
41,BLUSAS,3
41,CAMISETAS,2
41,BUSOS,7
41,BLUSAS,1
41,CAMISAS,5
41,JEANS,12
41,POLOS,3
41,JOGGER,2
41,PANTALON COLOR,6
41,CAMISETAS,7
41,BLUSAS,3
41,CAMISETAS,4
41,POLOS,4
41,JOGGER,4
41,JOGGER,2
41,POLOS,1
41,CAMISETAS,9
41,PANTALON COLOR,2
41,CAMISAS,5
41,PANTALON COLOR,6
41,CAMISAS,1
41,PANTALON COLOR,2
41,JEANS,21
41,JEANS,10
41,CHAQUETAS,2
41,TAPABOCAS,1
41,CAMISAS,12
41,JEANS,33
41,BLUSAS,5
41,JEANS,11
41,CAMISETAS,5
41,CAMIBUSOS,1
41,PANTALON COLOR,4
41,BLUSAS,3
41,PANTALON COLOR,8
41,JEANS,14
41,BUSOS,1
41,CAMISETAS,8
41,POLOS,5
41,PANTALON COLOR,5
41,JOGGER,4
41,PANTALON COLOR,8
41,CAMIBUSOS,2
41,CAMISETAS,4
41,POLOS,3
41,BERMUDA,1
41,BLUSAS,5
41,BLUSAS,5
41,BLUSAS,1
41,JEANS,23
41,POLOS,5
41,PANTALON COLOR,5
41,CAMIBUSOS,1
41,CAMISAS,9
41,POLOS,8
41,VESTIDOS,1
41,JEANS,16
41,TAPABOCAS,1
41,JOGGER,5
41,CAMISETAS,4
41,PANTALON COLOR,8
41,BLUSAS,3
41,VESTIDOS,1
41,POLOS,2
41,JOGGER,2
41,POLOS,5
41,CAMISAS,4
41,JEANS,14
41,CAMISAS,3
41,TAPABOCAS,2
41,CAMISETAS,10
41,CAMIBUSOS,2
41,CORREAS,1
41,CAMISAS,7
41,BLUSAS,1
41,BUSOS,1
41,JEANS,20
41,JEANS,5
42,PANTALON COLOR,6
42,CAMIBUSOS,2
42,JEANS,19
42,POLOS,2
42,CAMISAS,9
42,JOGGER,7
42,CAMIBUSOS,3
42,CHAQUETAS,1
42,BLUSAS,4
42,JEANS,52
42,PANTALON COLOR,3
42,CAMISETAS,7
42,POLOS,3
42,BUSOS,2
42,CHAQUETAS,1
42,CAMISAS,2
42,JEANS,37
42,BLUSAS,2
42,CAMISAS,1
42,VESTIDOS,1
42,BLUSAS,2
42,CAMISETAS,5
42,JOGGER,1
42,PANTALON COLOR,7
42,CAMISETAS,2
42,JEANS,17
42,CAMISAS,6
42,CAMISETAS,5
42,BLUSAS,2
42,CHAQUETAS,1
42,TAPABOCAS,1
42,JOGGER,1
42,CAMISETAS,4
42,JEANS,26
42,CAMISAS,11
42,PANTALON COLOR,19
42,CAMIBUSOS,1
42,POLOS,3
42,PANTALON COLOR,2
42,BUSOS,1
42,JEANS,58
42,CHAQUETAS,2
42,BLUSAS,2
42,JOGGER,2
42,BLUSAS,5
42,BERMUDA,1
42,CAMISAS,2
42,JOGGER,1
42,JEANS,9
42,POLOS,10
42,JOGGER,6
42,CAMIBUSOS,1
42,PANTALON COLOR,14
42,CAMISAS,5
42,TAPABOCAS,1
42,CAMISETAS,1
42,JOGGER,1
42,BLUSAS,8
42,PANTALON COLOR,25
42,CAMISAS,2
42,CAMISETAS,4
42,JOGGER,6
42,PANTALON COLOR,9
42,CAMISETAS,14
42,JEANS,38
42,CAMISETAS,13
42,JEANS,4
42,CAMISAS,12
42,CAMIBUSOS,2
42,POLOS,1
42,JEANS,10
42,POLOS,4
42,CHAQUETAS,1
42,CHAQUETAS,1
42,JEANS,12
42,POLOS,2
42,BLUSAS,8
42,POLOS,4
42,PANTALON COLOR,4
42,PANTALON COLOR,17
42,CAMISETAS,4
42,JOGGER,2
42,PANTALON COLOR,11
42,BLUSAS,5
42,JOGGER,1
42,POLOS,1
42,PANTALON COLOR,2
42,JOGGER,6
42,CAMISETAS,6
42,CAMISETAS,3
42,PANTALON COLOR,1
42,JEANS,36
42,BLUSAS,6
42,CORREAS,1
42,CAMISAS,15
42,CAMISAS,3
42,CAMISAS,5
42,BUSOS,1
42,JEANS,18
42,BLUSAS,3
42,JEANS,5
42,CAMISAS,8
42,POLOS,5
42,POLOS,13
42,JEANS,16
42,TAPABOCAS,1
42,PANTALON COLOR,20
42,CAMISETAS,4
42,CAMISAS,8
42,PANTALON COLOR,1
42,BERMUDA,1
42,JOGGER,3
42,BUSOS,1
42,CAMIBUSOS,1
43,BLUSAS,5
43,CAMISAS,10
43,CAMISETAS,2
43,TAPABOCAS,1
43,JOGGER,4
43,CAMISETAS,10
43,BUSOS,1
43,JEANS,27
43,BLUSAS,7
43,CAMISETAS,3
43,PANTALON COLOR,16
43,BUSOS,1
43,PANTALON COLOR,9
43,JEANS,28
43,BLUSAS,1
43,CAMISAS,5
43,POLOS,1
43,CAMISAS,1
43,TAPABOCAS,1
43,BERMUDA,1
43,CHAQUETAS,1
43,POLOS,3
43,JEANS,4
43,PANTALON COLOR,12
43,CAMISETAS,1
43,BLUSAS,2
43,JEANS,11
43,JOGGER,1
43,CAMISETAS,8
43,POLOS,3
43,PANTALON COLOR,9
43,JOGGER,1
43,CAMISAS,5
43,CAMISAS,4
43,JEANS,32
43,POLOS,1
43,CAMISAS,1
43,PANTALON COLOR,9
43,CAMISETAS,7
43,POLOS,1
43,CAMIBUSOS,1
43,CAMISAS,3
43,CHAQUETAS,1
43,BERMUDA,1
43,BLUSAS,1
43,JOGGER,3
43,BLUSAS,3
43,JEANS,8
43,CAMISETAS,3
43,JOGGER,2
43,VESTIDOS,1
43,CORREAS,1
43,PANTALON COLOR,19
43,JOGGER,1
43,PANTALON COLOR,6
43,BLUSAS,1
43,CAMISETAS,5
43,CAMISAS,4
43,PANTALON COLOR,3
43,POLOS,2
43,CHAQUETAS,1
43,CAMIBUSOS,1
43,CAMISAS,8
43,JEANS,11
43,CAMISAS,1
43,JEANS,15
43,CORREAS,2
43,POLOS,4
43,JEANS,6
43,JEANS,16
43,BLUSAS,3
43,TAPABOCAS,5
43,CORREAS,1
43,CAMIBUSOS,3
43,JOGGER,1
43,PANTALON COLOR,4
43,PANTALON COLOR,8
43,CAMISAS,2
43,PANTALON COLOR,4
43,BLUSAS,2
43,CAMISAS,2
43,PANTALON COLOR,2
43,CAMISETAS,2
43,JOGGER,5
43,POLOS,8
43,CAMISETAS,6
43,BLUSAS,1
43,CAMIBUSOS,1
43,POLOS,10
43,CAMISETAS,1
43,CAMISAS,5
43,PANTALON COLOR,13
43,JEANS,12
43,BLUSAS,4
43,PANTALON COLOR,10
43,CAMISAS,2
43,JEANS,52
43,JEANS,16
43,POLOS,1
43,JEANS,10
43,POLOS,1
43,CHAQUETAS,1
44,CAMISAS,7
44,BLUSAS,6
44,POLOS,1
44,CHAQUETAS,2
44,BUSOS,1
44,CAMISETAS,4
44,TAPABOCAS,1
44,CAMISAS,15
44,BLUSAS,1
44,PANTALON COLOR,1
44,POLOS,4
44,JEANS,11
44,VESTIDOS,1
44,CAMISETAS,5
44,BLUSAS,7
44,PANTALON COLOR,11
44,JOGGER,4
44,CAMIBUSOS,2
44,POLOS,2
44,JEANS,8
44,PANTALON COLOR,17
44,CORREAS,1
44,JEANS,25
44,BLUSAS,5
44,JOGGER,1
44,JOGGER,7
44,CAMIBUSOS,2
44,CAMISETAS,7
44,CAMISAS,6
44,POLOS,3
44,JEANS,11
44,JEANS,6
44,BLUSAS,10
44,CAMISETAS,6
44,PANTALON COLOR,8
44,POLOS,6
44,PANTALON COLOR,10
44,JEANS,28
44,JOGGER,2
44,BLUSAS,5
44,CAMISAS,2
44,POLOS,2
44,TAPABOCAS,1
44,POLOS,2
44,JOGGER,1
44,PANTALON COLOR,2
44,CAMISETAS,13
44,CAMISAS,6
44,POLOS,1
44,CAMISETAS,1
44,CAMIBUSOS,1
44,JEANS,15
44,PANTALON COLOR,2
44,CAMISAS,4
44,JEANS,30
44,PANTALON COLOR,19
44,CAMISETAS,2
44,JOGGER,4
44,PANTALON COLOR,5
44,BLUSAS,1
44,TAPABOCAS,1
44,JEANS,58
44,BLUSAS,9
44,CAMISAS,5
44,JOGGER,2
44,CAMISETAS,2
44,JOGGER,1
44,POLOS,4
44,JEANS,20
44,CAMISETAS,2
44,CHAQUETAS,1
44,PANTALON COLOR,4
44,VESTIDOS,1
44,CAMISAS,5
44,CAMIBUSOS,3
44,JEANS,20
44,BLUSAS,3
44,JEANS,8
44,PANTALON COLOR,9
44,BLUSAS,4
44,JOGGER,1
44,PANTALON COLOR,5
44,PANTALON COLOR,5
44,JOGGER,1
44,JOGGER,4
44,CHAQUETAS,1
44,CAMISETAS,4
44,CAMISETAS,1
44,CAMISAS,3
44,CAMISETAS,5
44,POLOS,4
44,JEANS,6
44,JEANS,24
44,POLOS,1
44,JOGGER,1
44,PANTALON COLOR,40
44,CAMISAS,6
44,CAMISAS,4
44,CAMISETAS,2
44,BLUSAS,2
44,POLOS,2
44,BERMUDA,1
44,BUSOS,1
45,BLUSAS,1
45,JOGGER,2
45,JEANS,11
45,BLUSAS,5
45,BUSOS,1
45,BLUSAS,1
45,JEANS,3
45,CAMISETAS,7
45,POLOS,4
45,PANTALON COLOR,14
45,POLOS,1
45,CAMISETAS,7
45,CAMISAS,6
45,JEANS,27
45,JOGGER,2
45,POLOS,2
45,PANTALON COLOR,6
45,CAMIBUSOS,1
45,JEANS,17
45,PANTALON COLOR,17
45,JOGGER,9
45,CHAQUETAS,1
45,CAMISETAS,4
45,CAMIBUSOS,1
45,CAMISAS,2
45,PANTALON COLOR,4
45,JOGGER,2
45,CAMISAS,3
45,JEANS,14
45,POLOS,5
45,JEANS,6
45,CHAQUETAS,2
45,POLOS,2
45,JEANS,7
45,PANTALON COLOR,7
45,JOGGER,3
45,BERMUDA,1
45,CAMISETAS,6
45,BLUSAS,15
45,PANTALON COLOR,6
45,CAMISETAS,5
45,POLOS,4
45,JEANS,25
45,CAMISETAS,4
45,BLUSAS,2
45,CAMISAS,8
45,PANTALON COLOR,4
45,CAMISETAS,1
45,CAMISETAS,9
45,CAMIBUSOS,2
45,CAMISAS,1
45,POLOS,9
45,CAMIBUSOS,2
45,CAMISAS,1
45,BLUSAS,8
45,CAMISAS,2
45,POLOS,3
45,PANTALON COLOR,2
45,JEANS,9
45,JEANS,19
45,CAMISAS,4
45,CAMISETAS,5
45,JOGGER,1
45,BERMUDA,1
45,PANTALON COLOR,10
45,CAMISETAS,16
45,TAPABOCAS,1
45,BLUSAS,1
45,JOGGER,4
45,PANTALON COLOR,3
45,BUSOS,1
45,JEANS,23
45,PANTALON COLOR,2
45,JEANS,61
45,PANTALON COLOR,35
45,CAMISAS,10
45,BLUSAS,2
45,BUSOS,1
45,TAPABOCAS,3
45,CAMIBUSOS,1
45,CAMISAS,1
45,CAMISAS,6
45,JEANS,12
45,CAMISETAS,14
45,BLUSAS,7
45,JOGGER,4
45,PANTALON COLOR,2
45,CAMIBUSOS,2
45,JEANS,10
45,POLOS,5
45,BLUSAS,1
45,POLOS,9
45,CAMISAS,3
45,CHAQUETAS,1
45,JOGGER,3
45,CAMISETAS,1
45,JOGGER,1
45,POLOS,1
45,CAMISAS,8
45,CAMISETAS,4
45,JOGGER,1
45,PANTALON COLOR,5
45,JEANS,5
45,CAMISETAS,4
46,JOGGER,2
46,CAMIBUSOS,3
46,BLUSAS,5
46,JEANS,56
46,JOGGER,13
46,PANTALON COLOR,13
46,CAMISETAS,3
46,BERMUDA,2
46,CAMISAS,5
46,CAMISAS,3
46,POLOS,2
46,JOGGER,2
46,CHAQUETAS,1
46,BLUSAS,4
46,PANTALON COLOR,9
46,JEANS,25
46,CAMIBUSOS,3
46,JEANS,14
46,CAMISAS,6
46,CHAQUETAS,1
46,CAMIBUSOS,1
46,CAMISETAS,3
46,POLOS,1
46,CAMIBUSOS,1
46,CAMISAS,4
46,PANTALON COLOR,7
46,PANTALON COLOR,9
46,VESTIDOS,1
46,BLUSAS,1
46,CORREAS,1
46,POLOS,4
46,JEANS,56
46,JEANS,16
46,CAMISETAS,14
46,POLOS,5
46,BLUSAS,9
46,BUSOS,1
46,BUSOS,1
46,BLUSAS,8
46,BERMUDA,1
46,JEANS,38
46,BUSOS,1
46,CHAQUETAS,2
46,POLOS,1
46,CAMISAS,7
46,BERMUDA,1
46,CAMIBUSOS,5
46,CAMISAS,6
46,CAMISETAS,5
46,PANTALON COLOR,2
46,CAMISETAS,1
46,PANTALON COLOR,1
46,JOGGER,2
46,JOGGER,7
46,PANTALON COLOR,38
46,TAPABOCAS,1
46,JEANS,13
46,BLUSAS,2
46,JOGGER,1
46,POLOS,7
46,CAMIBUSOS,3
46,CAMISAS,22
46,POLOS,1
46,PANTALON COLOR,24
46,BLUSAS,1
46,JEANS,83
46,JOGGER,1
46,CAMIBUSOS,1
46,CAMISETAS,6
46,PANTALON COLOR,12
46,POLOS,15
46,CAMISETAS,16
46,JEANS,6
46,JEANS,17
46,BLUSAS,3
46,JOGGER,5
46,BUSOS,4
46,PANTALON COLOR,9
46,POLOS,1
46,BLUSAS,20
46,JOGGER,8
46,BLUSAS,3
46,JEANS,14
46,CAMISAS,7
46,CAMISAS,9
46,CAMISETAS,5
46,JEANS,11
46,JOGGER,3
46,JEANS,11
46,CAMISETAS,15
46,PANTALON COLOR,29
46,JOGGER,1
46,JEANS,8
46,CAMISAS,18
46,POLOS,10
46,CAMISETAS,7
46,CORREAS,1
46,ACCESORIOS,1
46,PANTALON COLOR,19
46,CAMISETAS,3
46,BERMUDA,1
46,JEANS,30
46,VESTIDOS,2
46,POLOS,1
46,BLUSAS,3
46,PANTALON COLOR,6
46,PANTALON COLOR,9
46,CAMISAS,3
46,CAMIBUSOS,1
46,CAMISAS,7
46,BLUSAS,1
46,POLOS,5
46,CAMISETAS,11
46,JOGGER,9
46,CAMISAS,7
46,JEANS,33
46,POLOS,1
46,JOGGER,4
46,JEANS,27
46,CHAQUETAS,1
46,CAMIBUSOS,2
46,POLOS,2
46,CAMISAS,6
46,CAMIBUSOS,5
46,PANTALON COLOR,6
46,BLUSAS,13
46,BUSOS,1
46,CAMISETAS,3
46,CORREAS,1
46,JOGGER,3
46,BLUSAS,3
46,CAMISETAS,1
46,CAMISAS,9
46,TAPABOCAS,1
46,BERMUDA,2
46,JOGGER,1
46,CAMIBUSOS,1
46,CHAQUETAS,3
46,BLUSAS,2
46,JEANS,22
46,CORREAS,1
46,POLOS,2
46,CAMISAS,4
46,BLUSAS,7
46,CAMISAS,19
46,CAMISETAS,3
46,POLOS,4
46,SHORT,1
46,BUSOS,2
46,PANTALON COLOR,9
46,BLUSAS,2
46,POLOS,7
46,CHAQUETAS,2
46,PANTALON COLOR,2
46,PANTALON COLOR,5
47,JOGGER,4
47,BLUSAS,4
47,CAMISETAS,1
47,JEANS,67
47,CAMIBUSOS,2
47,CHAQUETAS,1
47,CAMISETAS,9
47,CAMISAS,2
47,BLUSAS,24
47,JEANS,8
47,JOGGER,1
47,PANTALON COLOR,2
47,CAMIBUSOS,3
47,CAMISAS,5
47,JOGGER,14
47,PANTALON COLOR,13
47,JEANS,26
47,CAMISAS,3
47,PANTALON COLOR,21
47,JOGGER,6
47,POLOS,8
47,CORREAS,1
47,BLUSAS,10
47,CAMISETAS,1
47,CHAQUETAS,1
47,CAMIBUSOS,2
47,POLOS,3
47,CAMISETAS,1
47,JEANS,18
47,CHAQUETAS,1
47,CAMISAS,7
47,JEANS,18
47,POLOS,1
47,POLOS,4
47,CAMISAS,12
47,CAMISETAS,3
47,BUSOS,2
47,JOGGER,1
47,PANTALON COLOR,12
47,JOGGER,3
47,BUSOS,1
47,BLUSAS,4
47,TAPABOCAS,3
47,PANTALON COLOR,3
47,CAMISETAS,2
47,JEANS,12
47,JOGGER,1
47,PANTALON COLOR,7
47,CAMISAS,8
47,BLUSAS,12
47,CAMIBUSOS,1
47,JOGGER,2
47,PANTALON COLOR,7
47,CAMISETAS,2
47,JEANS,12
47,POLOS,6
47,BERMUDA,1
47,JOGGER,1
47,POLOS,8
47,PANTALON COLOR,12
47,CORREAS,1
47,JEANS,110
47,BLUSAS,3
47,CHAQUETAS,1
47,CAMISAS,2
47,CAMISETAS,20
47,JOGGER,4
47,TAPABOCAS,1
47,PANTALON COLOR,14
47,BUSOS,1
47,JOGGER,3
47,CAMISETAS,4
47,JEANS,31
47,CAMISAS,10
47,PANTALON COLOR,37
47,CAMIBUSOS,1
47,CAMISETAS,7
47,BLUSAS,3
47,JEANS,63
47,CAMISAS,28
47,POLOS,1
47,CAMISAS,8
47,JEANS,97
47,BUSOS,1
47,PANTALON COLOR,44
47,POLOS,4
47,BLUSAS,5
47,PANTALON COLOR,18
47,BLUSAS,1
47,BUSOS,2
47,CAMISAS,21
47,JOGGER,14
47,JEANS,16
47,BLUSAS,3
47,POLOS,3
47,BUSOS,2
47,CAMISETAS,10
47,JEANS,17
47,JOGGER,1
47,CAMISETAS,5
47,CAMISAS,7
47,CAMISETAS,4
47,CAMISAS,6
47,POLOS,1
47,PANTALON COLOR,2
47,POLOS,1
47,BLUSAS,6
47,CAMISAS,4
47,CAMISETAS,2
47,BERMUDA,1
47,VESTIDOS,1
47,CAMIBUSOS,4
47,JEANS,18
47,BLUSAS,1
47,PANTALON COLOR,5
48,JEANS,36
48,CAMIBUSOS,1
48,CAMISAS,4
48,POLOS,3
48,BLUSAS,4
48,CAMISAS,16
48,BLUSAS,6
48,PANTALON COLOR,15
48,JOGGER,4
48,BLUSAS,7
48,JEANS,4
48,BUSOS,2
48,PANTALON COLOR,8
48,JOGGER,1
48,POLOS,3
48,CAMISETAS,2
48,VESTIDOS,1
48,CAMISAS,16
48,PANTALON COLOR,11
48,PANTALON COLOR,15
48,CAMISAS,8
48,JEANS,53
48,CAMISETAS,20
48,BLUSAS,9
48,JOGGER,14
48,JEANS,21
48,CAMISETAS,7
48,POLOS,7
48,JOGGER,2
48,BERMUDA,3
48,CAMISETAS,5
48,CORREAS,1
48,PANTALON COLOR,36
48,CAMISETAS,4
48,CHAQUETAS,1
48,CHAQUETAS,1
48,CAMISAS,4
48,JEANS,39
48,JOGGER,9
48,CAMIBUSOS,2
48,JEANS,17
48,POLOS,2
48,BLUSAS,6
48,CAMISAS,15
48,BLUSAS,1
48,BLUSAS,1
48,CAMISAS,8
48,JOGGER,3
48,PANTALON COLOR,17
48,CAMISAS,8
48,JEANS,79
48,CHAQUETAS,1
48,CHAQUETAS,1
48,CAMISETAS,4
48,CAMISETAS,12
48,POLOS,7
48,JOGGER,5
48,JEANS,16
48,BLUSAS,1
48,JOGGER,7
48,PANTALON COLOR,11
48,BUSOS,2
48,PANTALON COLOR,3
48,JOGGER,2
48,POLOS,3
48,CAMISETAS,1
48,CAMISAS,17
48,JEANS,19
48,VESTIDOS,1
48,CAMISETAS,10
48,TAPABOCAS,2
48,CHAQUETAS,1
48,JOGGER,3
48,JEANS,94
48,BLUSAS,6
48,POLOS,11
48,CAMISAS,20
48,CAMISETAS,3
48,JEANS,35
48,CAMISAS,3
48,JOGGER,13
48,POLOS,3
48,POLOS,2
48,JEANS,25
48,BLUSAS,17
48,CORREAS,1
48,CAMIBUSOS,1
48,CAMISETAS,12
48,BLUSAS,4
48,CHAQUETAS,1
48,PANTALON COLOR,10
48,BLUSAS,2
48,PANTALON COLOR,3
48,JOGGER,6
48,CHAQUETAS,2
48,POLOS,1
48,JOGGER,1
48,PANTALON COLOR,16
48,PANTALON COLOR,18
48,POLOS,5
48,BERMUDA,1
48,CHAQUETAS,2
48,CAMIBUSOS,4
48,CHAQUETAS,1
48,CAMISETAS,20
48,CAMISAS,20
48,JEANS,33
48,JEANS,18
48,CAMISAS,7
48,POLOS,1
48,CAMISETAS,5
48,BLUSAS,5
48,BLUSAS,3
48,CAMISAS,4
48,POLOS,1
48,BUSOS,1
48,PANTALON COLOR,7
48,CAMIBUSOS,1
48,PANTALON COLOR,44
48,JOGGER,6
49,CAMISETAS,6
49,BLUSAS,3
49,VESTIDOS,2
49,POLOS,11
49,BUSOS,1
49,CAMISAS,1
49,JOGGER,7
49,TAPABOCAS,1
49,JOGGER,1
49,CAMISETAS,8
49,PANTALON COLOR,11
49,BLUSAS,1
49,CAMISAS,4
49,JEANS,87
49,BLUSAS,2
49,CAMISAS,1
49,BLUSAS,6
49,CAMISETAS,8
49,CAMISETAS,18
49,POLOS,3
49,CAMISAS,25
49,JEANS,15
49,JOGGER,4
49,CAMISETAS,3
49,BLUSAS,3
49,JOGGER,9
49,POLOS,5
49,JEANS,12
49,PANTALON COLOR,8
49,PANTALON COLOR,56
49,BLUSAS,5
49,JEANS,9
49,JOGGER,11
49,POLOS,1
49,JEANS,51
49,CAMISAS,4
49,CAMISAS,5
49,CAMISETAS,9
49,CAMIBUSOS,1
49,BUSOS,4
49,BLUSAS,3
49,PANTALON COLOR,5
49,JEANS,23
49,BUSOS,1
49,CAMISETAS,2
49,CAMIBUSOS,1
49,VESTIDOS,1
49,CAMISAS,8
49,JEANS,16
49,JOGGER,4
49,CAMISETAS,3
49,PANTALON COLOR,7
49,POLOS,4
49,CAMISETAS,2
49,CAMISAS,7
49,PANTALON COLOR,9
49,BLUSAS,5
49,PANTALON COLOR,10
49,CAMIBUSOS,1
49,JEANS,4
49,PANTALON COLOR,5
49,BLUSAS,6
49,CAMIBUSOS,6
49,TAPABOCAS,2
49,BUSOS,1
49,CAMISAS,10
49,JEANS,34
49,CHAQUETAS,2
49,CAMISETAS,3
49,BLUSAS,6
49,JEANS,15
49,PANTALON COLOR,2
49,BLUSAS,3
49,JOGGER,1
49,JOGGER,14
49,CAMISAS,4
49,CAMISETAS,12
49,PANTALON COLOR,6
49,PANTALON COLOR,8
49,VESTIDOS,1
49,JEANS,12
49,POLOS,2
49,CAMISETAS,9
49,CAMISETAS,1
49,POLOS,2
49,CAMISAS,5
49,POLOS,7
49,PANTALON COLOR,4
49,PANTALON COLOR,2
49,BLUSAS,6
49,JOGGER,1
49,JEANS,26
49,CAMISAS,5
49,PANTALON COLOR,17
49,CAMISETAS,3
49,BLUSAS,16
49,JEANS,28
49,JOGGER,10
49,JEANS,30
49,JEANS,3
49,POLOS,1
49,CAMIBUSOS,1
50,VESTIDOS,1
50,PANTALON COLOR,1
50,CAMISAS,5
50,BLUSAS,1
50,PANTALON COLOR,4
50,CHAQUETAS,1
50,BLUSAS,2
50,CAMIBUSOS,2
50,POLOS,10
50,CAMISETAS,6
50,CAMISAS,9
50,CHAQUETAS,1
50,CAMISETAS,3
50,BUSOS,1
50,PANTALON COLOR,3
50,JEANS,9
50,JOGGER,1
50,BLUSAS,3
50,POLOS,1
50,POLOS,1
50,JEANS,47
50,PANTALON COLOR,3
50,JOGGER,2
50,CAMISETAS,1
50,CAMIBUSOS,3
50,CAMISAS,1
50,BUSOS,1
50,PANTALON COLOR,16
50,BLUSAS,4
50,BERMUDA,1
50,TAPABOCAS,2
50,CAMISAS,5
50,CAMISETAS,1
50,POLOS,1
50,JOGGER,7
50,PANTALON COLOR,39
50,BLUSAS,3
50,JEANS,13
50,CAMISETAS,5
50,JOGGER,7
50,CAMISAS,2
50,JEANS,12
50,CAMISETAS,8
50,TAPABOCAS,2
50,CAMISETAS,4
50,JOGGER,3
50,JEANS,7
50,JOGGER,1
50,BLUSAS,4
50,JEANS,19
50,JEANS,137
50,CAMISAS,5
50,CAMIBUSOS,1
50,BLUSAS,3
50,JEANS,19
50,BERMUDA,1
50,JOGGER,2
50,VESTIDOS,1
50,PANTALON COLOR,7
50,POLOS,4
50,BLUSAS,4
50,PANTALON COLOR,2
50,POLOS,6
50,CORREAS,1
50,CAMISAS,4
50,PANTALON COLOR,16
50,JEANS,20
50,CAMISAS,35
50,CAMISETAS,21
50,JOGGER,2
50,BUSOS,1
50,POLOS,12
50,BLUSAS,9
50,PANTALON COLOR,1
50,JEANS,22
50,PANTALON COLOR,17
50,CAMISETAS,9
50,JOGGER,7
50,BUSOS,3
50,CAMISAS,3
50,CAMISAS,2
50,CAMIBUSOS,2
50,CAMISAS,19
50,CHAQUETAS,1
50,BERMUDA,1
50,VESTIDOS,1
50,BLUSAS,2
50,CAMISAS,5
50,BLUSAS,8
50,JEANS,12
50,JOGGER,1
50,JEANS,17
50,PANTALON COLOR,4
50,JOGGER,2
50,JOGGER,3
50,PANTALON COLOR,2
50,CAMISETAS,11
50,JEANS,23
50,POLOS,5
50,CAMISETAS,8
50,PANTALON COLOR,10
50,CORREAS,1
50,BLUSAS,19
50,CAMISETAS,2
50,POLOS,2
50,CAMISAS,4
50,POLOS,2
50,BERMUDA,2
50,JEANS,7
50,JOGGER,5
50,BLUSAS,1
50,PANTALON COLOR,9
50,BUSOS,3
50,JEANS,14
50,PANTALON COLOR,8
50,CAMIBUSOS,1
50,PANTALON COLOR,3
50,CAMISAS,17
50,JOGGER,13
50,TAPABOCAS,3
50,PANTALON COLOR,4
50,JEANS,43
50,BLUSAS,2
50,CAMIBUSOS,1
50,BLUSAS,1
50,JEANS,19
50,JOGGER,2
50,PANTALON COLOR,5
50,CAMISAS,5
50,JOGGER,3
50,BLUSAS,1
50,CAMISAS,2
50,CAMIBUSOS,1
50,CHAQUETAS,2
50,CAMISETAS,4
50,CAMISAS,1
50,JEANS,11
50,CAMISETAS,7
50,BUSOS,1
50,CHAQUETAS,1
50,JOGGER,1
50,VESTIDOS,1
50,JOGGER,6
50,POLOS,4
50,JEANS,15
50,CAMISAS,1
50,JEANS,9
50,BLUSAS,1
50,CAMISAS,4
50,PANTALON COLOR,16
50,CAMISETAS,2
50,CHAQUETAS,1
50,CAMISETAS,3
50,CAMIBUSOS,7
50,BLUSAS,4
51,CAMISAS,24
51,CORREAS,1
51,JEANS,54
51,CAMISETAS,24
51,BLUSAS,18
51,PANTALON COLOR,51
51,POLOS,4
51,CAMIBUSOS,2
51,JOGGER,14
51,BLUSAS,11
51,CORREAS,1
51,BERMUDA,2
51,PANTALON COLOR,30
51,CAMISETAS,24
51,CAMISAS,26
51,VESTIDOS,1
51,POLOS,4
51,CAMISETAS,5
51,BLUSAS,18
51,BUSOS,1
51,CAMISAS,28
51,TAPABOCAS,11
51,POLOS,22
51,BERMUDA,1
51,PANTALON COLOR,22
51,JOGGER,7
51,TAPABOCAS,3
51,CAMIBUSOS,6
51,CAMIBUSOS,1
51,JEANS,61
51,BUSOS,1
51,JEANS,81
51,VESTIDOS,1
51,CAMIBUSOS,5
51,VESTIDOS,1
51,BUSOS,4
51,POLOS,9
51,CHAQUETAS,1
51,JEANS,77
51,CAMISAS,24
51,CAMISETAS,18
51,POLOS,21
51,BUSOS,2
51,JOGGER,12
51,BLUSAS,15
51,PANTALON COLOR,38
51,POLOS,6
51,CAMIBUSOS,4
51,CHAQUETAS,1
51,CAMISAS,6
51,BLUSAS,18
51,CAMISETAS,22
51,PANTALON COLOR,31
51,CAMISAS,17
51,CAMISETAS,21
51,PANTALON COLOR,30
51,BUSOS,1
51,JOGGER,15
51,TAPABOCAS,2
51,POLOS,2
51,CAMISETAS,42
51,CHAQUETAS,2
51,BERMUDA,1
51,BLUSAS,8
51,JEANS,112
51,POLOS,12
51,BUSOS,6
51,JOGGER,4
51,JEANS,92
51,BLUSAS,25
51,BUSOS,3
51,CAMISAS,20
51,JOGGER,12
51,CAMIBUSOS,6
51,BERMUDA,1
51,CAMISETAS,13
51,CHAQUETAS,1
51,CAMIBUSOS,1
51,CAMIBUSOS,3
51,CAMISAS,16
51,JEANS,70
51,BLUSAS,9
51,PANTALON COLOR,32
51,CAMISAS,10
51,JEANS,49
51,JOGGER,16
51,BUSOS,1
51,CAMISETAS,16
51,POLOS,7
51,JOGGER,5
51,PANTALON COLOR,54
51,CAMISETAS,15
51,BERMUDA,2
51,BUSOS,1
51,CAMISETAS,22
51,JOGGER,9
51,BERMUDA,2
51,POLOS,2
51,PANTALON COLOR,31
51,JOGGER,7
51,BUSOS,3
51,JEANS,64
51,CAMIBUSOS,1
51,PANTALON COLOR,20
51,BLUSAS,4
51,CAMISAS,42
51,CAMISAS,10
51,CAMIBUSOS,3
51,BLUSAS,9
51,VESTIDOS,1
51,BLUSAS,14
51,JEANS,154
51,BLUSAS,4
51,CAMIBUSOS,2
51,JEANS,60
51,CAMISAS,11
51,CAMIBUSOS,5
51,CHAQUETAS,1
51,POLOS,1
51,CAMISETAS,4
51,BLUSAS,14
51,CHAQUETAS,1
51,CAMISAS,16
51,BLUSAS,13
51,PANTALON COLOR,33
51,JEANS,153
51,VESTIDOS,1
51,BUSOS,3
51,JOGGER,9
51,CAMIBUSOS,1
51,CHAQUETAS,1
51,CAMISAS,35
51,JEANS,70
51,POLOS,6
51,JEANS,141
51,JOGGER,11
51,BERMUDA,1
51,CAMISETAS,23
51,PANTALON COLOR,28
51,JOGGER,7
51,PANTALON COLOR,50
51,BUSOS,2
51,POLOS,25
51,PANTALON COLOR,26
51,POLOS,4
51,JOGGER,20
51,CORREAS,1
51,CAMISETAS,18
52,JEANS,19
52,PANTALON COLOR,67
52,CAMISETAS,60
52,TAPABOCAS,2
52,BERMUDA,1
52,CHAQUETAS,2
52,CHAQUETAS,1
52,PANTALON COLOR,28
52,CAMIBUSOS,1
52,BUSOS,2
52,JOGGER,3
52,CAMISETAS,39
52,CAMISAS,50
52,BLUSAS,14
52,POLOS,21
52,BLUSAS,18
52,POLOS,11
52,CAMISAS,25
52,JEANS,90
52,BUSOS,3
52,CAMISAS,31
52,BUSOS,3
52,PANTALON COLOR,40
52,BERMUDA,1
52,TAPABOCAS,1
52,PANTALON COLOR,42
52,CAMISETAS,10
52,JOGGER,13
52,JOGGER,10
52,BUSOS,7
52,CAMISAS,34
52,JEANS,141
52,POLOS,27
52,CORREAS,2
52,TAPABOCAS,5
52,POLOS,20
52,JEANS,151
52,CORREAS,1
52,BLUSAS,15
52,CHAQUETAS,2
52,POLOS,7
52,CAMISETAS,50
52,CAMIBUSOS,6
52,BUSOS,5
52,POLOS,19
52,CAMISAS,20
52,PANTALON COLOR,36
52,CAMIBUSOS,5
52,PANTALON COLOR,29
52,BERMUDA,2
52,JOGGER,12
52,BUSOS,3
52,JEANS,155
52,BLUSAS,24
52,BERMUDA,1
52,CAMISETAS,21
52,POLOS,18
52,BERMUDA,1
52,PANTALON COLOR,41
52,JOGGER,16
52,CAMISETAS,25
52,CAMIBUSOS,4
52,POLOS,12
52,CAMISAS,15
52,JEANS,91
52,BLUSAS,15
52,CHAQUETAS,4
52,BUSOS,2
52,CORREAS,2
52,PANTALON COLOR,10
52,CORREAS,1
52,JOGGER,9
52,JEANS,67
52,JEANS,120
52,BLUSAS,8
52,CHAQUETAS,2
52,BLUSAS,10
52,TAPABOCAS,1
52,PANTALON COLOR,53
52,CAMISETAS,11
52,VESTIDOS,1
52,CAMISAS,28
52,CAMIBUSOS,5
52,JEANS,162
52,CAMISAS,6
52,CAMISETAS,14
52,CAMIBUSOS,3
52,JOGGER,30
52,BERMUDA,1
52,JEANS,149
52,PANTALON COLOR,66
52,JOGGER,13
52,JOGGER,7
52,CAMISETAS,40
52,POLOS,18
52,CORREAS,3
52,VESTIDOS,3
52,POLOS,46
52,CAMISETAS,85
52,CAMISAS,30
52,BERMUDA,1
52,JOGGER,20
52,PANTALON COLOR,47
52,CORREAS,1
52,BLUSAS,9
52,BUSOS,2
52,CAMIBUSOS,5
52,JEANS,69
52,CAMISAS,26
52,BLUSAS,17
52,BUSOS,5
52,CAMIBUSOS,8
52,CORREAS,1
52,JOGGER,9
52,CAMIBUSOS,1
52,PANTALON COLOR,45
52,POLOS,28
52,BUSOS,3
52,CAMIBUSOS,7
52,BLUSAS,19
52,POLOS,17
52,CAMISAS,26
52,JEANS,118
52,BLUSAS,18
52,CAMISETAS,34
52,TAPABOCAS,1
52,BERMUDA,2
52,TAPABOCAS,1
52,CHAQUETAS,2
52,CORREAS,1
52,PANTALON COLOR,56
52,CAMISETAS,30
52,JOGGER,4
52,CORREAS,1
52,JOGGER,16
52,CAMISAS,19
52,BUSOS,6
52,JEANS,119
52,POLOS,15
52,CAMISAS,35
52,BLUSAS,3
52,CAMIBUSOS,4
52,BERMUDA,1
52,CAMISETAS,48
52,VESTIDOS,1
52,BLUSAS,8
53,CORREAS,2
53,BLUSAS,3
53,PANTALON COLOR,24
53,JOGGER,2
53,JEANS,64
53,BUSOS,1
53,POLOS,11
53,CAMISETAS,5
53,CAMIBUSOS,1
53,CAMISAS,15
53,CAMISETAS,21
53,VESTIDOS,1
53,BERMUDA,1
53,JEANS,50
53,PANTALON COLOR,13
53,CAMISAS,6
53,PANTALON COLOR,29
53,JOGGER,6
53,BLUSAS,13
53,CAMIBUSOS,3
53,JEANS,46
53,JOGGER,4
53,PANTALON COLOR,23
53,POLOS,5
53,BLUSAS,8
53,POLOS,7
53,CAMISETAS,10
53,CHAQUETAS,1
53,CAMISAS,6
53,POLOS,2
53,JEANS,61
53,CAMISAS,11
53,POLOS,12
53,CAMISETAS,12
53,POLOS,7
53,ACCESORIOS,1
53,CORREAS,1
53,BLUSAS,10
53,PANTALON COLOR,29
53,JOGGER,2
53,VESTIDOS,1
53,CAMIBUSOS,2
53,JEANS,40
53,CAMISAS,5
53,TAPABOCAS,1
53,PANTALON COLOR,24
53,CAMISETAS,13
53,CAMIBUSOS,2
53,TAPABOCAS,2
53,BERMUDA,1
53,BLUSAS,4
53,JOGGER,8
53,BUSOS,1
53,POLOS,7
53,BUSOS,1
53,PANTALON COLOR,31
53,JEANS,44
53,JOGGER,2
53,CORREAS,1
53,BLUSAS,13
53,BERMUDA,1
53,PANTALON COLOR,27
53,BLUSAS,8
53,POLOS,9
53,CHAQUETAS,1
53,POLOS,11
53,JEANS,56
53,CAMISAS,10
53,CHAQUETAS,2
53,CAMIBUSOS,3
53,CAMISETAS,9
53,JEANS,39
53,JOGGER,4
53,BUSOS,1
53,CAMISETAS,16
53,TAPABOCAS,1
53,CORREAS,1
53,CAMISETAS,9
53,JOGGER,6
53,CAMISAS,18
53,VESTIDOS,1
53,JEANS,50
53,POLOS,5
53,PANTALON COLOR,18
53,BUSOS,5
53,BLUSAS,4
53,CAMISAS,9
53,TAPABOCAS,3
53,BUSOS,2
53,CHAQUETAS,1
53,CAMIBUSOS,1
53,JEANS,58
53,BLUSAS,3
53,JOGGER,3
53,BLUSAS,11
53,CHAQUETAS,1
53,CAMIBUSOS,2
53,BLUSAS,4
53,CAMISAS,15
53,CAMISETAS,20
53,POLOS,15
53,CAMISETAS,8
53,CAMISAS,13
53,JEANS,58
53,PANTALON COLOR,17
53,VESTIDOS,2
53,PANTALON COLOR,15
53,JOGGER,3
53,CAMISAS,10
53,CAMISETAS,8
53,BUSOS,1
53,BUSOS,2
53,JOGGER,8
