SEMANA,ANO,PRENDA,UNIDADES,SEMANACORRIDA
1,2020,BLUSAS,38,1
1,2020,BUSOS,3,1
1,2020,CAMISAS,57,1
1,2020,CAMISETAS,57,1
1,2020,POLOS,30,1
1,2020,PANTALON COLOR,105,1
1,2020,JEANS,238,1
1,2020,CAMIBUSOS,4,1
2,2020,BLUSAS,68,2
2,2020,CAMIBUSOS,7,2
2,2020,BUSOS,8,2
2,2020,POLOS,54,2
2,2020,PANTALON COLOR,245,2
2,2020,CAMISETAS,74,2
2,2020,JEANS,386,2
2,2020,CAMISAS,102,2
3,2020,POLOS,40,3
3,2020,BUSOS,8,3
3,2020,PANTALON COLOR,178,3
3,2020,CAMISETAS,52,3
3,2020,CAMIBUSOS,13,3
3,2020,JEANS,327,3
3,2020,BLUSAS,73,3
3,2020,CAMISAS,80,3
4,2020,BUSOS,2,4
4,2020,CAMISETAS,37,4
4,2020,PANTALON COLOR,169,4
4,2020,CAMISAS,94,4
4,2020,BLUSAS,84,4
4,2020,CAMIBUSOS,13,4
4,2020,JEANS,282,4
4,2020,POLOS,31,4
5,2020,POLOS,34,5
5,2020,BUSOS,4,5
5,2020,CAMISAS,104,5
5,2020,BLUSAS,119,5
5,2020,CAMIBUSOS,11,5
5,2020,CAMISETAS,72,5
5,2020,JEANS,352,5
5,2020,PANTALON COLOR,175,5
6,2020,CAMISAS,106,6
6,2020,PANTALON COLOR,183,6
6,2020,BUSOS,3,6
6,2020,JEANS,300,6
6,2020,CAMIBUSOS,12,6
6,2020,POLOS,30,6
6,2020,CAMISETAS,58,6
6,2020,BLUSAS,115,6
7,2020,CAMISAS,115,7
7,2020,JEANS,294,7
7,2020,CAMISETAS,85,7
7,2020,BUSOS,1,7
7,2020,CHAQUETAS,1,7
7,2020,PANTALON COLOR,190,7
7,2020,POLOS,29,7
7,2020,BLUSAS,81,7
7,2020,CAMIBUSOS,10,7
8,2020,POLOS,40,8
8,2020,JEANS,273,8
8,2020,CAMIBUSOS,13,8
8,2020,BUSOS,1,8
8,2020,CHAQUETAS,3,8
8,2020,CAMISAS,106,8
8,2020,CAMISETAS,46,8
8,2020,BLUSAS,56,8
8,2020,PANTALON COLOR,166,8
8,2020,JOGGER,3,8
9,2020,BLUSAS,95,9
9,2020,CAMISETAS,44,9
9,2020,JEANS,261,9
9,2020,PANTALON COLOR,163,9
9,2020,POLOS,32,9
9,2020,BUSOS,1,9
9,2020,CAMISAS,92,9
9,2020,CHAQUETAS,4,9
9,2020,JOGGER,15,9
9,2020,CAMIBUSOS,15,9
10,2020,CHAQUETAS,4,10
10,2020,BLUSAS,58,10
10,2020,JOGGER,9,10
10,2020,JEANS,298,10
10,2020,PANTALON COLOR,156,10
10,2020,CAMIBUSOS,10,10
10,2020,POLOS,23,10
10,2020,CAMISETAS,49,10
10,2020,CAMISAS,96,10
11,2020,CAMISETAS,33,11
11,2020,PANTALON COLOR,152,11
11,2020,POLOS,23,11
11,2020,JOGGER,7,11
11,2020,BLUSAS,46,11
11,2020,CHAQUETAS,6,11
11,2020,CAMIBUSOS,6,11
11,2020,JEANS,235,11
11,2020,BUSOS,4,11
11,2020,CAMISAS,97,11
12,2020,PANTALON COLOR,44,12
12,2020,JOGGER,5,12
12,2020,BUSOS,2,12
12,2020,CAMISAS,27,12
12,2020,BLUSAS,26,12
12,2020,POLOS,16,12
12,2020,CAMISETAS,13,12
12,2020,CAMIBUSOS,1,12
12,2020,JEANS,79,12
12,2020,CHAQUETAS,3,12
23,2020,CAMIBUSOS,4,23
23,2020,BLUSAS,17,23
23,2020,POLOS,14,23
23,2020,CAMISETAS,25,23
23,2020,PANTALON COLOR,59,23
23,2020,CAMISAS,37,23
23,2020,VESTIDOS,4,23
23,2020,CHAQUETAS,7,23
23,2020,JEANS,148,23
23,2020,JOGGER,14,23
24,2020,JEANS,261,24
24,2020,JOGGER,9,24
24,2020,POLOS,44,24
24,2020,CAMIBUSOS,10,24
24,2020,VESTIDOS,3,24
24,2020,CAMISETAS,26,24
24,2020,BUSOS,3,24
24,2020,PANTALON COLOR,80,24
24,2020,CAMISAS,73,24
24,2020,BLUSAS,23,24
24,2020,CHAQUETAS,14,24
25,2020,POLOS,111,25
25,2020,CAMISETAS,51,25
25,2020,JEANS,454,25
25,2020,PANTALON COLOR,188,25
25,2020,TAPABOCAS,10,25
25,2020,CHAQUETAS,12,25
25,2020,CAMIBUSOS,18,25
25,2020,JOGGER,30,25
25,2020,BLUSAS,39,25
25,2020,VESTIDOS,3,25
25,2020,CAMISAS,159,25
25,2020,BUSOS,4,25
26,2020,TAPABOCAS,8,26
26,2020,PANTALON COLOR,102,26
26,2020,CAMISETAS,44,26
26,2020,POLOS,60,26
26,2020,BLUSAS,17,26
26,2020,CHAQUETAS,6,26
26,2020,CAMISAS,99,26
26,2020,JOGGER,14,26
26,2020,BUSOS,6,26
26,2020,VESTIDOS,3,26
26,2020,JEANS,247,26
26,2020,CAMIBUSOS,12,26
27,2020,BLUSAS,22,27
27,2020,CHAQUETAS,14,27
27,2020,PANTALON COLOR,92,27
27,2020,BUSOS,5,27
27,2020,CAMISAS,57,27
27,2020,JEANS,281,27
27,2020,CAMISETAS,61,27
27,2020,CAMIBUSOS,5,27
27,2020,VESTIDOS,2,27
27,2020,JOGGER,15,27
27,2020,POLOS,52,27
27,2020,TAPABOCAS,18,27
28,2020,BLUSAS,20,28
28,2020,CHAQUETAS,6,28
28,2020,JEANS,178,28
28,2020,JOGGER,14,28
28,2020,BUSOS,2,28
28,2020,PANTALON COLOR,83,28
28,2020,TAPABOCAS,15,28
28,2020,POLOS,17,28
28,2020,VESTIDOS,1,28
28,2020,CAMIBUSOS,9,28
28,2020,CAMISETAS,39,28
28,2020,CAMISAS,45,28
29,2020,JEANS,105,29
29,2020,BUSOS,5,29
29,2020,PANTALON COLOR,21,29
29,2020,VESTIDOS,2,29
29,2020,BLUSAS,15,29
29,2020,CAMIBUSOS,5,29
29,2020,TAPABOCAS,5,29
29,2020,CAMISAS,21,29
29,2020,CAMISETAS,20,29
29,2020,POLOS,13,29
29,2020,CHAQUETAS,6,29
29,2020,JOGGER,7,29
30,2020,BLUSAS,12,30
30,2020,JEANS,64,30
30,2020,CAMISAS,12,30
30,2020,CHAQUETAS,1,30
30,2020,CAMISETAS,8,30
30,2020,CAMIBUSOS,3,30
30,2020,PANTALON COLOR,13,30
30,2020,POLOS,18,30
30,2020,TAPABOCAS,2,30
30,2020,BUSOS,1,30
30,2020,JOGGER,5,30
31,2020,CAMIBUSOS,3,31
31,2020,BLUSAS,5,31
31,2020,JEANS,126,31
31,2020,CAMISAS,36,31
31,2020,POLOS,14,31
31,2020,PANTALON COLOR,34,31
31,2020,BUSOS,3,31
31,2020,TAPABOCAS,5,31
31,2020,JOGGER,19,31
31,2020,CHAQUETAS,7,31
31,2020,CAMISETAS,23,31
32,2020,CAMISAS,18,32
32,2020,CHAQUETAS,1,32
32,2020,TAPABOCAS,8,32
32,2020,POLOS,13,32
32,2020,JOGGER,8,32
32,2020,CAMIBUSOS,6,32
32,2020,VESTIDOS,1,32
32,2020,BLUSAS,18,32
32,2020,PANTALON COLOR,41,32
32,2020,BUSOS,1,32
32,2020,CAMISETAS,12,32
32,2020,JEANS,110,32
33,2020,TAPABOCAS,4,33
33,2020,JOGGER,15,33
33,2020,CHAQUETAS,3,33
33,2020,CAMIBUSOS,2,33
33,2020,JEANS,109,33
33,2020,BLUSAS,22,33
33,2020,CAMISAS,24,33
33,2020,BUSOS,2,33
33,2020,POLOS,7,33
33,2020,CAMISETAS,11,33
33,2020,PANTALON COLOR,51,33
33,2020,VESTIDOS,2,33
34,2020,TAPABOCAS,6,34
34,2020,BUSOS,1,34
34,2020,JOGGER,19,34
34,2020,CHAQUETAS,1,34
34,2020,CAMIBUSOS,4,34
34,2020,JEANS,161,34
34,2020,POLOS,22,34
34,2020,CAMISETAS,26,34
34,2020,PANTALON COLOR,54,34
34,2020,CAMISAS,30,34
34,2020,BLUSAS,30,34
35,2020,BUSOS,2,35
35,2020,PANTALON COLOR,63,35
35,2020,POLOS,11,35
35,2020,CAMISETAS,24,35
35,2020,BLUSAS,25,35
35,2020,TAPABOCAS,6,35
35,2020,CAMIBUSOS,5,35
35,2020,JEANS,169,35
35,2020,JOGGER,25,35
35,2020,CHAQUETAS,6,35
35,2020,CAMISAS,37,35
36,2020,BLUSAS,56,36
36,2020,POLOS,36,36
36,2020,PANTALON COLOR,157,36
36,2020,JOGGER,34,36
36,2020,CAMISAS,105,36
36,2020,CHAQUETAS,4,36
36,2020,CAMIBUSOS,22,36
36,2020,CAMISETAS,39,36
36,2020,BUSOS,5,36
36,2020,JEANS,355,36
36,2020,CORREAS,2,36
36,2020,VESTIDOS,2,36
36,2020,TAPABOCAS,8,36
37,2020,CHAQUETAS,11,37
37,2020,POLOS,32,37
37,2020,CAMISAS,72,37
37,2020,PANTALON COLOR,189,37
37,2020,BERMUDA,2,37
37,2020,BLUSAS,45,37
37,2020,TAPABOCAS,9,37
37,2020,CORREAS,3,37
37,2020,CAMISETAS,45,37
37,2020,BUSOS,6,37
37,2020,JEANS,434,37
37,2020,JOGGER,37,37
37,2020,CAMIBUSOS,13,37
38,2020,JOGGER,67,38
38,2020,PANTALON COLOR,186,38
38,2020,CORREAS,1,38
38,2020,CAMISETAS,65,38
38,2020,POLOS,57,38
38,2020,CAMISAS,90,38
38,2020,BERMUDA,9,38
38,2020,CHAQUETAS,13,38
38,2020,BLUSAS,47,38
38,2020,TAPABOCAS,4,38
38,2020,VESTIDOS,13,38
38,2020,CAMIBUSOS,20,38
38,2020,JEANS,464,38
38,2020,BUSOS,11,38
39,2020,JEANS,410,39
39,2020,CORREAS,4,39
39,2020,CHAQUETAS,18,39
39,2020,JOGGER,47,39
39,2020,TAPABOCAS,4,39
39,2020,VESTIDOS,19,39
39,2020,CAMISETAS,45,39
39,2020,PANTALON COLOR,196,39
39,2020,CAMIBUSOS,16,39
39,2020,BLUSAS,47,39
39,2020,BERMUDA,6,39
39,2020,BUSOS,5,39
39,2020,POLOS,32,39
39,2020,CAMISAS,113,39
40,2020,PANTALON COLOR,195,40
40,2020,JOGGER,40,40
40,2020,JEANS,397,40
40,2020,CAMISETAS,60,40
40,2020,BUSOS,2,40
40,2020,VESTIDOS,4,40
40,2020,CAMISAS,70,40
40,2020,CAMIBUSOS,15,40
40,2020,TAPABOCAS,12,40
40,2020,CORREAS,2,40
40,2020,POLOS,47,40
40,2020,BLUSAS,43,40
40,2020,BERMUDA,6,40
40,2020,CHAQUETAS,20,40
41,2020,POLOS,39,41
41,2020,CAMISETAS,48,41
41,2020,BERMUDA,5,41
41,2020,BLUSAS,49,41
41,2020,CAMISAS,87,41
41,2020,BUSOS,7,41
41,2020,PANTALON COLOR,216,41
41,2020,JOGGER,34,41
41,2020,CAMIBUSOS,16,41
41,2020,JEANS,411,41
41,2020,CORREAS,1,41
41,2020,CHAQUETAS,14,41
41,2020,VESTIDOS,1,41
41,2020,TAPABOCAS,14,41
42,2020,BERMUDA,9,42
42,2020,CAMISAS,91,42
42,2020,TAPABOCAS,7,42
42,2020,CAMIBUSOS,25,42
42,2020,VESTIDOS,4,42
42,2020,CHAQUETAS,8,42
42,2020,BLUSAS,72,42
42,2020,CAMISETAS,65,42
42,2020,JEANS,437,42
42,2020,POLOS,40,42
42,2020,BUSOS,4,42
42,2020,JOGGER,42,42
42,2020,PANTALON COLOR,192,42
42,2020,CORREAS,3,42
43,2020,JEANS,502,43
43,2020,BLUSAS,41,43
43,2020,CHAQUETAS,5,43
43,2020,CAMIBUSOS,18,43
43,2020,VESTIDOS,5,43
43,2020,TAPABOCAS,2,43
43,2020,CORREAS,4,43
43,2020,BERMUDA,3,43
43,2020,JOGGER,33,43
43,2020,CAMISAS,90,43
43,2020,BUSOS,1,43
43,2020,CAMISETAS,49,43
43,2020,PANTALON COLOR,188,43
43,2020,POLOS,84,43
44,2020,CORREAS,1,44
44,2020,JEANS,374,44
44,2020,CAMISETAS,52,44
44,2020,CAMIBUSOS,11,44
44,2020,VESTIDOS,7,44
44,2020,BLUSAS,43,44
44,2020,BERMUDA,3,44
44,2020,PANTALON COLOR,164,44
44,2020,POLOS,29,44
44,2020,JOGGER,33,44
44,2020,BUSOS,1,44
44,2020,CHAQUETAS,8,44
44,2020,CAMISAS,78,44
45,2020,CAMISAS,88,45
45,2020,BERMUDA,12,45
45,2020,POLOS,41,45
45,2020,BLUSAS,49,45
45,2020,CORREAS,6,45
45,2020,PANTALON COLOR,185,45
45,2020,JEANS,422,45
45,2020,CAMISETAS,45,45
45,2020,VESTIDOS,1,45
45,2020,BUSOS,2,45
45,2020,CAMIBUSOS,14,45
45,2020,JOGGER,46,45
45,2020,CHAQUETAS,11,45
46,2020,BLUSAS,61,46
46,2020,JOGGER,35,46
46,2020,VESTIDOS,5,46
46,2020,TAPABOCAS,1,46
46,2020,CORREAS,1,46
46,2020,CHAQUETAS,8,46
46,2020,CAMISAS,103,46
46,2020,BERMUDA,3,46
46,2020,JEANS,482,46
46,2020,PANTALON COLOR,187,46
46,2020,CAMISETAS,58,46
46,2020,BUSOS,4,46
46,2020,POLOS,36,46
46,2020,CAMIBUSOS,20,46
47,2020,JOGGER,95,47
47,2020,VESTIDOS,2,47
47,2020,TAPABOCAS,2,47
47,2020,CORREAS,3,47
47,2020,CHAQUETAS,8,47
47,2020,PANTALON COLOR,221,47
47,2020,BERMUDA,12,47
47,2020,BLUSAS,57,47
47,2020,CAMIBUSOS,10,47
47,2020,CAMISETAS,76,47
47,2020,BUSOS,8,47
47,2020,JEANS,658,47
47,2020,POLOS,63,47
47,2020,CAMISAS,125,47
48,2020,CAMIBUSOS,13,48
48,2020,TAPABOCAS,11,48
48,2020,VESTIDOS,3,48
48,2020,CHAQUETAS,9,48
48,2020,BLUSAS,88,48
48,2020,BERMUDA,8,48
48,2020,BUSOS,6,48
48,2020,CAMISETAS,99,48
48,2020,JOGGER,70,48
48,2020,PANTALON COLOR,291,48
48,2020,POLOS,71,48
48,2020,CORREAS,2,48
48,2020,CAMISAS,164,48
48,2020,JEANS,826,48
49,2020,CAMIBUSOS,39,49
49,2020,PANTALON COLOR,358,49
49,2020,VESTIDOS,7,49
49,2020,JEANS,1046,49
49,2020,TAPABOCAS,17,49
49,2020,CHAQUETAS,9,49
49,2020,CORREAS,1,49
49,2020,JOGGER,94,49
49,2020,BLUSAS,90,49
49,2020,BERMUDA,18,49
49,2020,BUSOS,8,49
49,2020,POLOS,94,49
49,2020,CAMISETAS,113,49
49,2020,CAMISAS,239,49
50,2020,PANTALON COLOR,514,50
50,2020,BUSOS,11,50
50,2020,JEANS,1297,50
50,2020,CORREAS,3,50
50,2020,TAPABOCAS,16,50
50,2020,CAMISETAS,125,50
50,2020,CAMISAS,300,50
50,2020,POLOS,142,50
50,2020,BLUSAS,138,50
50,2020,VESTIDOS,4,50
50,2020,CAMIBUSOS,24,50
50,2020,JOGGER,120,50
50,2020,CHAQUETAS,21,50
50,2020,BERMUDA,7,50
51,2020,PANTALON COLOR,669,51
51,2020,POLOS,204,51
51,2020,BLUSAS,163,51
51,2020,BUSOS,18,51
51,2020,JOGGER,155,51
51,2020,CAMISETAS,248,51
51,2020,CAMISAS,382,51
51,2020,CORREAS,1,51
51,2020,TAPABOCAS,19,51
51,2020,CHAQUETAS,19,51
51,2020,JEANS,1523,51
51,2020,VESTIDOS,10,51
51,2020,CAMIBUSOS,43,51
52,2020,CAMIBUSOS,37,52
52,2020,JOGGER,177,52
52,2020,CHAQUETAS,12,52
52,2020,BLUSAS,210,52
52,2020,VESTIDOS,8,52
52,2020,TAPABOCAS,18,52
52,2020,JEANS,1621,52
52,2020,CORREAS,11,52
52,2020,CAMISAS,418,52
52,2020,BUSOS,23,52
52,2020,CAMISETAS,285,52
52,2020,POLOS,243,52
52,2020,PANTALON COLOR,649,52
53,2020,JOGGER,73,53
53,2020,JEANS,694,53
53,2020,CORREAS,2,53
53,2020,TAPABOCAS,8,53
53,2020,CHAQUETAS,2,53
53,2020,VESTIDOS,4,53
53,2020,CAMIBUSOS,23,53
53,2020,POLOS,82,53
53,2020,PANTALON COLOR,290,53
53,2020,CAMISETAS,88,53
53,2020,BUSOS,14,53
53,2020,BLUSAS,106,53
53,2020,CAMISAS,173,53
2,2021,BUSOS,10,55
2,2021,VESTIDOS,1,55
2,2021,PANTALON COLOR,146,55
2,2021,TAPABOCAS,16,55
2,2021,JEANS,322,55
2,2021,CAMISETAS,40,55
2,2021,POLOS,37,55
2,2021,CAMISAS,55,55
2,2021,BLUSAS,40,55
2,2021,JOGGER,29,55
2,2021,CAMIBUSOS,10,55
3,2021,CAMISAS,34,56
3,2021,POLOS,15,56
3,2021,CAMISETAS,27,56
3,2021,BLUSAS,23,56
3,2021,BUSOS,1,56
3,2021,PANTALON COLOR,87,56
3,2021,CORREAS,2,56
3,2021,TAPABOCAS,5,56
3,2021,CAMIBUSOS,5,56
3,2021,JOGGER,12,56
3,2021,JEANS,231,56
3,2021,CHAQUETAS,1,56
4,2021,BLUSAS,39,57
4,2021,CAMISAS,84,57
4,2021,JOGGER,28,57
4,2021,CHAQUETAS,10,57
4,2021,VESTIDOS,1,57
4,2021,TAPABOCAS,10,57
4,2021,CAMIBUSOS,7,57
4,2021,JEANS,272,57
4,2021,PANTALON COLOR,144,57
4,2021,BUSOS,2,57
4,2021,CAMISETAS,42,57
4,2021,POLOS,32,57
5,2021,JEANS,327,58
5,2021,VESTIDOS,1,58
5,2021,CAMIBUSOS,11,58
5,2021,CHAQUETAS,6,58
5,2021,TAPABOCAS,8,58
5,2021,JOGGER,23,58
5,2021,CAMISAS,95,58
5,2021,POLOS,42,58
5,2021,PANTALON COLOR,159,58
5,2021,BLUSAS,54,58
5,2021,BUSOS,3,58
5,2021,CAMISETAS,51,58
6,2021,JOGGER,26,59
6,2021,CORREAS,1,59
6,2021,POLOS,47,59
6,2021,CAMIBUSOS,7,59
6,2021,VESTIDOS,1,59
6,2021,TAPABOCAS,6,59
6,2021,JEANS,328,59
6,2021,BUSOS,4,59
6,2021,CAMISETAS,54,59
6,2021,PANTALON COLOR,165,59
6,2021,CAMISAS,89,59
6,2021,BLUSAS,49,59
6,2021,CHAQUETAS,6,59
7,2021,BLUSAS,47,60
7,2021,CAMISETAS,36,60
7,2021,POLOS,29,60
7,2021,PANTALON COLOR,128,60
7,2021,BUSOS,1,60
7,2021,CAMISAS,88,60
7,2021,CORREAS,4,60
7,2021,JEANS,314,60
7,2021,CHAQUETAS,5,60
7,2021,TAPABOCAS,5,60
7,2021,JOGGER,32,60
7,2021,CAMIBUSOS,14,60
8,2021,BLUSAS,52,61
8,2021,CHAQUETAS,6,61
8,2021,CAMISAS,116,61
8,2021,PANTALON COLOR,153,61
8,2021,JOGGER,26,61
8,2021,JEANS,336,61
8,2021,POLOS,54,61
8,2021,CORREAS,5,61
8,2021,CAMIBUSOS,11,61
8,2021,BUSOS,4,61
8,2021,TAPABOCAS,9,61
8,2021,CAMISETAS,60,61
9,2021,CORREAS,1,62
9,2021,JEANS,346,62
9,2021,CHAQUETAS,10,62
9,2021,JOGGER,37,62
9,2021,CAMIBUSOS,20,62
9,2021,TAPABOCAS,6,62
9,2021,VESTIDOS,1,62
9,2021,BUSOS,7,62
9,2021,BLUSAS,44,62
9,2021,CAMISETAS,52,62
9,2021,POLOS,58,62
9,2021,CAMISAS,90,62
9,2021,PANTALON COLOR,188,62
10,2021,PANTALON COLOR,191,63
10,2021,CAMIBUSOS,15,63
10,2021,JOGGER,39,63
10,2021,BUSOS,5,63
10,2021,CAMISETAS,58,63
10,2021,JEANS,338,63
10,2021,TAPABOCAS,6,63
10,2021,POLOS,48,63
10,2021,CAMISAS,87,63
10,2021,CORREAS,1,63
10,2021,CHAQUETAS,14,63
10,2021,BLUSAS,40,63
11,2021,CAMISAS,87,64
11,2021,BUSOS,1,64
11,2021,CAMISETAS,54,64
11,2021,PANTALON COLOR,185,64
11,2021,POLOS,47,64
11,2021,CAMIBUSOS,15,64
11,2021,VESTIDOS,2,64
11,2021,JOGGER,23,64
11,2021,TAPABOCAS,2,64
11,2021,CORREAS,6,64
11,2021,JEANS,342,64
11,2021,BLUSAS,58,64
11,2021,CHAQUETAS,10,64
12,2021,CHAQUETAS,6,65
12,2021,CAMISAS,85,65
12,2021,BLUSAS,40,65
12,2021,VESTIDOS,1,65
12,2021,CORREAS,2,65
12,2021,TAPABOCAS,2,65
12,2021,JEANS,333,65
12,2021,CAMISETAS,66,65
12,2021,PANTALON COLOR,145,65
12,2021,JOGGER,40,65
12,2021,CAMIBUSOS,16,65
12,2021,POLOS,51,65
12,2021,BUSOS,6,65
13,2021,VESTIDOS,1,66
13,2021,CORREAS,3,66
13,2021,CAMIBUSOS,11,66
13,2021,BLUSAS,48,66
13,2021,TAPABOCAS,5,66
13,2021,JOGGER,37,66
13,2021,CHAQUETAS,6,66
13,2021,POLOS,33,66
13,2021,CAMISAS,72,66
13,2021,BERMUDA,1,66
13,2021,BUSOS,5,66
13,2021,CAMISETAS,47,66
13,2021,JEANS,347,66
13,2021,PANTALON COLOR,162,66
14,2021,TAPABOCAS,2,67
14,2021,CORREAS,3,67
14,2021,VESTIDOS,1,67
14,2021,POLOS,27,67
14,2021,CAMIBUSOS,4,67
14,2021,JOGGER,33,67
14,2021,JEANS,297,67
14,2021,BUSOS,10,67
14,2021,PANTALON COLOR,94,67
14,2021,BLUSAS,76,67
14,2021,CHAQUETAS,3,67
14,2021,CAMISETAS,57,67
14,2021,CAMISAS,80,67
14,2021,BERMUDA,2,67
15,2021,PANTALON COLOR,50,68
15,2021,JEANS,137,68
15,2021,CORREAS,2,68
15,2021,POLOS,15,68
15,2021,CAMISAS,36,68
15,2021,CAMISETAS,25,68
15,2021,BUSOS,3,68
15,2021,JOGGER,12,68
15,2021,VESTIDOS,3,68
15,2021,CHAQUETAS,4,68
15,2021,BLUSAS,24,68
15,2021,BERMUDA,1,68
15,2021,CAMIBUSOS,4,68
16,2021,CAMISETAS,16,69
16,2021,JEANS,131,69
16,2021,CAMISAS,26,69
16,2021,CORREAS,2,69
16,2021,POLOS,13,69
16,2021,CHAQUETAS,1,69
16,2021,BLUSAS,21,69
16,2021,PANTALON COLOR,41,69
16,2021,CAMIBUSOS,6,69
16,2021,JOGGER,9,69
17,2021,BLUSAS,17,70
17,2021,CAMISAS,23,70
17,2021,BERMUDA,5,70
17,2021,BUSOS,2,70
17,2021,CAMISETAS,31,70
17,2021,POLOS,21,70
17,2021,CHAQUETAS,2,70
17,2021,PANTALON COLOR,55,70
17,2021,JEANS,166,70
17,2021,CAMIBUSOS,7,70
17,2021,JOGGER,20,70
18,2021,BLUSAS,29,71
18,2021,JOGGER,14,71
18,2021,VESTIDOS,1,71
18,2021,CHAQUETAS,1,71
18,2021,CAMIBUSOS,7,71
18,2021,CAMISETAS,49,71
18,2021,PANTALON COLOR,58,71
18,2021,CAMISAS,39,71
18,2021,POLOS,19,71
18,2021,CORREAS,2,71
18,2021,JEANS,138,71
19,2021,CORREAS,2,72
19,2021,CAMIBUSOS,10,72
19,2021,JOGGER,20,72
19,2021,JEANS,229,72
19,2021,CHAQUETAS,1,72
19,2021,BLUSAS,56,72
19,2021,BERMUDA,4,72
19,2021,BUSOS,5,72
19,2021,POLOS,20,72
19,2021,CAMISETAS,58,72
19,2021,CAMISAS,42,72
19,2021,PANTALON COLOR,88,72
20,2021,CORREAS,2,73
20,2021,TAPABOCAS,2,73
20,2021,JEANS,435,73
20,2021,POLOS,65,73
20,2021,CAMISETAS,85,73
20,2021,BUSOS,3,73
20,2021,BLUSAS,95,73
20,2021,PANTALON COLOR,170,73
20,2021,BERMUDA,6,73
20,2021,JOGGER,24,73
20,2021,CAMISAS,85,73
20,2021,CAMIBUSOS,30,73
20,2021,CHAQUETAS,2,73
20,2021,VESTIDOS,3,73
21,2021,CAMISAS,73,74
21,2021,POLOS,66,74
21,2021,PANTALON COLOR,187,74
21,2021,BLUSAS,58,74
21,2021,CAMISETAS,74,74
21,2021,CORREAS,1,74
21,2021,BERMUDA,7,74
21,2021,BUSOS,9,74
21,2021,JOGGER,55,74
21,2021,JEANS,441,74
21,2021,TAPABOCAS,3,74
21,2021,CHAQUETAS,2,74
21,2021,CAMIBUSOS,14,74
22,2021,CAMISAS,80,75
22,2021,CHAQUETAS,3,75
22,2021,BERMUDA,3,75
22,2021,CAMIBUSOS,21,75
22,2021,POLOS,48,75
22,2021,JOGGER,33,75
22,2021,BLUSAS,58,75
22,2021,VESTIDOS,2,75
22,2021,JEANS,431,75
22,2021,TAPABOCAS,3,75
22,2021,CAMISETAS,106,75
22,2021,PANTALON COLOR,196,75
22,2021,BUSOS,1,75
23,2021,TAPABOCAS,4,76
23,2021,CAMIBUSOS,19,76
23,2021,JEANS,489,76
23,2021,CORREAS,5,76
23,2021,JOGGER,59,76
23,2021,CHAQUETAS,3,76
23,2021,CAMISETAS,95,76
23,2021,BLUSAS,75,76
23,2021,BERMUDA,14,76
23,2021,PANTALON COLOR,205,76
23,2021,BUSOS,2,76
23,2021,CAMISAS,109,76
23,2021,POLOS,56,76
24,2021,PANTALON COLOR,219,77
24,2021,JEANS,619,77
24,2021,CAMIBUSOS,22,77
24,2021,CAMISETAS,124,77
24,2021,VESTIDOS,2,77
24,2021,POLOS,91,77
24,2021,TAPABOCAS,4,77
24,2021,CORREAS,2,77
24,2021,CAMISAS,122,77
24,2021,CHAQUETAS,3,77
24,2021,BERMUDA,7,77
24,2021,BLUSAS,44,77
24,2021,JOGGER,67,77
25,2021,BERMUDA,13,78
25,2021,BLUSAS,38,78
25,2021,CAMISETAS,161,78
25,2021,CAMISAS,269,78
25,2021,POLOS,210,78
25,2021,PANTALON COLOR,356,78
25,2021,CAMIBUSOS,102,78
25,2021,JEANS,948,78
25,2021,JOGGER,102,78
25,2021,CORREAS,5,78
25,2021,TAPABOCAS,6,78
25,2021,CHAQUETAS,5,78
25,2021,VESTIDOS,3,78
26,2021,BERMUDA,2,79
26,2021,CAMISAS,183,79
26,2021,BLUSAS,49,79
26,2021,CHAQUETAS,4,79
26,2021,CAMIBUSOS,59,79
26,2021,VESTIDOS,6,79
26,2021,TAPABOCAS,4,79
26,2021,JOGGER,62,79
26,2021,JEANS,576,79
26,2021,CORREAS,6,79
26,2021,PANTALON COLOR,230,79
26,2021,POLOS,105,79
26,2021,CAMISETAS,97,79
27,2021,CORREAS,5,80
27,2021,CAMIBUSOS,36,80
27,2021,JOGGER,60,80
27,2021,JEANS,500,80
27,2021,VESTIDOS,6,80
27,2021,TAPABOCAS,6,80
27,2021,CHAQUETAS,9,80
27,2021,BLUSAS,46,80
27,2021,CAMISAS,100,80
27,2021,PANTALON COLOR,181,80
27,2021,CAMISETAS,106,80
27,2021,POLOS,44,80
27,2021,BERMUDA,4,80
28,2021,JEANS,509,81
28,2021,CORREAS,6,81
28,2021,CAMIBUSOS,29,81
28,2021,TAPABOCAS,1,81
28,2021,VESTIDOS,6,81
28,2021,BUSOS,1,81
28,2021,JOGGER,44,81
28,2021,POLOS,38,81
28,2021,CAMISETAS,77,81
28,2021,BERMUDA,7,81
28,2021,PANTALON COLOR,198,81
28,2021,BLUSAS,55,81
28,2021,CAMISAS,129,81
28,2021,CHAQUETAS,3,81
29,2021,CAMISAS,98,82
29,2021,POLOS,43,82
29,2021,BERMUDA,11,82
29,2021,PANTALON COLOR,190,82
29,2021,BLUSAS,52,82
29,2021,CAMISETAS,68,82
29,2021,CORREAS,3,82
29,2021,CAMIBUSOS,17,82
29,2021,JEANS,466,82
29,2021,TAPABOCAS,2,82
29,2021,VESTIDOS,3,82
29,2021,JOGGER,43,82
29,2021,CHAQUETAS,3,82
30,2021,BLUSAS,63,83
30,2021,CAMISAS,82,83
30,2021,CHAQUETAS,7,83
30,2021,TAPABOCAS,8,83
30,2021,CORREAS,5,83
30,2021,JOGGER,44,83
30,2021,BERMUDA,3,83
30,2021,PANTALON COLOR,132,83
30,2021,CAMISETAS,62,83
30,2021,JEANS,428,83
30,2021,CAMIBUSOS,25,83
30,2021,POLOS,34,83
30,2021,VESTIDOS,4,83
31,2021,VESTIDOS,2,84
31,2021,CHAQUETAS,1,84
31,2021,TAPABOCAS,2,84
31,2021,CORREAS,3,84
31,2021,JOGGER,40,84
31,2021,JEANS,441,84
31,2021,BLUSAS,59,84
31,2021,CAMIBUSOS,28,84
31,2021,PANTALON COLOR,179,84
31,2021,BERMUDA,5,84
31,2021,CAMISETAS,60,84
31,2021,POLOS,38,84
31,2021,BUSOS,2,84
31,2021,CAMISAS,80,84
32,2021,BLUSAS,79,85
32,2021,BERMUDA,10,85
32,2021,VESTIDOS,4,85
32,2021,CAMIBUSOS,18,85
32,2021,CHAQUETAS,1,85
32,2021,JOGGER,34,85
32,2021,CAMISETAS,117,85
32,2021,CORREAS,1,85
32,2021,PANTALON COLOR,170,85
32,2021,CAMISAS,91,85
32,2021,BUSOS,1,85
32,2021,POLOS,57,85
32,2021,JEANS,482,85
33,2021,CAMIBUSOS,21,86
33,2021,PANTALON COLOR,140,86
33,2021,JEANS,383,86
33,2021,TAPABOCAS,1,86
33,2021,VESTIDOS,4,86
33,2021,POLOS,53,86
33,2021,CORREAS,5,86
33,2021,JOGGER,23,86
33,2021,BERMUDA,4,86
33,2021,BLUSAS,35,86
33,2021,BUSOS,4,86
33,2021,CHAQUETAS,1,86
33,2021,CAMISAS,87,86
33,2021,CAMISETAS,104,86
34,2021,BUSOS,9,87
34,2021,CORREAS,1,87
34,2021,POLOS,43,87
34,2021,PANTALON COLOR,132,87
34,2021,CAMISETAS,98,87
34,2021,CAMISAS,80,87
34,2021,JEANS,449,87
34,2021,TAPABOCAS,4,87
34,2021,VESTIDOS,6,87
34,2021,CAMIBUSOS,25,87
34,2021,CHAQUETAS,3,87
34,2021,BLUSAS,47,87
34,2021,BERMUDA,4,87
34,2021,JOGGER,28,87
35,2021,POLOS,32,88
35,2021,BLUSAS,54,88
35,2021,BERMUDA,5,88
35,2021,CAMISAS,89,88
35,2021,CAMISETAS,93,88
35,2021,PANTALON COLOR,149,88
35,2021,BUSOS,6,88
35,2021,CORREAS,1,88
35,2021,TAPABOCAS,2,88
35,2021,VESTIDOS,1,88
35,2021,CAMIBUSOS,20,88
35,2021,CHAQUETAS,3,88
35,2021,JOGGER,28,88
35,2021,JEANS,400,88
36,2021,JOGGER,37,89
36,2021,BERMUDA,6,89
36,2021,BLUSAS,72,89
36,2021,CORREAS,2,89
36,2021,PANTALON COLOR,166,89
36,2021,CHAQUETAS,5,89
36,2021,JEANS,406,89
36,2021,CAMIBUSOS,27,89
36,2021,VESTIDOS,3,89
36,2021,TAPABOCAS,3,89
36,2021,CAMISETAS,109,89
36,2021,POLOS,65,89
36,2021,CAMISAS,111,89
36,2021,BUSOS,2,89
37,2021,CORREAS,2,90
37,2021,JOGGER,36,90
37,2021,JEANS,404,90
37,2021,PANTALON COLOR,137,90
37,2021,CHAQUETAS,4,90
37,2021,POLOS,43,90
37,2021,VESTIDOS,6,90
37,2021,CAMIBUSOS,28,90
37,2021,TAPABOCAS,1,90
37,2021,CAMISETAS,97,90
37,2021,CAMISAS,109,90
37,2021,BLUSAS,69,90
37,2021,BUSOS,4,90
37,2021,BERMUDA,5,90
38,2021,JEANS,421,91
38,2021,POLOS,69,91
38,2021,CAMISETAS,123,91
38,2021,CORREAS,2,91
38,2021,CAMISAS,107,91
38,2021,BUSOS,5,91
38,2021,PANTALON COLOR,151,91
38,2021,BERMUDA,7,91
38,2021,CAMIBUSOS,29,91
38,2021,VESTIDOS,1,91
38,2021,BLUSAS,71,91
38,2021,CHAQUETAS,9,91
38,2021,JOGGER,38,91
39,2021,CAMISAS,75,92
39,2021,CAMISETAS,91,92
39,2021,BLUSAS,80,92
39,2021,PANTALON COLOR,141,92
39,2021,BERMUDA,2,92
39,2021,BUSOS,14,92
39,2021,TAPABOCAS,1,92
39,2021,CORREAS,9,92
39,2021,POLOS,47,92
39,2021,JEANS,370,92
39,2021,CAMIBUSOS,23,92
39,2021,CHAQUETAS,3,92
39,2021,JOGGER,19,92
39,2021,VESTIDOS,3,92
40,2021,BERMUDA,5,93
40,2021,CHAQUETAS,9,93
40,2021,VESTIDOS,3,93
40,2021,CAMIBUSOS,22,93
40,2021,BLUSAS,59,93
40,2021,CAMISETAS,71,93
40,2021,BUSOS,1,93
40,2021,PANTALON COLOR,149,93
40,2021,JOGGER,39,93
40,2021,CORREAS,6,93
40,2021,POLOS,58,93
40,2021,JEANS,334,93
40,2021,TAPABOCAS,1,93
40,2021,CAMISAS,78,93
41,2021,VESTIDOS,1,94
41,2021,JEANS,357,94
41,2021,CAMIBUSOS,17,94
41,2021,CAMISAS,73,94
41,2021,BERMUDA,3,94
41,2021,BUSOS,1,94
41,2021,JOGGER,33,94
41,2021,TAPABOCAS,3,94
41,2021,CHAQUETAS,3,94
41,2021,BLUSAS,79,94
41,2021,CORREAS,11,94
41,2021,POLOS,34,94
41,2021,PANTALON COLOR,166,94
41,2021,CAMISETAS,54,94
42,2021,VESTIDOS,4,95
42,2021,BUSOS,4,95
42,2021,CORREAS,4,95
42,2021,TAPABOCAS,3,95
42,2021,JEANS,419,95
42,2021,BLUSAS,90,95
42,2021,CAMISAS,84,95
42,2021,PANTALON COLOR,154,95
42,2021,CAMISETAS,82,95
42,2021,POLOS,42,95
42,2021,BERMUDA,6,95
42,2021,CHAQUETAS,6,95
42,2021,JOGGER,24,95
42,2021,CAMIBUSOS,20,95
43,2021,CAMISAS,64,96
43,2021,BERMUDA,2,96
43,2021,BLUSAS,74,96
43,2021,CAMISETAS,72,96
43,2021,POLOS,48,96
43,2021,PANTALON COLOR,210,96
43,2021,JOGGER,28,96
43,2021,TAPABOCAS,1,96
43,2021,CORREAS,6,96
43,2021,CHAQUETAS,5,96
43,2021,CAMIBUSOS,25,96
43,2021,JEANS,390,96
43,2021,VESTIDOS,1,96
44,2021,CAMISAS,90,97
44,2021,JOGGER,54,97
44,2021,BERMUDA,6,97
44,2021,CHAQUETAS,1,97
44,2021,BLUSAS,62,97
44,2021,VESTIDOS,9,97
44,2021,CAMIBUSOS,21,97
44,2021,JEANS,445,97
44,2021,BUSOS,1,97
44,2021,CORREAS,3,97
44,2021,CAMISETAS,95,97
44,2021,POLOS,64,97
44,2021,PANTALON COLOR,215,97
45,2021,JOGGER,33,98
45,2021,CAMIBUSOS,20,98
45,2021,JEANS,375,98
45,2021,VESTIDOS,8,98
45,2021,CHAQUETAS,5,98
45,2021,CORREAS,2,98
45,2021,CAMISAS,81,98
45,2021,CAMISETAS,45,98
45,2021,BERMUDA,5,98
45,2021,PANTALON COLOR,158,98
45,2021,BLUSAS,55,98
45,2021,BUSOS,4,98
45,2021,POLOS,45,98
46,2021,TAPABOCAS,1,99
46,2021,CAMIBUSOS,30,99
46,2021,CAMISETAS,68,99
46,2021,VESTIDOS,5,99
46,2021,JEANS,411,99
46,2021,POLOS,72,99
46,2021,PANTALON COLOR,229,99
46,2021,CORREAS,2,99
46,2021,JOGGER,38,99
46,2021,BERMUDA,3,99
46,2021,CAMISAS,84,99
46,2021,BLUSAS,57,99
46,2021,CHAQUETAS,2,99
46,2021,BUSOS,3,99
47,2021,CHAQUETAS,3,100
47,2021,JOGGER,67,100
47,2021,JEANS,567,100
47,2021,VESTIDOS,4,100
47,2021,CAMISAS,113,100
47,2021,BUSOS,7,100
47,2021,POLOS,55,100
47,2021,CAMISETAS,89,100
47,2021,BERMUDA,1,100
47,2021,BLUSAS,81,100
47,2021,PANTALON COLOR,198,100
47,2021,CAMIBUSOS,28,100
47,2021,CORREAS,3,100
48,2021,JEANS,552,101
48,2021,POLOS,61,101
48,2021,CORREAS,4,101
48,2021,JOGGER,91,101
48,2021,CHAQUETAS,1,101
48,2021,CAMIBUSOS,36,101
48,2021,BLUSAS,84,101
48,2021,VESTIDOS,4,101
48,2021,CAMISAS,127,101
48,2021,BERMUDA,6,101
48,2021,PANTALON COLOR,242,101
48,2021,CAMISETAS,135,101
48,2021,BUSOS,12,101
49,2021,PANTALON COLOR,424,102
49,2021,CORREAS,8,102
49,2021,POLOS,143,102
49,2021,JEANS,1224,102
49,2021,CAMISETAS,247,102
49,2021,VESTIDOS,5,102
49,2021,CHAQUETAS,9,102
49,2021,BLUSAS,137,102
49,2021,CAMISAS,274,102
49,2021,BERMUDA,10,102
49,2021,BUSOS,31,102
49,2021,JOGGER,158,102
49,2021,CAMIBUSOS,43,102
50,2021,BLUSAS,176,103
50,2021,CHAQUETAS,10,103
50,2021,PANTALON COLOR,413,103
50,2021,BERMUDA,9,103
50,2021,JEANS,1178,103
50,2021,CAMISETAS,280,103
50,2021,BUSOS,54,103
50,2021,CAMISAS,365,103
50,2021,CORREAS,10,103
50,2021,POLOS,158,103
50,2021,JOGGER,140,103
50,2021,CAMIBUSOS,53,103
51,2021,BERMUDA,13,104
51,2021,CHAQUETAS,11,104
51,2021,JEANS,1438,104
51,2021,CAMIBUSOS,83,104
51,2021,BLUSAS,200,104
51,2021,BUSOS,59,104
51,2021,CORREAS,9,104
51,2021,JOGGER,124,104
51,2021,POLOS,263,104
51,2021,PANTALON COLOR,513,104
51,2021,VESTIDOS,2,104
51,2021,CAMISETAS,413,104
51,2021,CAMISAS,366,104
52,2021,JEANS,2135,105
52,2021,BUSOS,82,105
52,2021,CORREAS,20,105
52,2021,PANTALON COLOR,704,105
52,2021,POLOS,420,105
52,2021,BERMUDA,18,105
52,2021,CAMIBUSOS,132,105
52,2021,BLUSAS,279,105
52,2021,VESTIDOS,18,105
52,2021,CHAQUETAS,17,105
52,2021,JOGGER,135,105
52,2021,CAMISETAS,694,105
52,2021,CAMISAS,426,105
53,2021,JEANS,1052,106
53,2021,BUSOS,22,106
53,2021,PANTALON COLOR,398,106
53,2021,CORREAS,7,106
53,2021,JOGGER,64,106
53,2021,BERMUDA,18,106
53,2021,BLUSAS,133,106
53,2021,CHAQUETAS,8,106
53,2021,CAMISAS,170,106
53,2021,CAMISETAS,265,106
53,2021,CAMIBUSOS,50,106
53,2021,POLOS,141,106
3,2022,POLOS,37,109
3,2022,CAMISAS,39,109
3,2022,CAMISETAS,47,109
3,2022,BUSOS,3,109
3,2022,VESTIDOS,3,109
3,2022,CAMIBUSOS,16,109
3,2022,PANTALON COLOR,150,109
3,2022,CORREAS,3,109
3,2022,JEANS,233,109
3,2022,BLUSAS,37,109
3,2022,CHAQUETAS,4,109
3,2022,JOGGER,24,109
3,2022,BERMUDA,2,109
4,2022,POLOS,34,110
4,2022,BUSOS,1,110
4,2022,CAMISAS,45,110
4,2022,CAMISETAS,60,110
4,2022,VESTIDOS,8,110
4,2022,CHAQUETAS,7,110
4,2022,JOGGER,37,110
4,2022,CAMIBUSOS,17,110
4,2022,BLUSAS,41,110
4,2022,PANTALON COLOR,145,110
4,2022,CORREAS,5,110
4,2022,JEANS,280,110
5,2022,CAMIBUSOS,20,111
5,2022,VESTIDOS,12,111
5,2022,CHAQUETAS,7,111
5,2022,POLOS,23,111
5,2022,CAMISETAS,118,111
5,2022,BLUSAS,67,111
5,2022,JEANS,280,111
5,2022,CORREAS,4,111
5,2022,PANTALON COLOR,115,111
5,2022,JOGGER,38,111
5,2022,BUSOS,2,111
5,2022,CAMISAS,60,111
6,2022,JEANS,393,112
6,2022,POLOS,60,112
6,2022,CHAQUETAS,6,112
6,2022,BLUSAS,70,112
6,2022,JOGGER,57,112
6,2022,CAMIBUSOS,24,112
6,2022,CORREAS,8,112
6,2022,CAMISAS,68,112
6,2022,PANTALON COLOR,204,112
6,2022,CAMISETAS,87,112
6,2022,BUSOS,5,112
6,2022,VESTIDOS,10,112
7,2022,CAMISETAS,66,113
7,2022,POLOS,47,113
7,2022,BUSOS,3,113
7,2022,CORREAS,2,113
7,2022,CHAQUETAS,5,113
7,2022,CAMIBUSOS,10,113
7,2022,JEANS,263,113
7,2022,JOGGER,38,113
7,2022,PANTALON COLOR,125,113
7,2022,BLUSAS,51,113
7,2022,CAMISAS,48,113
7,2022,VESTIDOS,12,113
8,2022,CHAQUETAS,4,114
8,2022,BUSOS,6,114
8,2022,CAMISAS,55,114
8,2022,POLOS,38,114
8,2022,CAMIBUSOS,32,114
8,2022,BLUSAS,52,114
8,2022,VESTIDOS,8,114
8,2022,JOGGER,22,114
8,2022,CORREAS,10,114
8,2022,JEANS,227,114
8,2022,CAMISETAS,65,114
8,2022,PANTALON COLOR,134,114
9,2022,JOGGER,42,115
9,2022,CORREAS,8,115
9,2022,JEANS,305,115
9,2022,VESTIDOS,13,115
9,2022,CAMIBUSOS,32,115
9,2022,CAMISAS,58,115
9,2022,BUSOS,7,115
9,2022,BLUSAS,42,115
9,2022,CHAQUETAS,4,115
9,2022,PANTALON COLOR,128,115
9,2022,POLOS,62,115
9,2022,CAMISETAS,56,115
10,2022,BUSOS,9,116
10,2022,JOGGER,48,116
10,2022,CHAQUETAS,7,116
10,2022,CAMIBUSOS,19,116
10,2022,CAMISETAS,89,116
10,2022,POLOS,33,116
10,2022,VESTIDOS,9,116
10,2022,JEANS,385,116
10,2022,CORREAS,3,116
10,2022,PANTALON COLOR,151,116
10,2022,CAMISAS,55,116
10,2022,BERMUDA,3,116
10,2022,BLUSAS,47,116
11,2022,BUSOS,8,117
11,2022,PANTALON COLOR,152,117
11,2022,CAMISETAS,72,117
11,2022,BLUSAS,95,117
11,2022,POLOS,31,117
11,2022,VESTIDOS,5,117
11,2022,JEANS,415,117
11,2022,CAMIBUSOS,25,117
11,2022,CORREAS,2,117
11,2022,BERMUDA,2,117
11,2022,JOGGER,77,117
11,2022,CHAQUETAS,2,117
11,2022,CAMISAS,77,117
12,2022,BLUSAS,35,118
12,2022,BERMUDA,2,118
12,2022,CAMISETAS,61,118
12,2022,POLOS,41,118
12,2022,PANTALON COLOR,137,118
12,2022,CHAQUETAS,4,118
12,2022,JOGGER,50,118
12,2022,CAMISAS,50,118
12,2022,CAMIBUSOS,19,118
12,2022,BUSOS,6,118
12,2022,JEANS,391,118
12,2022,CORREAS,12,118
12,2022,VESTIDOS,3,118
13,2022,JOGGER,63,119
13,2022,CHAQUETAS,4,119
13,2022,POLOS,27,119
13,2022,BERMUDA,3,119
13,2022,PANTALON COLOR,110,119
13,2022,BLUSAS,38,119
13,2022,CAMISAS,47,119
13,2022,CORREAS,1,119
13,2022,VESTIDOS,1,119
13,2022,CAMISETAS,71,119
13,2022,BUSOS,3,119
13,2022,JEANS,262,119
13,2022,CAMIBUSOS,20,119
14,2022,POLOS,35,120
14,2022,CORREAS,3,120
14,2022,JOGGER,49,120
14,2022,BLUSAS,76,120
14,2022,CHAQUETAS,6,120
14,2022,BERMUDA,2,120
14,2022,CAMISAS,74,120
14,2022,PANTALON COLOR,119,120
14,2022,VESTIDOS,6,120
14,2022,BUSOS,1,120
14,2022,CAMISETAS,64,120
14,2022,JEANS,314,120
14,2022,CAMIBUSOS,19,120
15,2022,CORREAS,5,121
15,2022,JOGGER,85,121
15,2022,CHAQUETAS,9,121
15,2022,VESTIDOS,4,121
15,2022,JEANS,317,121
15,2022,PANTALON COLOR,109,121
15,2022,CAMISETAS,52,121
15,2022,CAMIBUSOS,15,121
15,2022,BLUSAS,67,121
15,2022,BERMUDA,1,121
15,2022,CAMISAS,47,121
15,2022,POLOS,37,121
15,2022,BUSOS,11,121
16,2022,VESTIDOS,6,122
16,2022,CAMIBUSOS,8,122
16,2022,BLUSAS,60,122
16,2022,CORREAS,3,122
16,2022,JOGGER,66,122
16,2022,SHORT,5,122
16,2022,BUSOS,15,122
16,2022,CHAQUETAS,10,122
16,2022,CAMISETAS,57,122
16,2022,PANTALON COLOR,113,122
16,2022,CAMISAS,58,122
16,2022,JEANS,336,122
16,2022,POLOS,62,122
17,2022,JOGGER,64,123
17,2022,BUSOS,21,123
17,2022,PANTALON COLOR,113,123
17,2022,POLOS,83,123
17,2022,JEANS,309,123
17,2022,CORREAS,4,123
17,2022,VESTIDOS,4,123
17,2022,SHORT,4,123
17,2022,CAMIBUSOS,8,123
17,2022,BLUSAS,57,123
17,2022,CAMISAS,71,123
17,2022,CAMISETAS,41,123
17,2022,CHAQUETAS,10,123
18,2022,SHORT,4,124
18,2022,JEANS,438,124
18,2022,CORREAS,2,124
18,2022,PANTALON COLOR,111,124
18,2022,POLOS,76,124
18,2022,BUSOS,16,124
18,2022,CAMISAS,68,124
18,2022,CAMISETAS,63,124
18,2022,JOGGER,53,124
18,2022,CAMIBUSOS,7,124
18,2022,CHAQUETAS,5,124
18,2022,VESTIDOS,5,124
18,2022,BLUSAS,58,124
19,2022,BERMUDA,1,125
19,2022,CHAQUETAS,19,125
19,2022,BLUSAS,144,125
19,2022,POLOS,141,125
19,2022,CORREAS,8,125
19,2022,PANTALON COLOR,218,125
19,2022,SHORT,4,125
19,2022,BUSOS,24,125
19,2022,CAMISETAS,219,125
19,2022,CAMISAS,93,125
19,2022,JEANS,694,125
19,2022,CAMIBUSOS,12,125
19,2022,JOGGER,109,125
19,2022,VESTIDOS,12,125
20,2022,BLUSAS,65,126
20,2022,JOGGER,81,126
20,2022,CHAQUETAS,5,126
20,2022,POLOS,60,126
20,2022,JEANS,424,126
20,2022,CORREAS,2,126
20,2022,VESTIDOS,5,126
20,2022,PANTALON COLOR,132,126
20,2022,CAMIBUSOS,13,126
20,2022,SHORT,4,126
20,2022,CAMISETAS,64,126
20,2022,CAMISAS,54,126
20,2022,BUSOS,8,126
21,2022,POLOS,60,127
21,2022,PANTALON COLOR,103,127
21,2022,JEANS,403,127
21,2022,JOGGER,51,127
21,2022,CORREAS,3,127
21,2022,CHAQUETAS,8,127
21,2022,SHORT,4,127
21,2022,CAMIBUSOS,6,127
21,2022,VESTIDOS,3,127
21,2022,BLUSAS,63,127
21,2022,BUSOS,6,127
21,2022,CAMISAS,50,127
21,2022,CAMISETAS,56,127
22,2022,CORREAS,7,128
22,2022,PANTALON COLOR,109,128
22,2022,CAMISAS,65,128
22,2022,JEANS,364,128
22,2022,SHORT,1,128
22,2022,CHAQUETAS,9,128
22,2022,POLOS,66,128
22,2022,CAMISETAS,41,128
22,2022,BUSOS,11,128
22,2022,CAMIBUSOS,8,128
22,2022,VESTIDOS,4,128
22,2022,JOGGER,48,128
22,2022,BLUSAS,82,128
23,2022,BUSOS,13,129
23,2022,CAMISETAS,60,129
23,2022,BERMUDA,2,129
23,2022,BLUSAS,57,129
23,2022,CAMISAS,78,129
23,2022,CORREAS,9,129
23,2022,JEANS,363,129
23,2022,CHAQUETAS,13,129
23,2022,SHORT,4,129
23,2022,CAMIBUSOS,16,129
23,2022,POLOS,63,129
23,2022,VESTIDOS,2,129
23,2022,PANTALON COLOR,143,129
23,2022,JOGGER,54,129
24,2022,VESTIDOS,2,130
24,2022,BLUSAS,46,130
24,2022,CAMIBUSOS,16,130
24,2022,CHAQUETAS,17,130
24,2022,SHORT,2,130
24,2022,BUSOS,30,130
24,2022,CAMISETAS,56,130
24,2022,JOGGER,65,130
24,2022,PANTALON COLOR,118,130
24,2022,CAMISAS,52,130
24,2022,POLOS,48,130
24,2022,CORREAS,5,130
24,2022,JEANS,294,130
25,2022,CAMIBUSOS,23,131
25,2022,SHORT,11,131
25,2022,VESTIDOS,8,131
25,2022,PANTALON COLOR,215,131
25,2022,JEANS,506,131
25,2022,BLUSAS,92,131
25,2022,BUSOS,48,131
25,2022,CHAQUETAS,24,131
25,2022,CORREAS,10,131
25,2022,JOGGER,129,131
25,2022,CAMISETAS,131,131
25,2022,CAMISAS,168,131
25,2022,POLOS,118,131
26,2022,SHORT,9,132
26,2022,BUSOS,31,132
26,2022,CORREAS,12,132
26,2022,BLUSAS,61,132
26,2022,CAMISETAS,148,132
26,2022,PANTALON COLOR,196,132
26,2022,JEANS,491,132
26,2022,CAMISAS,156,132
26,2022,POLOS,139,132
26,2022,VESTIDOS,2,132
26,2022,CAMIBUSOS,53,132
26,2022,JOGGER,122,132
26,2022,CHAQUETAS,20,132
27,2022,BLUSAS,52,133
27,2022,POLOS,58,133
27,2022,CORREAS,9,133
27,2022,SHORT,2,133
27,2022,BUSOS,23,133
27,2022,CAMISAS,83,133
27,2022,PANTALON COLOR,115,133
27,2022,CAMISETAS,113,133
27,2022,CAMIBUSOS,30,133
27,2022,VESTIDOS,6,133
27,2022,JOGGER,84,133
27,2022,JEANS,366,133
27,2022,CHAQUETAS,14,133
28,2022,BLUSAS,61,134
28,2022,CAMISAS,69,134
28,2022,JOGGER,80,134
28,2022,CAMIBUSOS,12,134
28,2022,CORREAS,7,134
28,2022,VESTIDOS,5,134
28,2022,CHAQUETAS,15,134
28,2022,JEANS,290,134
28,2022,BUSOS,26,134
28,2022,PANTALON COLOR,168,134
28,2022,CAMISETAS,70,134
28,2022,SHORT,9,134
28,2022,POLOS,33,134
29,2022,JOGGER,81,135
29,2022,JEANS,244,135
29,2022,CORREAS,1,135
29,2022,CHAQUETAS,8,135
29,2022,SHORT,6,135
29,2022,CAMISAS,55,135
29,2022,POLOS,19,135
29,2022,CAMIBUSOS,10,135
29,2022,PANTALON COLOR,83,135
29,2022,CAMISETAS,65,135
29,2022,BLUSAS,31,135
29,2022,BUSOS,15,135
30,2022,PANTALON COLOR,83,136
30,2022,POLOS,32,136
30,2022,VESTIDOS,3,136
30,2022,SHORT,7,136
30,2022,JEANS,248,136
30,2022,CORREAS,2,136
30,2022,BUSOS,9,136
30,2022,CAMISETAS,74,136
30,2022,CAMIBUSOS,11,136
30,2022,CAMISAS,68,136
30,2022,CHAQUETAS,8,136
30,2022,JOGGER,46,136
30,2022,BLUSAS,38,136
31,2022,PANTALON COLOR,78,137
31,2022,CAMISETAS,105,137
31,2022,BLUSAS,51,137
31,2022,BUSOS,16,137
31,2022,JEANS,281,137
31,2022,CHAQUETAS,14,137
31,2022,CORREAS,2,137
31,2022,CAMIBUSOS,10,137
31,2022,VESTIDOS,2,137
31,2022,SHORT,7,137
31,2022,POLOS,45,137
31,2022,CAMISAS,75,137
31,2022,JOGGER,49,137
32,2022,POLOS,48,138
32,2022,CAMISAS,71,138
32,2022,CAMIBUSOS,18,138
32,2022,VESTIDOS,7,138
32,2022,BLUSAS,54,138
32,2022,CAMISETAS,73,138
32,2022,BUSOS,13,138
32,2022,PANTALON COLOR,126,138
32,2022,JEANS,330,138
32,2022,JOGGER,45,138
32,2022,SHORT,6,138
32,2022,CHAQUETAS,7,138
33,2022,CHAQUETAS,11,139
33,2022,BLUSAS,63,139
33,2022,VESTIDOS,3,139
33,2022,SHORT,2,139
33,2022,CAMISAS,61,139
33,2022,POLOS,62,139
33,2022,CAMISETAS,97,139
33,2022,CORREAS,5,139
33,2022,PANTALON COLOR,105,139
33,2022,JOGGER,38,139
33,2022,BUSOS,9,139
33,2022,CAMIBUSOS,18,139
33,2022,JEANS,277,139
34,2022,CHAQUETAS,17,140
34,2022,JEANS,254,140
34,2022,BLUSAS,37,140
34,2022,POLOS,39,140
34,2022,VESTIDOS,3,140
34,2022,CAMIBUSOS,20,140
34,2022,JOGGER,39,140
34,2022,CORREAS,2,140
34,2022,CAMISAS,48,140
34,2022,SHORT,2,140
34,2022,PANTALON COLOR,88,140
34,2022,CAMISETAS,94,140
34,2022,BUSOS,13,140
35,2022,POLOS,31,141
35,2022,PANTALON COLOR,64,141
35,2022,JEANS,240,141
35,2022,CAMISETAS,54,141
35,2022,BUSOS,19,141
35,2022,SHORT,1,141
35,2022,JOGGER,32,141
35,2022,CORREAS,1,141
35,2022,CHAQUETAS,9,141
35,2022,BLUSAS,37,141
35,2022,CAMIBUSOS,5,141
35,2022,VESTIDOS,1,141
35,2022,CAMISAS,28,141
36,2022,BUSOS,17,142
36,2022,PANTALON COLOR,98,142
36,2022,POLOS,57,142
36,2022,CAMISETAS,64,142
36,2022,JEANS,307,142
36,2022,CHAQUETAS,8,142
36,2022,JOGGER,37,142
36,2022,SHORT,1,142
36,2022,CAMISAS,72,142
36,2022,BERMUDA,2,142
36,2022,BLUSAS,37,142
36,2022,CORREAS,3,142
36,2022,CAMIBUSOS,16,142
36,2022,VESTIDOS,4,142
37,2022,BERMUDA,6,143
37,2022,CAMISETAS,85,143
37,2022,CHAQUETAS,15,143
37,2022,JOGGER,55,143
37,2022,JEANS,282,143
37,2022,PANTALON COLOR,72,143
37,2022,BLUSAS,52,143
37,2022,BUSOS,13,143
37,2022,CAMISAS,66,143
37,2022,VESTIDOS,4,143
37,2022,CORREAS,5,143
37,2022,POLOS,70,143
37,2022,CAMIBUSOS,6,143
38,2022,BLUSAS,55,144
38,2022,CHAQUETAS,15,144
38,2022,JEANS,304,144
38,2022,BUSOS,25,144
38,2022,CAMISETAS,114,144
38,2022,CAMIBUSOS,15,144
38,2022,JOGGER,35,144
38,2022,BERMUDA,4,144
38,2022,VESTIDOS,3,144
38,2022,CAMISAS,57,144
38,2022,CORREAS,7,144
38,2022,POLOS,70,144
38,2022,PANTALON COLOR,97,144
39,2022,CORREAS,6,145
39,2022,JEANS,283,145
39,2022,SHORT,1,145
39,2022,POLOS,60,145
39,2022,BUSOS,25,145
39,2022,PANTALON COLOR,87,145
39,2022,CAMIBUSOS,10,145
39,2022,BERMUDA,3,145
39,2022,CAMISETAS,91,145
39,2022,BLUSAS,48,145
39,2022,CAMISAS,90,145
39,2022,JOGGER,41,145
39,2022,CHAQUETAS,13,145
40,2022,POLOS,38,146
40,2022,JEANS,179,146
40,2022,CAMISETAS,51,146
40,2022,BLUSAS,35,146
40,2022,BERMUDA,1,146
40,2022,PANTALON COLOR,64,146
40,2022,CAMISAS,42,146
40,2022,BUSOS,16,146
40,2022,CORREAS,4,146
40,2022,VESTIDOS,1,146
40,2022,CAMIBUSOS,9,146
40,2022,JOGGER,12,146
40,2022,CHAQUETAS,12,146
