1,2020,BLUSAS,38
1,2020,BUSOS,1
1,2020,CAMISAS,34
1,2020,CAMISETAS,23
1,2020,POLOS,10
1,2020,PANTALON COLOR,69
1,2020,JOGGER,1
1,2020,JEANS,138
1,2021,CAMISAS,14
1,2021,POLOS,9
1,2021,CAMISETAS,4
1,2021,PANTALON COLOR,18
1,2021,BLUSAS,6
1,2021,JOGGER,5
1,2021,JEANS,35
1,2021,CHAQUETAS,2
2,2020,VESTIDOS,1
2,2020,POLOS,20
2,2020,CAMISETAS,45
2,2020,PANTALON COLOR,100
2,2020,TAPABOCAS,9
2,2020,JEANS,248
2,2020,BLUSAS,28
2,2020,CHAQUETAS,6
2,2020,CAMIBUSOS,8
2,2020,BUSOS,2
2,2020,JOGGER,18
2,2020,CAMISAS,28
2,2020,BERMUDA,3
2,2021,BUSOS,1
2,2021,PANTALON COLOR,164
2,2021,VESTIDOS,1
2,2021,TAPABOCAS,1
2,2021,BERMUDA,6
2,2021,POLOS,29
2,2021,CAMISETAS,63
2,2021,JEANS,318
2,2021,CAMISAS,78
2,2021,BLUSAS,50
2,2021,CORREAS,1
2,2021,CAMIBUSOS,12
2,2021,JOGGER,28
2,2021,CHAQUETAS,2
2,2022,PANTALON COLOR,138
2,2022,CORREAS,2
2,2022,CAMISETAS,60
2,2022,JEANS,352
2,2022,CAMISAS,74
2,2022,POLOS,47
2,2022,CAMIBUSOS,13
2,2022,SHORT,3
2,2022,BUSOS,8
2,2022,JOGGER,67
2,2022,BERMUDA,1
2,2022,CHAQUETAS,11
2,2022,BLUSAS,59
2,2022,VESTIDOS,8
3,2020,BUSOS,8
3,2020,PANTALON COLOR,184
3,2020,CAMISETAS,59
3,2020,POLOS,38
3,2020,CAMISAS,104
3,2020,TAPABOCAS,1
3,2020,JOGGER,4
3,2020,VESTIDOS,1
3,2020,CAMIBUSOS,16
3,2020,BLUSAS,82
3,2020,JEANS,397
3,2021,POLOS,39
3,2021,CAMISETAS,47
3,2021,BERMUDA,2
3,2021,BLUSAS,43
3,2021,CAMISAS,67
3,2021,CORREAS,5
3,2021,BUSOS,2
3,2021,PANTALON COLOR,167
3,2021,CHAQUETAS,9
3,2021,JEANS,361
3,2021,JOGGER,32
3,2021,CAMIBUSOS,18
3,2021,TAPABOCAS,5
3,2021,VESTIDOS,1
3,2022,POLOS,25
3,2022,CAMISETAS,27
3,2022,BUSOS,1
3,2022,CAMISAS,25
3,2022,JEANS,147
3,2022,BLUSAS,26
3,2022,JOGGER,20
3,2022,CHAQUETAS,6
3,2022,VESTIDOS,4
3,2022,CAMIBUSOS,15
3,2022,CORREAS,3
3,2022,PANTALON COLOR,91
4,2020,BLUSAS,84
4,2020,CAMISAS,94
4,2020,BUSOS,2
4,2020,JEANS,282
4,2020,CAMIBUSOS,13
4,2020,PANTALON COLOR,169
4,2020,CAMISETAS,37
4,2020,POLOS,31
4,2021,JOGGER,28
4,2021,CAMISAS,84
4,2021,BLUSAS,39
4,2021,CHAQUETAS,10
4,2021,TAPABOCAS,10
4,2021,VESTIDOS,1
4,2021,POLOS,32
4,2021,BUSOS,2
4,2021,PANTALON COLOR,144
4,2021,CAMISETAS,42
4,2021,JEANS,272
4,2021,CAMIBUSOS,7
4,2022,BLUSAS,41
4,2022,JOGGER,37
4,2022,CAMIBUSOS,17
4,2022,VESTIDOS,8
4,2022,CHAQUETAS,7
4,2022,POLOS,34
4,2022,PANTALON COLOR,145
4,2022,JEANS,280
4,2022,CORREAS,5
4,2022,BUSOS,1
4,2022,CAMISAS,45
4,2022,CAMISETAS,60
5,2020,BLUSAS,96
5,2020,CAMIBUSOS,12
5,2020,PANTALON COLOR,165
5,2020,CAMISETAS,69
5,2020,JEANS,349
5,2020,POLOS,34
5,2020,BUSOS,3
5,2020,CAMISAS,110
5,2021,TAPABOCAS,8
5,2021,CAMIBUSOS,11
5,2021,VESTIDOS,1
5,2021,JEANS,327
5,2021,JOGGER,23
5,2021,CHAQUETAS,6
5,2021,CAMISAS,95
5,2021,POLOS,42
5,2021,BUSOS,3
5,2021,PANTALON COLOR,159
5,2021,BLUSAS,54
5,2021,CAMISETAS,51
5,2022,CHAQUETAS,7
5,2022,VESTIDOS,12
5,2022,CAMIBUSOS,20
5,2022,PANTALON COLOR,115
5,2022,CORREAS,4
5,2022,JEANS,280
5,2022,JOGGER,38
5,2022,CAMISAS,60
5,2022,BUSOS,2
5,2022,POLOS,23
5,2022,CAMISETAS,118
5,2022,BLUSAS,67
6,2020,JEANS,165
6,2020,PANTALON COLOR,66
6,2020,BUSOS,1
6,2020,JOGGER,7
6,2020,TAPABOCAS,2
6,2020,CAMIBUSOS,9
6,2020,POLOS,26
6,2020,CHAQUETAS,6
6,2020,CAMISAS,37
6,2020,BLUSAS,36
6,2020,CAMISETAS,23
6,2021,JEANS,218
6,2021,TAPABOCAS,3
6,2021,POLOS,33
6,2021,CAMIBUSOS,8
6,2021,BUSOS,4
6,2021,CAMISETAS,35
6,2021,CORREAS,2
6,2021,JOGGER,17
6,2021,PANTALON COLOR,84
6,2021,CAMISAS,70
6,2021,CHAQUETAS,3
6,2021,BLUSAS,32
6,2022,CAMISETAS,182
6,2022,BUSOS,3
6,2022,PANTALON COLOR,192
6,2022,CAMISAS,62
6,2022,CHAQUETAS,8
6,2022,BLUSAS,45
6,2022,JOGGER,49
6,2022,POLOS,96
6,2022,SHORT,1
6,2022,CORREAS,3
6,2022,JEANS,355
6,2022,BERMUDA,1
6,2022,VESTIDOS,10
6,2022,CAMIBUSOS,15
7,2020,CAMISAS,143
7,2020,JEANS,414
7,2020,CAMISETAS,76
7,2020,BUSOS,3
7,2020,BLUSAS,80
7,2020,BERMUDA,3
7,2020,CAMIBUSOS,23
7,2020,PANTALON COLOR,187
7,2020,POLOS,49
7,2020,VESTIDOS,2
7,2020,JOGGER,31
7,2020,CHAQUETAS,8
7,2020,TAPABOCAS,2
7,2021,POLOS,60
7,2021,PANTALON COLOR,184
7,2021,BERMUDA,8
7,2021,CAMISETAS,99
7,2021,BLUSAS,77
7,2021,CHAQUETAS,5
7,2021,VESTIDOS,4
7,2021,CAMISAS,117
7,2021,BUSOS,1
7,2021,JEANS,469
7,2021,CORREAS,2
7,2021,TAPABOCAS,6
7,2021,JOGGER,50
7,2021,CAMIBUSOS,34
7,2022,POLOS,27
7,2022,CAMISETAS,28
7,2022,PANTALON COLOR,52
7,2022,BUSOS,5
7,2022,VESTIDOS,4
7,2022,JOGGER,28
7,2022,BLUSAS,19
7,2022,CAMISAS,48
7,2022,CAMIBUSOS,14
7,2022,JEANS,157
7,2022,CORREAS,2
7,2022,CHAQUETAS,5
8,2020,CAMISETAS,46
8,2020,BLUSAS,56
8,2020,CAMISAS,106
8,2020,JEANS,273
8,2020,POLOS,40
8,2020,CHAQUETAS,3
8,2020,JOGGER,3
8,2020,PANTALON COLOR,166
8,2020,BUSOS,1
8,2020,CAMIBUSOS,13
8,2021,CAMISAS,116
8,2021,BLUSAS,52
8,2021,CHAQUETAS,6
8,2021,PANTALON COLOR,153
8,2021,CAMISETAS,60
8,2021,JEANS,336
8,2021,JOGGER,26
8,2021,BUSOS,4
8,2021,TAPABOCAS,9
8,2021,CAMIBUSOS,11
8,2021,POLOS,54
8,2021,CORREAS,5
8,2022,JOGGER,22
8,2022,BLUSAS,52
8,2022,VESTIDOS,8
8,2022,CAMIBUSOS,32
8,2022,CAMISAS,55
8,2022,BUSOS,6
8,2022,CHAQUETAS,4
8,2022,CORREAS,10
8,2022,POLOS,38
8,2022,CAMISETAS,65
8,2022,JEANS,227
8,2022,PANTALON COLOR,134
9,2020,BLUSAS,95
9,2020,CHAQUETAS,4
9,2020,POLOS,32
9,2020,CAMIBUSOS,15
9,2020,JOGGER,15
9,2020,PANTALON COLOR,163
9,2020,JEANS,261
9,2020,CAMISETAS,44
9,2020,BUSOS,1
9,2020,CAMISAS,92
9,2021,CHAQUETAS,10
9,2021,JOGGER,37
9,2021,CAMIBUSOS,20
9,2021,CORREAS,1
9,2021,JEANS,346
9,2021,BLUSAS,44
9,2021,TAPABOCAS,6
9,2021,VESTIDOS,1
9,2021,BUSOS,7
9,2021,CAMISAS,90
9,2021,CAMISETAS,52
9,2021,POLOS,58
9,2021,PANTALON COLOR,188
9,2022,JOGGER,42
9,2022,CORREAS,8
9,2022,VESTIDOS,13
9,2022,CAMIBUSOS,32
9,2022,JEANS,305
9,2022,CHAQUETAS,4
9,2022,POLOS,62
9,2022,CAMISETAS,56
9,2022,PANTALON COLOR,128
9,2022,BUSOS,7
9,2022,CAMISAS,58
9,2022,BLUSAS,42
10,2020,PANTALON COLOR,110
10,2020,POLOS,42
10,2020,CAMIBUSOS,7
10,2020,JOGGER,8
10,2020,BLUSAS,44
10,2020,CHAQUETAS,3
10,2020,JEANS,243
10,2020,BUSOS,3
10,2020,CAMISAS,57
10,2020,CAMISETAS,58
10,2021,JOGGER,36
10,2021,BUSOS,4
10,2021,CAMIBUSOS,8
10,2021,VESTIDOS,2
10,2021,PANTALON COLOR,158
10,2021,TAPABOCAS,5
10,2021,POLOS,35
10,2021,BERMUDA,2
10,2021,CAMISETAS,56
10,2021,JEANS,335
10,2021,CAMISAS,75
10,2021,CORREAS,1
10,2021,BLUSAS,59
10,2021,CHAQUETAS,5
10,2022,JEANS,396
10,2022,VESTIDOS,9
10,2022,CORREAS,5
10,2022,CAMISETAS,78
10,2022,POLOS,43
10,2022,PANTALON COLOR,130
10,2022,BUSOS,11
10,2022,CHAQUETAS,9
10,2022,JOGGER,55
10,2022,CAMIBUSOS,16
10,2022,CAMISAS,37
10,2022,BERMUDA,1
10,2022,BLUSAS,52
11,2020,POLOS,40
11,2020,CORREAS,3
11,2020,PANTALON COLOR,212
11,2020,JEANS,447
11,2020,BUSOS,4
11,2020,CAMISETAS,44
11,2020,CAMISAS,115
11,2020,JOGGER,28
11,2020,CHAQUETAS,16
11,2020,BERMUDA,6
11,2020,BLUSAS,61
11,2020,CAMIBUSOS,21
11,2020,TAPABOCAS,12
11,2020,VESTIDOS,1
11,2021,CAMISAS,173
11,2021,BUSOS,19
11,2021,CAMISETAS,196
11,2021,BERMUDA,7
11,2021,POLOS,117
11,2021,PANTALON COLOR,321
11,2021,TAPABOCAS,2
11,2021,CORREAS,4
11,2021,CAMIBUSOS,39
11,2021,VESTIDOS,6
11,2021,JOGGER,120
11,2021,JEANS,967
11,2021,BLUSAS,98
11,2021,CHAQUETAS,7
11,2022,POLOS,36
11,2022,BERMUDA,1
11,2022,BLUSAS,29
11,2022,CAMISETAS,44
11,2022,BUSOS,15
11,2022,PANTALON COLOR,66
11,2022,CAMISAS,61
11,2022,JEANS,178
11,2022,CAMIBUSOS,7
11,2022,CHAQUETAS,7
11,2022,JOGGER,28
11,2022,VESTIDOS,3
11,2022,SHORT,5
11,2022,CORREAS,1
12,2020,BLUSAS,26
12,2020,BUSOS,2
12,2020,CAMISAS,27
12,2020,POLOS,16
12,2020,CAMISETAS,13
12,2020,JOGGER,5
12,2020,CAMIBUSOS,1
12,2020,JEANS,79
12,2020,PANTALON COLOR,44
12,2020,CHAQUETAS,3
12,2021,CAMISAS,85
12,2021,CHAQUETAS,6
12,2021,BLUSAS,40
12,2021,CORREAS,2
12,2021,TAPABOCAS,2
12,2021,VESTIDOS,1
12,2021,BUSOS,6
12,2021,POLOS,51
12,2021,JOGGER,40
12,2021,CAMISETAS,66
12,2021,JEANS,333
12,2021,CAMIBUSOS,16
12,2021,PANTALON COLOR,145
12,2022,CAMISAS,50
12,2022,JOGGER,50
12,2022,CHAQUETAS,4
12,2022,BERMUDA,2
12,2022,POLOS,41
12,2022,PANTALON COLOR,137
12,2022,BLUSAS,35
12,2022,JEANS,391
12,2022,BUSOS,6
12,2022,CAMISETAS,61
12,2022,CAMIBUSOS,19
12,2022,CORREAS,12
12,2022,VESTIDOS,3
13,2021,PANTALON COLOR,162
13,2021,CAMISETAS,47
13,2021,BUSOS,5
13,2021,BERMUDA,1
13,2021,JEANS,347
13,2021,CAMISAS,72
13,2021,JOGGER,37
13,2021,CHAQUETAS,6
13,2021,POLOS,33
13,2021,VESTIDOS,1
13,2021,CORREAS,3
13,2021,CAMIBUSOS,11
13,2021,BLUSAS,48
13,2021,TAPABOCAS,5
13,2022,POLOS,27
13,2022,BERMUDA,3
13,2022,CAMISAS,47
13,2022,CORREAS,1
13,2022,CAMISETAS,71
13,2022,BUSOS,3
13,2022,JEANS,262
13,2022,CAMIBUSOS,20
13,2022,PANTALON COLOR,110
13,2022,BLUSAS,38
13,2022,VESTIDOS,1
13,2022,CHAQUETAS,4
13,2022,JOGGER,63
14,2020,BUSOS,1
14,2020,CAMISETAS,36
14,2020,BLUSAS,36
14,2020,POLOS,20
14,2020,CAMIBUSOS,4
14,2020,CAMISAS,61
14,2020,CHAQUETAS,2
14,2020,JEANS,150
14,2020,PANTALON COLOR,88
14,2021,CHAQUETAS,6
14,2021,BERMUDA,2
14,2021,CAMISAS,88
14,2021,BLUSAS,62
14,2021,CAMISETAS,59
14,2021,JEANS,338
14,2021,BUSOS,13
14,2021,PANTALON COLOR,125
14,2021,POLOS,35
14,2021,CORREAS,3
14,2021,JOGGER,37
14,2021,CAMIBUSOS,3
14,2021,TAPABOCAS,7
14,2022,CAMISAS,68
14,2022,VESTIDOS,2
14,2022,JOGGER,32
14,2022,CORREAS,5
14,2022,POLOS,32
14,2022,CHAQUETAS,4
14,2022,BERMUDA,1
14,2022,BLUSAS,72
14,2022,PANTALON COLOR,85
14,2022,BUSOS,1
14,2022,JEANS,249
14,2022,CAMISETAS,38
14,2022,CAMIBUSOS,18
15,2020,CAMIBUSOS,10
15,2020,VESTIDOS,2
15,2020,JOGGER,15
15,2020,PANTALON COLOR,91
15,2020,BUSOS,6
15,2020,BERMUDA,2
15,2020,CHAQUETAS,6
15,2020,BLUSAS,31
15,2020,POLOS,18
15,2020,JEANS,274
15,2020,CORREAS,1
15,2020,CAMISETAS,31
15,2020,TAPABOCAS,8
15,2020,CAMISAS,58
15,2021,BLUSAS,75
15,2021,JOGGER,40
15,2021,VESTIDOS,3
15,2021,TAPABOCAS,4
15,2021,BERMUDA,8
15,2021,CAMIBUSOS,25
15,2021,CAMISAS,117
15,2021,JEANS,434
15,2021,POLOS,58
15,2021,BUSOS,3
15,2021,CHAQUETAS,4
15,2021,CAMISETAS,88
15,2021,PANTALON COLOR,171
15,2021,CORREAS,4
15,2022,CORREAS,5
15,2022,JOGGER,43
15,2022,CHAQUETAS,7
15,2022,SHORT,3
15,2022,VESTIDOS,5
15,2022,JEANS,388
15,2022,BERMUDA,2
15,2022,BLUSAS,41
15,2022,CAMISETAS,66
15,2022,CAMIBUSOS,11
15,2022,BUSOS,13
15,2022,POLOS,61
15,2022,PANTALON COLOR,97
15,2022,CAMISAS,66
16,2020,BLUSAS,12
16,2020,BERMUDA,7
16,2020,CAMISAS,47
16,2020,CHAQUETAS,2
16,2020,JEANS,141
16,2020,PANTALON COLOR,61
16,2020,JOGGER,23
16,2020,CAMIBUSOS,4
16,2020,CORREAS,1
16,2020,BUSOS,2
16,2020,POLOS,12
16,2020,TAPABOCAS,3
16,2020,VESTIDOS,2
16,2020,CAMISETAS,15
16,2021,JOGGER,22
16,2021,CAMISAS,91
16,2021,BUSOS,6
16,2021,PANTALON COLOR,127
16,2021,BLUSAS,50
16,2021,BERMUDA,1
16,2021,CHAQUETAS,4
16,2021,CAMIBUSOS,16
16,2021,VESTIDOS,4
16,2021,CAMISETAS,54
16,2021,JEANS,352
16,2021,POLOS,36
16,2021,CORREAS,4
16,2022,JOGGER,34
16,2022,CORREAS,2
16,2022,CAMIBUSOS,5
16,2022,BLUSAS,29
16,2022,VESTIDOS,5
16,2022,JEANS,187
16,2022,BUSOS,7
16,2022,SHORT,5
16,2022,CHAQUETAS,5
16,2022,CAMISAS,33
16,2022,PANTALON COLOR,71
16,2022,CAMISETAS,29
16,2022,POLOS,38
17,2021,BUSOS,2
17,2021,BERMUDA,5
17,2021,BLUSAS,17
17,2021,PANTALON COLOR,55
17,2021,JEANS,166
17,2021,CAMISETAS,31
17,2021,POLOS,21
17,2021,CAMISAS,23
17,2021,JOGGER,20
17,2021,CAMIBUSOS,7
17,2021,CHAQUETAS,2
17,2022,BLUSAS,57
17,2022,CAMISAS,71
17,2022,CHAQUETAS,10
17,2022,CAMISETAS,41
17,2022,CAMIBUSOS,8
17,2022,POLOS,83
17,2022,PANTALON COLOR,113
17,2022,SHORT,4
17,2022,CORREAS,4
17,2022,VESTIDOS,4
17,2022,JEANS,309
17,2022,BUSOS,21
17,2022,JOGGER,64
18,2020,JEANS,77
18,2020,BLUSAS,26
18,2020,CAMISAS,13
18,2020,BUSOS,2
18,2020,PANTALON COLOR,55
18,2020,POLOS,11
18,2020,CAMISETAS,17
18,2020,CAMIBUSOS,2
18,2021,BLUSAS,36
18,2021,CHAQUETAS,1
18,2021,JOGGER,16
18,2021,VESTIDOS,1
18,2021,CAMIBUSOS,10
18,2021,BUSOS,3
18,2021,CAMISETAS,58
18,2021,PANTALON COLOR,77
18,2021,JEANS,200
18,2021,TAPABOCAS,1
18,2021,CORREAS,2
18,2021,CAMISAS,47
18,2021,POLOS,24
18,2022,JOGGER,53
18,2022,CAMIBUSOS,7
18,2022,BUSOS,16
18,2022,CAMISAS,68
18,2022,VESTIDOS,5
18,2022,BLUSAS,58
18,2022,CHAQUETAS,5
18,2022,PANTALON COLOR,111
18,2022,SHORT,4
18,2022,POLOS,76
18,2022,CORREAS,2
18,2022,JEANS,438
18,2022,CAMISETAS,63
19,2020,TAPABOCAS,5
19,2020,VESTIDOS,2
19,2020,CAMIBUSOS,8
19,2020,JEANS,218
19,2020,CHAQUETAS,3
19,2020,CAMISETAS,31
19,2020,BUSOS,1
19,2020,POLOS,20
19,2020,PANTALON COLOR,109
19,2020,JOGGER,25
19,2020,BLUSAS,34
19,2020,CAMISAS,59
19,2021,CORREAS,4
19,2021,TAPABOCAS,3
19,2021,VESTIDOS,2
19,2021,CAMIBUSOS,19
19,2021,JOGGER,45
19,2021,JEANS,370
19,2021,CHAQUETAS,4
19,2021,CAMISETAS,103
19,2021,CAMISAS,86
19,2021,PANTALON COLOR,159
19,2021,POLOS,50
19,2021,BUSOS,4
19,2021,BLUSAS,56
19,2021,BERMUDA,6
19,2022,BUSOS,10
19,2022,SHORT,3
19,2022,CORREAS,7
19,2022,POLOS,60
19,2022,JOGGER,81
19,2022,VESTIDOS,5
19,2022,CAMIBUSOS,18
19,2022,JEANS,365
19,2022,CAMISETAS,74
19,2022,CAMISAS,54
19,2022,PANTALON COLOR,208
19,2022,BERMUDA,2
19,2022,CHAQUETAS,8
19,2022,BLUSAS,75
20,2020,CAMISETAS,35
20,2020,PANTALON COLOR,139
20,2020,CAMIBUSOS,12
20,2020,POLOS,29
20,2020,CORREAS,2
20,2020,JOGGER,20
20,2020,VESTIDOS,3
20,2020,JEANS,266
20,2020,TAPABOCAS,4
20,2020,CAMISAS,58
20,2020,BERMUDA,3
20,2020,BLUSAS,19
20,2020,CHAQUETAS,3
20,2021,BUSOS,10
20,2021,JEANS,616
20,2021,TAPABOCAS,4
20,2021,CORREAS,1
20,2021,CAMISAS,152
20,2021,JOGGER,58
20,2021,BERMUDA,4
20,2021,BLUSAS,101
20,2021,PANTALON COLOR,233
20,2021,POLOS,75
20,2021,CAMISETAS,125
20,2021,CAMIBUSOS,30
20,2021,VESTIDOS,7
20,2021,CHAQUETAS,2
20,2022,CAMISETAS,27
20,2022,SHORT,1
20,2022,CAMISAS,39
20,2022,VESTIDOS,3
20,2022,POLOS,35
20,2022,PANTALON COLOR,69
20,2022,CORREAS,1
20,2022,JEANS,253
20,2022,BUSOS,8
20,2022,CHAQUETAS,5
20,2022,BLUSAS,29
20,2022,JOGGER,32
20,2022,CAMIBUSOS,8
21,2021,CHAQUETAS,2
21,2021,CAMIBUSOS,14
21,2021,PANTALON COLOR,187
21,2021,BUSOS,9
21,2021,CORREAS,1
21,2021,BERMUDA,7
21,2021,JEANS,441
21,2021,TAPABOCAS,3
21,2021,JOGGER,55
21,2021,POLOS,66
21,2021,BLUSAS,58
21,2021,CAMISETAS,74
21,2021,CAMISAS,73
21,2022,JOGGER,51
21,2022,CORREAS,3
21,2022,POLOS,60
21,2022,PANTALON COLOR,103
21,2022,JEANS,403
21,2022,SHORT,4
21,2022,CAMIBUSOS,6
21,2022,VESTIDOS,3
21,2022,BLUSAS,63
21,2022,BUSOS,6
21,2022,CAMISETAS,56
21,2022,CAMISAS,50
21,2022,CHAQUETAS,8
22,2021,CAMIBUSOS,21
22,2021,CAMISAS,80
22,2021,CHAQUETAS,3
22,2021,BERMUDA,3
22,2021,JEANS,431
22,2021,POLOS,48
22,2021,JOGGER,33
22,2021,BLUSAS,58
22,2021,CAMISETAS,106
22,2021,TAPABOCAS,3
22,2021,VESTIDOS,2
22,2021,BUSOS,1
22,2021,PANTALON COLOR,196
22,2022,JOGGER,48
22,2022,VESTIDOS,4
22,2022,CAMIBUSOS,8
22,2022,BLUSAS,82
22,2022,POLOS,66
22,2022,CHAQUETAS,9
22,2022,CAMISETAS,41
22,2022,BUSOS,11
22,2022,PANTALON COLOR,109
22,2022,JEANS,364
22,2022,SHORT,1
22,2022,CORREAS,7
22,2022,CAMISAS,65
23,2020,JEANS,170
23,2020,JOGGER,4
23,2020,BLUSAS,43
23,2020,CAMIBUSOS,1
23,2020,CAMISAS,43
23,2020,BUSOS,2
23,2020,VESTIDOS,2
23,2020,CHAQUETAS,3
23,2020,POLOS,17
23,2020,PANTALON COLOR,84
23,2020,CAMISETAS,40
23,2021,TAPABOCAS,5
23,2021,VESTIDOS,3
23,2021,CAMIBUSOS,12
23,2021,CORREAS,3
23,2021,JOGGER,48
23,2021,CHAQUETAS,8
23,2021,JEANS,421
23,2021,CAMISETAS,74
23,2021,BERMUDA,7
23,2021,BLUSAS,59
23,2021,CAMISAS,76
23,2021,POLOS,44
23,2021,PANTALON COLOR,206
23,2021,BUSOS,6
23,2022,JOGGER,47
23,2022,PANTALON COLOR,109
23,2022,CHAQUETAS,4
23,2022,SHORT,2
23,2022,VESTIDOS,8
23,2022,CORREAS,4
23,2022,JEANS,307
23,2022,CAMIBUSOS,16
23,2022,POLOS,48
23,2022,BERMUDA,4
23,2022,CAMISETAS,63
23,2022,BUSOS,13
23,2022,BLUSAS,58
23,2022,CAMISAS,39
24,2020,TAPABOCAS,4
24,2020,CAMIBUSOS,19
24,2020,POLOS,78
24,2020,CORREAS,2
24,2020,CAMISETAS,59
24,2020,BUSOS,4
24,2020,JOGGER,53
24,2020,PANTALON COLOR,217
24,2020,JEANS,499
24,2020,BLUSAS,47
24,2020,BERMUDA,3
24,2020,CHAQUETAS,18
24,2020,CAMISAS,106
24,2021,JEANS,543
24,2021,CAMISETAS,109
24,2021,CAMIBUSOS,17
24,2021,VESTIDOS,3
24,2021,POLOS,77
24,2021,TAPABOCAS,1
24,2021,PANTALON COLOR,210
24,2021,BUSOS,4
24,2021,CAMISAS,125
24,2021,CORREAS,2
24,2021,BLUSAS,74
24,2021,BERMUDA,6
24,2021,CHAQUETAS,3
24,2021,JOGGER,52
24,2022,CAMISAS,69
24,2022,PANTALON COLOR,77
24,2022,POLOS,36
24,2022,CORREAS,1
24,2022,BUSOS,21
24,2022,JEANS,251
24,2022,SHORT,2
24,2022,CAMISETAS,56
24,2022,BERMUDA,1
24,2022,JOGGER,38
24,2022,CAMIBUSOS,12
24,2022,CHAQUETAS,8
24,2022,BLUSAS,44
24,2022,VESTIDOS,6
25,2020,JEANS,454
25,2020,CAMISETAS,51
25,2020,PANTALON COLOR,188
25,2020,POLOS,111
25,2020,BUSOS,4
25,2020,CAMISAS,159
25,2020,BLUSAS,39
25,2020,VESTIDOS,3
25,2020,CAMIBUSOS,18
25,2020,TAPABOCAS,10
25,2020,CHAQUETAS,12
25,2020,JOGGER,30
25,2021,BLUSAS,38
25,2021,BERMUDA,13
25,2021,CAMISAS,269
25,2021,POLOS,210
25,2021,CAMISETAS,161
25,2021,PANTALON COLOR,356
25,2021,JOGGER,102
25,2021,CORREAS,5
25,2021,TAPABOCAS,6
25,2021,JEANS,948
25,2021,CAMIBUSOS,102
25,2021,VESTIDOS,3
25,2021,CHAQUETAS,5
25,2022,CAMISETAS,115
25,2022,BUSOS,40
25,2022,POLOS,99
25,2022,CAMISAS,153
25,2022,BLUSAS,80
25,2022,CHAQUETAS,22
25,2022,CORREAS,9
25,2022,CAMIBUSOS,21
25,2022,JOGGER,117
25,2022,SHORT,11
25,2022,VESTIDOS,8
25,2022,JEANS,446
25,2022,PANTALON COLOR,197
26,2020,CHAQUETAS,6
26,2020,BLUSAS,17
26,2020,CAMISAS,99
26,2020,TAPABOCAS,8
26,2020,PANTALON COLOR,102
26,2020,VESTIDOS,3
26,2020,BUSOS,6
26,2020,JOGGER,14
26,2020,CAMISETAS,44
26,2020,POLOS,60
26,2020,CAMIBUSOS,12
26,2020,JEANS,247
26,2021,BERMUDA,2
26,2021,BLUSAS,49
26,2021,CAMISAS,183
26,2021,CHAQUETAS,4
26,2021,VESTIDOS,6
26,2021,JOGGER,62
26,2021,CAMIBUSOS,59
26,2021,TAPABOCAS,4
26,2021,CORREAS,6
26,2021,JEANS,576
26,2021,PANTALON COLOR,230
26,2021,CAMISETAS,97
26,2021,POLOS,105
26,2022,JOGGER,122
26,2022,VESTIDOS,2
26,2022,CAMIBUSOS,53
26,2022,CHAQUETAS,20
26,2022,BLUSAS,61
26,2022,POLOS,139
26,2022,JEANS,491
26,2022,PANTALON COLOR,196
26,2022,CORREAS,12
26,2022,CAMISAS,156
26,2022,CAMISETAS,148
26,2022,BUSOS,31
26,2022,SHORT,9
27,2020,CHAQUETAS,4
27,2020,BLUSAS,47
27,2020,VESTIDOS,2
27,2020,CAMIBUSOS,7
27,2020,JOGGER,8
27,2020,TAPABOCAS,7
27,2020,POLOS,30
27,2020,BUSOS,3
27,2020,PANTALON COLOR,128
27,2020,JEANS,235
27,2020,CAMISAS,63
27,2020,CAMISETAS,40
27,2021,CORREAS,6
27,2021,JOGGER,55
27,2021,TAPABOCAS,9
27,2021,CAMIBUSOS,25
27,2021,VESTIDOS,4
27,2021,JEANS,457
27,2021,CHAQUETAS,8
27,2021,CAMISAS,105
27,2021,BLUSAS,47
27,2021,BERMUDA,2
27,2021,CAMISETAS,79
27,2021,PANTALON COLOR,188
27,2021,POLOS,42
27,2022,JOGGER,57
27,2022,VESTIDOS,5
27,2022,CAMIBUSOS,20
27,2022,CORREAS,9
27,2022,SHORT,2
27,2022,CHAQUETAS,10
27,2022,JEANS,275
27,2022,BUSOS,17
27,2022,PANTALON COLOR,95
27,2022,CAMISAS,67
27,2022,CAMISETAS,99
27,2022,POLOS,46
27,2022,BLUSAS,42
28,2020,JOGGER,27
28,2020,PANTALON COLOR,130
28,2020,JEANS,218
28,2020,POLOS,21
28,2020,CAMIBUSOS,3
28,2020,TAPABOCAS,4
28,2020,BUSOS,4
28,2020,CORREAS,2
28,2020,VESTIDOS,1
28,2020,BLUSAS,20
28,2020,BERMUDA,4
28,2020,CHAQUETAS,8
28,2020,CAMISAS,57
28,2020,CAMISETAS,16
28,2021,CORREAS,3
28,2021,TAPABOCAS,1
28,2021,JEANS,439
28,2021,CAMIBUSOS,13
28,2021,CAMISETAS,104
28,2021,POLOS,25
28,2021,JOGGER,27
28,2021,VESTIDOS,3
28,2021,BUSOS,5
28,2021,PANTALON COLOR,137
28,2021,BERMUDA,9
28,2021,CAMISAS,85
28,2021,BLUSAS,70
28,2021,CHAQUETAS,3
28,2022,CAMISETAS,96
28,2022,PANTALON COLOR,148
28,2022,POLOS,54
28,2022,SHORT,2
28,2022,JEANS,388
28,2022,BUSOS,11
28,2022,CORREAS,5
28,2022,VESTIDOS,7
28,2022,CHAQUETAS,16
28,2022,BLUSAS,112
28,2022,CAMIBUSOS,14
28,2022,CAMISAS,48
28,2022,JOGGER,93
29,2020,BUSOS,4
29,2020,JEANS,227
29,2020,CORREAS,2
29,2020,CAMISAS,59
29,2020,CAMISETAS,37
29,2020,PANTALON COLOR,83
29,2020,POLOS,22
29,2020,CHAQUETAS,6
29,2020,JOGGER,18
29,2020,BLUSAS,35
29,2020,TAPABOCAS,4
29,2020,CAMIBUSOS,8
29,2020,VESTIDOS,1
29,2021,BLUSAS,66
29,2021,BUSOS,4
29,2021,CAMISAS,142
29,2021,POLOS,51
29,2021,PANTALON COLOR,208
29,2021,BERMUDA,9
29,2021,CAMISETAS,103
29,2021,CAMIBUSOS,19
29,2021,VESTIDOS,2
29,2021,JEANS,552
29,2021,TAPABOCAS,1
29,2021,JOGGER,58
29,2021,CORREAS,7
29,2021,CHAQUETAS,5
29,2022,BLUSAS,21
29,2022,CAMISETAS,36
29,2022,PANTALON COLOR,37
29,2022,POLOS,8
29,2022,BUSOS,10
29,2022,CAMISAS,28
29,2022,CAMIBUSOS,4
29,2022,SHORT,3
29,2022,CHAQUETAS,4
29,2022,JOGGER,42
29,2022,JEANS,137
30,2020,CAMISAS,12
30,2020,CHAQUETAS,1
30,2020,CAMISETAS,8
30,2020,BLUSAS,12
30,2020,JEANS,64
30,2020,BUSOS,1
30,2020,JOGGER,5
30,2020,PANTALON COLOR,13
30,2020,POLOS,18
30,2020,TAPABOCAS,2
30,2020,CAMIBUSOS,3
30,2021,BLUSAS,63
30,2021,CAMISAS,82
30,2021,CHAQUETAS,7
30,2021,PANTALON COLOR,132
30,2021,BERMUDA,3
30,2021,CORREAS,5
30,2021,POLOS,34
30,2021,VESTIDOS,4
30,2021,CAMIBUSOS,25
30,2021,JEANS,428
30,2021,TAPABOCAS,8
30,2021,JOGGER,44
30,2021,CAMISETAS,62
30,2022,CAMISAS,68
30,2022,CAMIBUSOS,11
30,2022,CHAQUETAS,8
30,2022,JOGGER,46
30,2022,BLUSAS,38
30,2022,BUSOS,9
30,2022,CAMISETAS,74
30,2022,PANTALON COLOR,83
30,2022,POLOS,32
30,2022,JEANS,248
30,2022,VESTIDOS,3
30,2022,CORREAS,2
30,2022,SHORT,7
31,2020,BLUSAS,16
31,2020,CAMIBUSOS,3
31,2020,TAPABOCAS,5
31,2020,CAMISETAS,34
31,2020,JOGGER,19
31,2020,CHAQUETAS,7
31,2020,JEANS,190
31,2020,PANTALON COLOR,69
31,2020,BUSOS,3
31,2020,CAMISAS,43
31,2020,POLOS,25
31,2021,JOGGER,40
31,2021,JEANS,441
31,2021,CHAQUETAS,1
31,2021,VESTIDOS,2
31,2021,TAPABOCAS,2
31,2021,CORREAS,3
31,2021,BERMUDA,5
31,2021,CAMISETAS,60
31,2021,CAMIBUSOS,28
31,2021,BLUSAS,59
31,2021,PANTALON COLOR,179
31,2021,POLOS,38
31,2021,CAMISAS,80
31,2021,BUSOS,2
31,2022,JOGGER,49
31,2022,CORREAS,2
31,2022,JEANS,281
31,2022,CHAQUETAS,14
31,2022,POLOS,45
31,2022,SHORT,7
31,2022,VESTIDOS,2
31,2022,CAMIBUSOS,10
31,2022,BUSOS,16
31,2022,CAMISAS,75
31,2022,PANTALON COLOR,78
31,2022,CAMISETAS,105
31,2022,BLUSAS,51
32,2020,JOGGER,2
32,2020,CAMIBUSOS,6
32,2020,BLUSAS,30
32,2020,CHAQUETAS,4
32,2020,CAMISAS,50
32,2020,POLOS,9
32,2020,TAPABOCAS,3
32,2020,PANTALON COLOR,85
32,2020,CAMISETAS,26
32,2020,JEANS,163
32,2021,BLUSAS,36
32,2021,BERMUDA,2
32,2021,CAMIBUSOS,13
32,2021,TAPABOCAS,3
32,2021,VESTIDOS,1
32,2021,JOGGER,30
32,2021,CHAQUETAS,4
32,2021,POLOS,27
32,2021,CAMISETAS,34
32,2021,JEANS,251
32,2021,CORREAS,2
32,2021,PANTALON COLOR,115
32,2021,CAMISAS,58
32,2021,BUSOS,2
32,2022,SHORT,2
32,2022,CHAQUETAS,8
32,2022,JEANS,305
32,2022,JOGGER,76
32,2022,CORREAS,4
32,2022,VESTIDOS,3
32,2022,CAMIBUSOS,7
32,2022,BLUSAS,97
32,2022,CAMISETAS,59
32,2022,BUSOS,13
32,2022,PANTALON COLOR,122
32,2022,CAMISAS,67
32,2022,POLOS,39
33,2020,CAMIBUSOS,7
33,2020,JOGGER,30
33,2020,CHAQUETAS,10
33,2020,JEANS,400
33,2020,TAPABOCAS,11
33,2020,CORREAS,1
33,2020,PANTALON COLOR,168
33,2020,VESTIDOS,3
33,2020,POLOS,26
33,2020,CAMISETAS,45
33,2020,BERMUDA,3
33,2020,CAMISAS,79
33,2020,BUSOS,5
33,2020,BLUSAS,61
33,2021,POLOS,62
33,2021,VESTIDOS,2
33,2021,PANTALON COLOR,181
33,2021,JEANS,508
33,2021,CAMIBUSOS,29
33,2021,CORREAS,5
33,2021,JOGGER,50
33,2021,CHAQUETAS,2
33,2021,CAMISETAS,109
33,2021,BUSOS,12
33,2021,BLUSAS,79
33,2021,BERMUDA,1
33,2021,CAMISAS,133
33,2022,CAMIBUSOS,13
33,2022,BUSOS,9
33,2022,VESTIDOS,2
33,2022,JOGGER,27
33,2022,PANTALON COLOR,56
33,2022,JEANS,168
33,2022,CAMISETAS,58
33,2022,CAMISAS,38
33,2022,POLOS,39
33,2022,CORREAS,7
33,2022,BERMUDA,2
33,2022,BLUSAS,44
33,2022,CHAQUETAS,10
34,2020,JEANS,161
34,2020,POLOS,22
34,2020,CAMISETAS,26
34,2020,PANTALON COLOR,54
34,2020,BUSOS,1
34,2020,TAPABOCAS,6
34,2020,CAMIBUSOS,4
34,2020,BLUSAS,30
34,2020,CHAQUETAS,1
34,2020,JOGGER,19
34,2020,CAMISAS,30
34,2021,PANTALON COLOR,132
34,2021,JEANS,449
34,2021,CAMISETAS,98
34,2021,CORREAS,1
34,2021,POLOS,43
34,2021,BUSOS,9
34,2021,CAMISAS,80
34,2021,JOGGER,28
34,2021,CHAQUETAS,3
34,2021,BLUSAS,47
34,2021,BERMUDA,4
34,2021,TAPABOCAS,4
34,2021,CAMIBUSOS,25
34,2021,VESTIDOS,6
34,2022,BUSOS,13
34,2022,SHORT,2
34,2022,CAMISAS,48
34,2022,CAMISETAS,94
34,2022,CORREAS,2
34,2022,POLOS,39
34,2022,PANTALON COLOR,88
34,2022,CAMIBUSOS,20
34,2022,JOGGER,39
34,2022,VESTIDOS,3
34,2022,BLUSAS,37
34,2022,JEANS,254
34,2022,CHAQUETAS,17
35,2020,POLOS,11
35,2020,CAMISETAS,24
35,2020,BLUSAS,25
35,2020,PANTALON COLOR,63
35,2020,BUSOS,2
35,2020,JEANS,169
35,2020,CAMIBUSOS,5
35,2020,CHAQUETAS,6
35,2020,JOGGER,25
35,2020,CAMISAS,37
35,2020,TAPABOCAS,6
35,2021,BERMUDA,5
35,2021,BLUSAS,54
35,2021,PANTALON COLOR,149
35,2021,CAMISAS,89
35,2021,CAMISETAS,93
35,2021,BUSOS,6
35,2021,POLOS,32
35,2021,JEANS,400
35,2021,JOGGER,28
35,2021,CORREAS,1
35,2021,TAPABOCAS,2
35,2021,VESTIDOS,1
35,2021,CAMIBUSOS,20
35,2021,CHAQUETAS,3
35,2022,CAMISAS,28
35,2022,CHAQUETAS,9
35,2022,JOGGER,32
35,2022,CORREAS,1
35,2022,VESTIDOS,1
35,2022,CAMIBUSOS,5
35,2022,BLUSAS,37
35,2022,BUSOS,19
35,2022,SHORT,1
35,2022,CAMISETAS,54
35,2022,JEANS,240
35,2022,PANTALON COLOR,64
35,2022,POLOS,31
36,2020,CAMIBUSOS,1
36,2020,CHAQUETAS,1
36,2020,JOGGER,9
36,2020,CAMISAS,64
36,2020,POLOS,22
36,2020,PANTALON COLOR,105
36,2020,BLUSAS,28
36,2020,CAMISETAS,33
36,2020,JEANS,192
36,2020,BUSOS,2
36,2020,TAPABOCAS,1
36,2021,BLUSAS,35
36,2021,CAMIBUSOS,11
36,2021,JOGGER,23
36,2021,BERMUDA,1
36,2021,JEANS,228
36,2021,CHAQUETAS,6
36,2021,TAPABOCAS,1
36,2021,PANTALON COLOR,110
36,2021,CORREAS,2
36,2021,CAMISAS,54
36,2021,CAMISETAS,58
36,2021,POLOS,25
36,2022,CORREAS,2
36,2022,CAMIBUSOS,8
36,2022,VESTIDOS,2
36,2022,BLUSAS,35
36,2022,CHAQUETAS,2
36,2022,JOGGER,28
36,2022,BUSOS,11
36,2022,CAMISAS,59
36,2022,BERMUDA,1
36,2022,SHORT,1
36,2022,PANTALON COLOR,91
36,2022,CAMISETAS,58
36,2022,POLOS,27
36,2022,JEANS,244
37,2020,TAPABOCAS,8
37,2020,CORREAS,1
37,2020,CHAQUETAS,9
37,2020,CAMISETAS,39
37,2020,BUSOS,5
37,2020,CAMIBUSOS,9
37,2020,JEANS,428
37,2020,VESTIDOS,1
37,2020,JOGGER,26
37,2020,BLUSAS,36
37,2020,BERMUDA,3
37,2020,PANTALON COLOR,171
37,2020,POLOS,37
37,2020,CAMISAS,112
37,2021,CORREAS,5
37,2021,JOGGER,25
37,2021,CHAQUETAS,2
37,2021,JEANS,326
37,2021,PANTALON COLOR,149
37,2021,CAMIBUSOS,12
37,2021,VESTIDOS,1
37,2021,CAMISETAS,46
37,2021,CAMISAS,64
37,2021,POLOS,42
37,2021,BUSOS,2
37,2021,BLUSAS,54
37,2021,BERMUDA,3
37,2022,SHORT,4
37,2022,JOGGER,74
37,2022,PANTALON COLOR,100
37,2022,JEANS,273
37,2022,CORREAS,6
37,2022,VESTIDOS,2
37,2022,CAMIBUSOS,12
37,2022,POLOS,38
37,2022,CAMISAS,49
37,2022,CAMISETAS,61
37,2022,BUSOS,13
37,2022,BLUSAS,47
37,2022,CHAQUETAS,14
38,2020,BUSOS,11
38,2020,CAMIBUSOS,20
38,2020,JEANS,464
38,2020,JOGGER,67
38,2020,BLUSAS,47
38,2020,CHAQUETAS,13
38,2020,BERMUDA,9
38,2020,TAPABOCAS,4
38,2020,CAMISETAS,65
38,2020,POLOS,57
38,2020,VESTIDOS,13
38,2020,CORREAS,1
38,2020,PANTALON COLOR,186
38,2020,CAMISAS,90
38,2021,CAMISAS,126
38,2021,CORREAS,2
38,2021,CAMISETAS,154
38,2021,JEANS,475
38,2021,POLOS,84
38,2021,PANTALON COLOR,176
38,2021,BUSOS,9
38,2021,BERMUDA,9
38,2021,CAMIBUSOS,34
38,2021,VESTIDOS,1
38,2021,BLUSAS,84
38,2021,CHAQUETAS,12
38,2021,JOGGER,45
38,2022,POLOS,49
38,2022,PANTALON COLOR,68
38,2022,CORREAS,3
38,2022,JEANS,230
38,2022,CAMISETAS,83
38,2022,BUSOS,23
38,2022,CAMISAS,45
38,2022,CHAQUETAS,13
38,2022,BLUSAS,42
38,2022,VESTIDOS,3
38,2022,JOGGER,28
38,2022,BERMUDA,3
38,2022,CAMIBUSOS,14
39,2020,CAMISETAS,45
39,2020,PANTALON COLOR,196
39,2020,BUSOS,5
39,2020,POLOS,32
39,2020,CAMISAS,113
39,2020,CAMIBUSOS,16
39,2020,BLUSAS,47
39,2020,BERMUDA,6
39,2020,CHAQUETAS,18
39,2020,JOGGER,47
39,2020,JEANS,410
39,2020,CORREAS,4
39,2020,VESTIDOS,19
39,2020,TAPABOCAS,4
39,2021,BLUSAS,80
39,2021,CAMISETAS,91
39,2021,CAMISAS,75
39,2021,PANTALON COLOR,141
39,2021,BERMUDA,2
39,2021,JEANS,370
39,2021,TAPABOCAS,1
39,2021,CAMIBUSOS,23
39,2021,POLOS,47
39,2021,BUSOS,14
39,2021,VESTIDOS,3
39,2021,JOGGER,19
39,2021,CORREAS,9
39,2021,CHAQUETAS,3
39,2022,CAMISETAS,91
39,2022,BERMUDA,3
39,2022,BLUSAS,48
39,2022,CHAQUETAS,13
39,2022,JOGGER,41
39,2022,CAMISAS,90
39,2022,BUSOS,25
39,2022,PANTALON COLOR,87
39,2022,CAMIBUSOS,10
39,2022,CORREAS,6
39,2022,JEANS,283
39,2022,SHORT,1
39,2022,POLOS,60
40,2020,BERMUDA,1
40,2020,BLUSAS,31
40,2020,CHAQUETAS,7
40,2020,CORREAS,1
40,2020,POLOS,40
40,2020,CAMISAS,73
40,2020,BUSOS,3
40,2020,CAMISETAS,54
40,2020,PANTALON COLOR,162
40,2020,CAMIBUSOS,6
40,2020,TAPABOCAS,6
40,2020,VESTIDOS,3
40,2020,JEANS,289
40,2020,JOGGER,21
40,2021,CHAQUETAS,6
40,2021,BERMUDA,3
40,2021,BLUSAS,39
40,2021,VESTIDOS,3
40,2021,CAMIBUSOS,9
40,2021,BUSOS,1
40,2021,CAMISETAS,38
40,2021,PANTALON COLOR,94
40,2021,JOGGER,21
40,2021,JEANS,230
40,2021,CORREAS,5
40,2021,POLOS,44
40,2021,CAMISAS,62
40,2022,CHAQUETAS,14
40,2022,JOGGER,15
40,2022,BUSOS,17
40,2022,CAMISAS,47
40,2022,PANTALON COLOR,88
40,2022,BERMUDA,1
40,2022,BLUSAS,43
40,2022,CAMIBUSOS,9
40,2022,VESTIDOS,1
40,2022,JEANS,224
40,2022,POLOS,45
40,2022,CORREAS,4
40,2022,CAMISETAS,60
41,2020,VESTIDOS,1
41,2020,TAPABOCAS,9
41,2020,CAMIBUSOS,18
41,2020,JEANS,230
41,2020,CHAQUETAS,5
41,2020,PANTALON COLOR,75
41,2020,JOGGER,13
41,2020,CAMISAS,44
41,2020,BLUSAS,28
41,2020,BUSOS,6
41,2020,CAMISETAS,28
41,2020,POLOS,26
41,2021,JEANS,388
41,2021,VESTIDOS,5
41,2021,BLUSAS,63
41,2021,CORREAS,2
41,2021,JOGGER,27
41,2021,CHAQUETAS,3
41,2021,TAPABOCAS,1
41,2021,CAMIBUSOS,28
41,2021,CAMISAS,101
41,2021,BUSOS,1
41,2021,BERMUDA,4
41,2021,PANTALON COLOR,146
41,2021,CAMISETAS,86
41,2021,POLOS,59
41,2022,JOGGER,63
41,2022,CAMIBUSOS,10
41,2022,CORREAS,5
41,2022,CAMISAS,49
41,2022,CAMISETAS,68
41,2022,POLOS,36
41,2022,JEANS,287
41,2022,SHORT,1
41,2022,PANTALON COLOR,110
41,2022,VESTIDOS,3
41,2022,CHAQUETAS,7
41,2022,BLUSAS,53
41,2022,BUSOS,16
42,2020,BUSOS,5
42,2020,JOGGER,42
42,2020,CORREAS,3
42,2020,PANTALON COLOR,233
42,2020,POLOS,49
42,2020,JEANS,583
42,2020,CAMISETAS,76
42,2020,CHAQUETAS,12
42,2020,CAMIBUSOS,29
42,2020,TAPABOCAS,5
42,2020,VESTIDOS,7
42,2020,CAMISAS,122
42,2020,BLUSAS,72
42,2020,BERMUDA,7
42,2021,VESTIDOS,4
42,2021,POLOS,68
42,2021,PANTALON COLOR,207
42,2021,TAPABOCAS,2
42,2021,CORREAS,5
42,2021,BUSOS,13
42,2021,BLUSAS,112
42,2021,CAMISAS,139
42,2021,JEANS,511
42,2021,CAMISETAS,100
42,2021,CAMIBUSOS,38
42,2021,CHAQUETAS,8
42,2021,JOGGER,34
42,2021,BERMUDA,4
42,2022,CAMISETAS,37
42,2022,JEANS,62
42,2022,CAMISAS,11
42,2022,VESTIDOS,1
42,2022,CAMIBUSOS,1
42,2022,BUSOS,1
42,2022,POLOS,5
42,2022,CORREAS,1
42,2022,PANTALON COLOR,9
42,2022,BERMUDA,2
42,2022,CHAQUETAS,6
42,2022,BLUSAS,16
42,2022,JOGGER,17
43,2020,BERMUDA,3
43,2020,CAMISETAS,49
43,2020,BUSOS,1
43,2020,POLOS,84
43,2020,PANTALON COLOR,188
43,2020,JEANS,502
43,2020,BLUSAS,41
43,2020,JOGGER,33
43,2020,CHAQUETAS,5
43,2020,CAMISAS,90
43,2020,VESTIDOS,5
43,2020,TAPABOCAS,2
43,2020,CORREAS,4
43,2020,CAMIBUSOS,18
43,2021,PANTALON COLOR,210
43,2021,CAMISAS,64
43,2021,BERMUDA,2
43,2021,BLUSAS,74
43,2021,CORREAS,6
43,2021,JOGGER,28
43,2021,POLOS,48
43,2021,CAMISETAS,72
43,2021,CHAQUETAS,5
43,2021,JEANS,390
43,2021,CAMIBUSOS,25
43,2021,VESTIDOS,1
43,2021,TAPABOCAS,1
44,2020,POLOS,29
44,2020,JOGGER,33
44,2020,CAMISETAS,52
44,2020,CAMIBUSOS,11
44,2020,PANTALON COLOR,164
44,2020,CORREAS,1
44,2020,JEANS,374
44,2020,VESTIDOS,7
44,2020,BERMUDA,3
44,2020,BUSOS,1
44,2020,BLUSAS,43
44,2020,CAMISAS,78
44,2020,CHAQUETAS,8
44,2021,BUSOS,1
44,2021,CORREAS,3
44,2021,POLOS,64
44,2021,CAMISETAS,95
44,2021,PANTALON COLOR,215
44,2021,VESTIDOS,9
44,2021,BLUSAS,62
44,2021,CHAQUETAS,1
44,2021,JEANS,445
44,2021,BERMUDA,6
44,2021,CAMISAS,90
44,2021,JOGGER,54
44,2021,CAMIBUSOS,21
45,2020,BLUSAS,25
45,2020,TAPABOCAS,4
45,2020,JOGGER,3
45,2020,CHAQUETAS,3
45,2020,PANTALON COLOR,95
45,2020,JEANS,158
45,2020,CAMIBUSOS,9
45,2020,BUSOS,2
45,2020,CAMISETAS,17
45,2020,POLOS,13
45,2020,CAMISAS,87
45,2021,CHAQUETAS,2
45,2021,CORREAS,3
45,2021,JOGGER,13
45,2021,TAPABOCAS,2
45,2021,CAMIBUSOS,11
45,2021,JEANS,293
45,2021,POLOS,42
45,2021,PANTALON COLOR,101
45,2021,BUSOS,3
45,2021,BLUSAS,39
45,2021,CAMISAS,55
45,2021,CAMISETAS,40
45,2021,BERMUDA,2
45,2022,CHAQUETAS,4
45,2022,VESTIDOS,4
45,2022,PANTALON COLOR,116
45,2022,JEANS,345
45,2022,CAMIBUSOS,23
45,2022,CAMISAS,44
45,2022,POLOS,44
45,2022,BUSOS,4
45,2022,CAMISETAS,58
45,2022,JOGGER,60
45,2022,BLUSAS,36
46,2020,TAPABOCAS,8
46,2020,CAMISETAS,57
46,2020,CAMISAS,93
46,2020,BERMUDA,4
46,2020,JOGGER,38
46,2020,VESTIDOS,5
46,2020,PANTALON COLOR,205
46,2020,CAMIBUSOS,14
46,2020,POLOS,52
46,2020,BUSOS,5
46,2020,JEANS,556
46,2020,BLUSAS,68
46,2020,CHAQUETAS,10
46,2021,BUSOS,17
46,2021,JEANS,670
46,2021,CAMIBUSOS,45
46,2021,CAMISETAS,147
46,2021,VESTIDOS,8
46,2021,TAPABOCAS,4
46,2021,JOGGER,58
46,2021,PANTALON COLOR,301
46,2021,CORREAS,5
46,2021,POLOS,93
46,2021,CAMISAS,144
46,2021,BERMUDA,7
46,2021,BLUSAS,98
46,2021,CHAQUETAS,4
46,2022,BUSOS,14
46,2022,PANTALON COLOR,75
46,2022,SHORT,4
46,2022,CORREAS,3
46,2022,JOGGER,30
46,2022,BLUSAS,27
46,2022,CAMISAS,30
46,2022,POLOS,35
46,2022,JEANS,167
46,2022,CAMISETAS,47
46,2022,CAMIBUSOS,13
46,2022,BERMUDA,1
46,2022,CHAQUETAS,8
47,2020,CAMISAS,125
47,2020,JEANS,658
47,2020,POLOS,63
47,2020,BUSOS,8
47,2020,CAMISETAS,76
47,2020,BLUSAS,57
47,2020,CAMIBUSOS,10
47,2020,PANTALON COLOR,221
47,2020,BERMUDA,12
47,2020,JOGGER,95
47,2020,CORREAS,3
47,2020,VESTIDOS,2
47,2020,TAPABOCAS,2
47,2020,CHAQUETAS,8
47,2021,BERMUDA,1
47,2021,CAMISETAS,89
47,2021,BLUSAS,81
47,2021,PANTALON COLOR,198
47,2021,VESTIDOS,4
47,2021,CAMISAS,113
47,2021,POLOS,55
47,2021,BUSOS,7
47,2021,CAMIBUSOS,28
47,2021,JEANS,567
47,2021,JOGGER,67
47,2021,CHAQUETAS,3
47,2021,CORREAS,3
48,2020,CHAQUETAS,9
48,2020,VESTIDOS,3
48,2020,CAMIBUSOS,13
48,2020,TAPABOCAS,11
48,2020,BLUSAS,88
48,2020,BERMUDA,8
48,2020,BUSOS,6
48,2020,JEANS,826
48,2020,JOGGER,70
48,2020,CAMISETAS,99
48,2020,POLOS,71
48,2020,CORREAS,2
48,2020,CAMISAS,164
48,2020,PANTALON COLOR,291
48,2021,CHAQUETAS,1
48,2021,JOGGER,91
48,2021,BERMUDA,6
48,2021,CAMISETAS,135
48,2021,CAMISAS,127
48,2021,BUSOS,12
48,2021,CORREAS,4
48,2021,VESTIDOS,4
48,2021,CAMIBUSOS,36
48,2021,BLUSAS,84
48,2021,POLOS,61
48,2021,JEANS,552
48,2021,PANTALON COLOR,242
49,2020,BUSOS,6
49,2020,BERMUDA,8
49,2020,BLUSAS,62
49,2020,CAMISAS,94
49,2020,CAMISETAS,66
49,2020,POLOS,52
49,2020,JOGGER,32
49,2020,CHAQUETAS,4
49,2020,CAMIBUSOS,11
49,2020,JEANS,487
49,2020,PANTALON COLOR,148
49,2020,TAPABOCAS,5
49,2021,CHAQUETAS,3
49,2021,BLUSAS,61
49,2021,BERMUDA,5
49,2021,CAMISAS,106
49,2021,PANTALON COLOR,180
49,2021,CORREAS,8
49,2021,JEANS,471
49,2021,POLOS,48
49,2021,TAPABOCAS,2
49,2021,CAMIBUSOS,16
49,2021,BUSOS,8
49,2021,JOGGER,60
49,2021,CAMISETAS,74
49,2022,BLUSAS,24
49,2022,BERMUDA,2
49,2022,CAMISAS,25
49,2022,JOGGER,20
49,2022,JEANS,146
49,2022,CAMIBUSOS,4
49,2022,BUSOS,2
49,2022,PANTALON COLOR,82
49,2022,VESTIDOS,2
49,2022,POLOS,17
49,2022,CAMISETAS,28
49,2022,CORREAS,1
50,2020,CAMIBUSOS,18
50,2020,VESTIDOS,3
50,2020,JOGGER,74
50,2020,CHAQUETAS,9
50,2020,BLUSAS,71
50,2020,BERMUDA,5
50,2020,CAMISAS,110
50,2020,POLOS,56
50,2020,TAPABOCAS,9
50,2020,CORREAS,3
50,2020,PANTALON COLOR,244
50,2020,BUSOS,5
50,2020,CAMISETAS,66
50,2020,JEANS,477
50,2021,CAMIBUSOS,24
50,2021,VESTIDOS,2
50,2021,BLUSAS,48
50,2021,JOGGER,47
50,2021,TAPABOCAS,1
50,2021,POLOS,60
50,2021,CORREAS,5
50,2021,CAMISETAS,84
50,2021,PANTALON COLOR,156
50,2021,JEANS,443
50,2021,BERMUDA,9
50,2021,BUSOS,3
50,2021,CAMISAS,100
50,2022,CORREAS,4
50,2022,JOGGER,48
50,2022,SHORT,1
50,2022,CAMIBUSOS,9
50,2022,VESTIDOS,2
50,2022,JEANS,234
50,2022,CHAQUETAS,7
50,2022,POLOS,62
50,2022,CAMISETAS,61
50,2022,PANTALON COLOR,98
50,2022,BUSOS,18
50,2022,BLUSAS,50
50,2022,CAMISAS,52
51,2020,TAPABOCAS,19
51,2020,CORREAS,1
51,2020,CAMIBUSOS,43
51,2020,VESTIDOS,10
51,2020,CHAQUETAS,19
51,2020,JEANS,1523
51,2020,CAMISAS,382
51,2020,JOGGER,155
51,2020,BUSOS,18
51,2020,CAMISETAS,248
51,2020,PANTALON COLOR,669
51,2020,POLOS,204
51,2020,BLUSAS,163
51,2021,PANTALON COLOR,513
51,2021,CORREAS,9
51,2021,JOGGER,124
51,2021,POLOS,263
51,2021,BUSOS,59
51,2021,VESTIDOS,2
51,2021,JEANS,1438
51,2021,CAMIBUSOS,83
51,2021,BLUSAS,200
51,2021,BERMUDA,13
51,2021,CHAQUETAS,11
51,2021,CAMISETAS,413
51,2021,CAMISAS,366
52,2020,JOGGER,177
52,2020,CAMIBUSOS,37
52,2020,BLUSAS,210
52,2020,CHAQUETAS,12
52,2020,VESTIDOS,8
52,2020,CORREAS,11
52,2020,JEANS,1621
52,2020,TAPABOCAS,18
52,2020,PANTALON COLOR,649
52,2020,POLOS,243
52,2020,CAMISETAS,285
52,2020,BUSOS,23
52,2020,CAMISAS,418
52,2021,BLUSAS,279
52,2021,CAMIBUSOS,132
52,2021,BERMUDA,18
52,2021,VESTIDOS,18
52,2021,CHAQUETAS,17
52,2021,JOGGER,135
52,2021,CAMISETAS,694
52,2021,CAMISAS,426
52,2021,BUSOS,82
52,2021,JEANS,2135
52,2021,CORREAS,20
52,2021,POLOS,420
52,2021,PANTALON COLOR,704
53,2020,CAMISAS,173
53,2020,BLUSAS,106
53,2020,CAMISETAS,88
53,2020,PANTALON COLOR,290
53,2020,POLOS,82
53,2020,BUSOS,14
53,2020,VESTIDOS,4
53,2020,CHAQUETAS,2
53,2020,CAMIBUSOS,23
53,2020,TAPABOCAS,8
53,2020,JOGGER,73
53,2020,JEANS,694
53,2020,CORREAS,2
53,2021,CAMISAS,170
53,2021,CHAQUETAS,8
53,2021,BLUSAS,133
53,2021,JOGGER,64
53,2021,CAMISETAS,265
53,2021,BERMUDA,18
53,2021,BUSOS,22
53,2021,PANTALON COLOR,398
53,2021,JEANS,1052
53,2021,CORREAS,7
53,2021,POLOS,141
53,2021,CAMIBUSOS,50
